순번,회사명,대표자명,생산품,공장대표주소(도로명),업종명
1, (주)제이앤스테크,유홍헌,"조명기구,공기청정기","서울특별시 영등포구 선유로 70, 10층 1002호 (문래동3가, 우리벤처타운2)",일반용조명장치제조업 외 1 종
2,(사)장애인노동진흥회(행복한나무),최성준,"인쇄물,출판물,진행문서화일",서울특별시 영등포구 양산로 96 (당산동2가),문구용 종이제품 제조업 외 5 종
3,(사)한국장애인기업협회 인쇄사업단,김대균,인쇄물,서울특별시 영등포구 도림동 150-8번지,경 인쇄업 외 2 종
4,(주)가나이엔지,강재선,무선 송신기,"서울특별시 영등포구 경인로71길 70, 1005호~1006호 (문래동5가, 벽산디지털밸리)",기타 무선 통신장비 제조업 외 1 종
5,(주)가람아이앤씨,김태주,"산업용 콘트롤러, 통신기기","서울특별시 영등포구 당산로2길 12, 에이스테크노타워301 (문래동3가)",컴퓨터 제조업
6,(주)가시,강우석,"영상감지장치,보안용카메라,차량번호판독기","서울특별시 영등포구 경인로71길 70, B102호 (문래동5가, 벽산디지털밸리)",방송장비 제조업 외 1 종
7,(주)가을디에스,"신연희, 김택수","컴퓨터, 교육용로봇","서울특별시 영등포구 양평로30길 14, 705호, 706호(양평동6가) 705호, 706호","기타 측정, 시험, 항해, 제어 및 정밀기기 제조업 외 4 종"
8,(주)가이드삼정,문용만,조명장치,"서울특별시 영등포구 영신로 220, 14층 1411,1412 (영등포동8가, KnK디지털타워)",전시 및 광고용 조명장치 제조업 외 1 종
9,(주)가포아이엔지,김한일,공기압 맛사지기,"서울특별시 영등포구 경인로82길 3-4, 센터플러스 1116호 (문래동1가)",그 외 기타 의료용 기기 제조업
10,(주)강서화학공업사,한갑현,"샴푸, 유황, 비누, 세제","서울특별시 영등포구 당산로29길 5-1, 601호 (당산동3가, 삼일빌딩)",계면활성제 제조업 외 1 종
11,(주)건민이앤씨,박병윤,하수슬러지건조기,서울특별시 영등포구 선유로35길 21 (양평동3가),그 외 기타 일반목적용 기계 제조업 외 1 종
12,(주)경덕레이져,김찬수,금속가공제품,서울특별시 영등포구 선유로 1 (문래동5가) (총 2 필지) 외 1필지,그 외 기타 금속가공업
13,(주)경인열기엔지니어링,이상원,방폭 UVS,"서울특별시 영등포구 경인로 775, 1동 15층 1508호, B170호 (문래동3가, 에이스하이테크시티)","산업용 오븐, 노 및 노용 버너 제조업 외 1 종"
14,(주)굿센,박연정,"CCTV, 전산업무, 기타주변기기","서울특별시 영등포구 대림로39길 5, 1층(대림동)",방송장비 제조업 외 3 종
15,(주)그린도트,이화진,"전기차 충전기, BSS (Battery Swap Staion), 주차 관제 설비, 영상감시장치","서울특별시 영등포구 영등포로 150, (당산동1가, 생각공장 당산) C동 B2층 GP201호",기타 전기 변환장치 제조업 외 2 종
16,(주)그린엠티브이,김종호,스텐레스 레이저 가공,서울특별시 영등포구 도림로129길 3 (문래동2가),그 외 기타 분류 안된 금속 가공 제품 제조업 외 1 종
17,(주)그린온,조봉제,"초음파기화 방제기, 공기청정기","서울특별시 영등포구 양산로 57-5, 5층 506호 (양평동3가, 양평동 이노플렉스)",기체 여과기 제조업 외 4 종
18,(주)꼬모텍스타일,조영숙,넥타이,서울특별시 영등포구 도림로 281 (신길동),기타 편조의복 액세서리 제조업
19,(주)나래휴몰드,채희락,"섬유류(의류,가방,신발외)","서울특별시 영등포구 양산로 34, 2층 (양평동1가, 동신교통(주))",남자용 겉옷 제조업 외 30 종
20,(주)나루지엠에스,조승현,"의류, 가방 및 액세서리등","서울특별시 영등포구 여의대방로43가길 12, 지층 (신길동, 성문빌딩)",셔츠 및 블라우스 제조업 외 36 종
21,(주)남효에이앤에이,김균운,"광고물, 사인물","서울특별시 영등포구 문래로20길 60, 5층 503호 (문래동3가, 메가벤처타워)",금속 표시판 제조업
22,(주)네오비젼,유정식,영상디스플레이기기,"서울특별시 영등포구 선유로 130, 5층 501~503 (양평동3가)",컴퓨터 모니터 제조업
23,(주)넥스트림,"신재범,  정승화",데이터저장장치,"서울특별시 영등포구 당산로41길 11, SK V1 center (당산동4가) E동 B1층 B137호",기타 주변기기 제조업 외 1 종
24,(주)넥스트림,"신재범,정승화","디스크어레이, 디스크어레이","서울특별시 영등포구 당산로41길 11, W동 429호(당산동4가, 당산 SK V1 center)",기억장치 제조업 외 2 종
25,(주)노하우전기통신,"임창배, 양창화","무인안내시스템, 영상정보디스플레이장치, 컴퓨터서버, 특수목적컴퓨터, 비상경보기, 출입통제시스템, 컴퓨터서버, 비상경보기, 자동안내장치, 출입통제시스템, 구내방송장치, 교통관제시스템, 무인교통감시장치, 보안용카메라, 영상감시장치, 교통관제시스템, 무선송수신기, 무선통신송신기, 무선통신장치, 보안용카메라, 무인교통감시장치, 영상감시장치, 무인교통감시장치, 무인안내시스템, 영상정보디스플레이장치, 구내방송장치, 구내방송장치, 원격접속장치, 공정제어실험장치, 교육훈련장비(자동제어교육실습장비, 마이크로프로세스교육실습장비), 원격접속장치, 교육훈련장비(자동제어교육실습장비, 마이크로프로세스교육실습장비), 전자회로실험장치, 정보통신망실습장비, 계장제어장치, 모니터링장치, 빌딩자동제어장치, 조명용제어장치, 전력보호감시장치, 집중표시제어장치, 최대수요전력제어기, 조명용제어장치, 안내전광판, 열차행선안내장치, 비상경보기, 출입통제시스템, 출입통제시스템",서울특별시 영등포구 양산로 53 (양평동3가) 월드메르디앙비즈센터 408호,방송장비 제조업 외 72 종
26,(주)다산에스알,강순모,전원분배기,"서울특별시 영등포구 영신로 220, 1011~1012호(영등포동8가, KnK디지털타워) 1011~1012호",기타 음향기기 제조업
27,(주)다우어패럴,양윤수,스웨타,"서울특별시 영등포구 도림로41길 11-2 (대림동, 다우빌딩)",편조의복 제조업
28,(주)다원에프앤디,김혜정,도시락,"서울특별시 영등포구 영등포로72길 14, 지하1층 (신길동)",도시락류 제조업 외 1 종
29,(주)단왕,안병노,산업용 로봇,서울특별시 영등포구 문래동2가 2번지 지하1층,내연기관 화물자동차 및 특수목적용 자동차 제조업 외 6 종
30,(주)당신의파트너,김철웅,"사진, 인쇄물","서울특별시 영등포구 양평로30길 40, 1,2,지층 (양평동6가)",기타 인쇄업
31,(주)당신의파트너,김철웅,아크릴 제품,"서울특별시 영등포구 양평로30길 40, 5,6,7층 (양평동6가)",합성수지 및 기타 플라스틱 물질 제조업
32,(주)대광사업단,박선희,"분전반,배전반","서울특별시 영등포구 가마산로 501, 제나호 (신길동, 새마을금고)",배전반 및 전기 자동제어반 제조업
33,(주)대동압연,이창길,철선제품,"서울특별시 영등포구 양평로23길 8 (양평동5가, 대동압연공장) 외 1필지",철강선 제조업
34,(주)대선에이디테크,김복열,광고간판,서울특별시 영등포구 문래로 79-17 (문래동3가),전시 및 광고용 조명장치 제조업 외 4 종
35,(주)대양디앤티,차준보,전자도어록,"서울특별시 영등포구 도신로 75 (도림동, 연안빌딩)",일반철물 제조업
36,(주)대영계전,홍태원,"H2 Analyzer System, O2 Analyzer System",서울특별시 영등포구 경인로 775 (문래동3가) 에이스하이테크시티 1동 11층 1101호,산업처리공정 제어장비 제조업
37,(주)대원토탈테크씨앤씨,문연주,"간판및광고물, 철구조물, 명패",서울특별시 영등포구 경인로94길 5 (문래동1가),그 외 기타 분류 안된 금속 가공 제품 제조업 외 3 종
38,(주)대원특수코리아,박대석,여과기 제조,서울특별시 영등포구 도림로141길 28-1 (문래동4가),액체 여과기 제조업 외 1 종
39,(주)대원특수코리아,박대석,휠타하우징,서울특별시 영등포구 경인로80길 3-9 (문래동1가),액체 여과기 제조업
40,(주)대유기획인쇄,유보현,인쇄물,서울특별시 영등포구 영신로32길 17 (영등포동4가),기타 인쇄업 외 1 종
41,(주)대한프린테크,황선관,인쇄물,서울특별시 영등포구 선유로43가길 10 (양평동3가),기타 인쇄업 외 1 종
42,(주)대흥정보,"여범수,박기범",주차주제어장치,"서울특별시 영등포구 문래북로 116, 4층 404호 (문래동3가)",교통 신호장치 제조업
43,(주)더그린,김영심,"간판,현수막,깃발,오탁방지막,고무보트",서울특별시 영등포구 도신로19길 8 (도림동),간판 및 광고물 제조업 외 4 종
44,(주)델파,이종훈,"경찰조끼, 소방조끼, 가방, 남성여성용조끼","서울특별시 영등포구 영신로 22-15, 지하1층,1층,2층 (영등포동)",핸드백 및 지갑 제조업 외 11 종
45,(주)동광복층,채준석,"복층유리, 강화유리, 거울 등",서울특별시 영등포구 선유동1로 46 (당산동3가) (총 3 필지) 외 2필지,안전유리 제조업 외 1 종
46,(주)동일특수테크,이승훈,볼트피스,서울특별시 영등포구 양평로21가길 4 (양평동5가),볼트 및 너트류 제조업 외 2 종
47,(주)동일프론텍,황용흥,전기기계기구(테이블외),서울특별시 영등포구 선유로 176 (양평동3가),일반철물 제조업
48,(주)동해글로벌,윤재식,"학생복,단체복,근무복","서울특별시 영등포구 도신로 115, B1(도림동, 명신빌딩)","근무복, 작업복 및 유사의복 제조업 외 5 종"
49,(주)동해플러스,윤영하,"니트,스웨터 원단 및 제품","서울특별시 영등포구 신길로45길 3-1, B1 101호 (신길동)",편조원단 제조업 외 1 종
50,(주)두아,양경호,간판 및 내부사인,"서울특별시 영등포구 영신로 220, 3층 302호 (영등포동8가, KnK디지털타워)",간판 및 광고물 제조업
51,(주)두올테크,최철호,"카드리더기, 생체(지문)인식기","서울특별시 영등포구 당산로41길 11, SK V1 center (당산동4가) 이동 6층 602~604,비124호",기타 주변기기 제조업
52,(주)디비스,김언정,"PC, AIO,모니터","서울특별시 영등포구 경인로 775, 3동 5층 504 (문래동3가, 에이스하이테크시티)",컴퓨터 제조업 외 1 종
53,(주)디에스이앤티,양종만,"CCTV, F.D.F, 바닥형보행신호등, 교통신호제어기, 보행자버튼입력장치","서울특별시 영등포구 선유로3길 10, 하우스디비즈 409호, B1층 122호 (문래동5가)",유선 통신장비 제조업 외 2 종
54,(주)디에이케이,박종호,자동주차설비,"서울특별시 영등포구 양평로22길 21, B301호~B302호 (양평동5가)",승강기 제조업
55,(주)디엠아이시스템즈,김욱호,"서버컴퓨터, 스토리지, 모니터",서울특별시 영등포구 선유로49길 23 8층 801호,컴퓨터 제조업 외 2 종
56,(주)디엠티이씨,강대일,"배전반,계장제어장치,유량계,프로세스제어반","서울특별시 영등포구 양평로21길 26, 21층 2104호 (양평동5가)",배전반 및 전기 자동제어반 제조업 외 3 종
57,(주)디엠피테크,김성훈,,"서울특별시 영등포구 선유로13길 25, 비106~비109호 (문래동6가)",기타 가공 공작기계 제조업
58,(주)디젠,이길헌,디지탈프린터,"서울특별시 영등포구 선유로33길 15, 6층 602호 (양평동3가)",컴퓨터입·출력장치및기타주변기기제조업
59,(주)디지옵트론,정수봉,"전기통신제품, 선반용콘솔등","서울특별시 영등포구 경인로82길 3-4, 4층 401 (문래동1가, 센터플러스)",기타 무선 통신장비 제조업 외 1 종
60,(주)디텍터전자,박정호,전자기기,서울특별시 영등포구 선유로55길 11 (양평동4가),전기경보 및 신호장치 제조업
61,(주)디투넷,신동국,방송장비,"서울특별시 영등포구 양산로 43, 3층 307호 (양평동3가)",비디오 및 기타 영상기기 제조업 외 1 종
62,(주)럭슬,이성철,USB 메모리,"서울특별시 영등포구 당산로2길 12, 3층 303호 (문래동3가, 에이스테크노타워)",기억장치 제조업
63,(주)로그아이,윤창수,역무자동화기기,"서울특별시 영등포구 당산로 240 (당산동6가, 유상빌딩)",사무용 기계 및 장비 제조업
64,(주)로버텍,김현성,네트워크 스위치,"서울특별시 영등포구 영등포로5길 19 (양평동2가, 동아프라임밸리)",유선 통신장비 제조업 외 3 종
65,(주)로시,박형우,큐브로봇,"서울특별시 영등포구 선유로9길 10, 1616호(문래동6가, 문래 SK V1 center) 1616호",인형 및 장난감 제조업
66,(주)로얄라이프,전봉철,"침장, 피복","서울특별시 영등포구 선유로33길 15 (양평동3가) 7,B1층 701,704,B102,103,104호",침구 및 관련제품 제조업 외 17 종
67,(주)루멘라이텍,정우호,조명기구,"서울특별시 영등포구 양평로21가길 19, 우림라이온스밸리비동209 (양평동5가)",일반용 전기 조명장치 제조업
68,(주)리베로패션,이병두,여성의류,"서울특별시 영등포구 선유로49길 23, 312호 (양평동4가)","근무복, 작업복 및 유사의복 제조업 외 2 종"
69,(주)메드파크,박정복,치과용 골이식재,"서울특별시 영등포구 선유로13길 25, 1009~1010호 (문래동6가)",치과용 기기 제조업
70,(주)메디원헬스케어,이정선,화재대피용 구조손수건,"서울특별시 영등포구 영신로40길 5, 1층 (영등포동6가)",그 외 기타 의료용 기기 제조업
71,(주)명가이엔지,한홍근,두부제조기,서울특별시 영등포구 영등포로5길 45-1 (양평동2가),음ㆍ식료품 및 담배 가공기계 제조업
72,(주)명문의료기,김진왕,체험교육용품,"서울특별시 영등포구 선유로3길 10, 805호 (문래동5가)",그 외 기타 달리 분류되지 않은 제품 제조업 외 2 종
73,(주)명성벤딩,"김철성,왕명호",철구조물 벤딩,서울특별시 영등포구 경인로90길 5-3 (문래동1가),육상 금속 골조 구조재 제조업 외 1 종
74,(주)명신기어기공,이용현,기어감속기 및 인쇄기 코팅제품,서울특별시 영등포구 도림로141길 22 (문래동4가),기어 및 동력전달장치 제조업
75,(주)명진문화,김정만,인쇄물,"서울특별시 영등포구 경인로82길 3-4, 3층 307 (문래동1가, 센터플러스)",기타 인쇄업 외 1 종
76,(주)명진씨앤피,최영무,인쇄물,"서울특별시 영등포구 경인로82길 3-4, 6층 616호 (문래동1가, 센터플러스) 외 2필지",기타 인쇄업 외 4 종
77,(주)모던애드,김영심,"간판, 현수막, 깃발, 원단, 부직포, 피복, 용접봉, 명패, 고무보트","서울특별시 영등포구 선유로13길 25, 209호 (문래동6가)",간판 및 광고물 제조업 외 5 종
78,(주)문화예감,정종배,음향기기 등,"서울특별시 영등포구 양산로 57-5, 양평동이노플렉스405호 405호 (양평동3가)",그 외 기타 전자부품 제조업 외 8 종
79,(주)미도종합안전,이기수,"울타리, 광고물 등","서울특별시 영등포구 양산로 96, A24호 (당산동2가)",일반철물 제조업 외 3 종
80,(주)미도코리아,안민진,"자동차용후부반사판,표지판,광고물제작및 대행","서울특별시 영등포구 도영로7길 1 (도림동, 웅림물산)",기타자동차부품제조업 외 1 종
81,(주)미래엔에스,김유식,CCTV영상저장장치(NVR),"서울특별시 영등포구 선유로 146, 12층 1201 (양평동3가, 이앤씨드림타워)",방송장비 제조업
82,(주)미림테크,김종인,로타리 및 고속타발기,"서울특별시 영등포구 선유로13길 25, B105 (문래동6가)","고무, 화학섬유 및 플라스틱 성형기 제조업 외 1 종"
83,(주)미소아이티,김재욱,"CCTV,엠프(음성증폭기), 서버","서울특별시 영등포구 영신로 220 (영등포동8가) 602, 603호",방송장비 제조업 외 3 종
84,(주)미쉘베이스,서승범,보정속옷,"서울특별시 영등포구 경인로 775, 에이스하이테크시티 B 211호 (문래동3가)",속옷 및 잠옷 제조업
85,(주)미코인더스트리,이진호,자물쇄,"서울특별시 영등포구 양산로 43, 3층 311호 (양평동3가, 양평동우림 이 비지센타)",일반철물 제조업
86,(주)바스파워텍,박형철,배전반 및 전기자동제어반,"서울특별시 영등포구 선유로13길 25, 에이스하이테크시티2차 1304호 (문래동6가)",배전반 및 전기 자동제어반 제조업 외 2 종
87,(주)바이오믹스테크,윤소현,라떼베이수 외 76종,"서울특별시 영등포구 선유서로 17, 1층 1층 (문래동5가, 문래동 빅토리 테크노 타워)",아이스크림 및 기타 식용빙과류 제조업 외 6 종
88,(주)범우정보기술,이용철,"컴퓨터프린터,기타주변기기","서울특별시 영등포구 국회대로37길 23, 지하 1층 (당산동4가)",기타 주변기기 제조업 외 3 종
89,(주)베이넥스,연광흠,컴퓨터서버,"서울특별시 영등포구 당산로41길 11, B1층 102호 (당산동4가)",컴퓨터 제조업
90,(주)브리지텍,신경식,IPRON,"서울특별시 영등포구 국제금융로2길 32, 17층 일부 (여의도동)",유선 통신장비 제조업
91,(주)블루엔터프라이즈,이영철,스마트안전보조기,"서울특별시 영등포구 당산로47길 18, 지하 1층 (당산동6가)",기타 무선 통신장비 제조업
92,(주)비비크리스탈,이선형.현민섭,기념품,"서울특별시 영등포구 경인로77길 14 (문래동2가, 영문빌딩)",그 외 기타 유리제품 제조업 외 1 종
93,(주)비씨앤,유선미,"하이패스 시스템, 전자기 측정","서울특별시 영등포구 양산로 57-5 (양평동3가, 양평동 이노플렉스) 1동 11층 4호",유선 통신장비 제조업 외 1 종
94,(주)비에스파워,정병섭,"자동제어반,프로세스제어반,배전반","서울특별시 영등포구 양산로 156-1, 4층 (당산동1가, 신우빌딩)",배전반 및 전기 자동제어반 제조업 외 1 종
95,(주)비엔아이엔씨,"연광흠, 윤영웅",컴퓨터서버,"서울특별시 영등포구 당산로41길 11, SK V1 center (당산동4가) W동 12층 08호 외 3필지",컴퓨터 제조업
96,(주)비엔인더스트리,이재혁,차량번호인식 주차관제시스템,서울특별시 영등포구 양산로 43 (양평동3가) 양평동우림 이 비지센타 8층 812호,전기경보 및 신호장치 제조업 외 2 종
97,(주)비엔인더스트리,이재혁,차량번호인식 주차관제시스템,"서울특별시 영등포구 양산로 43, 810호(양평동3가, 양평동우림 이 비지센타)",전기경보 및 신호장치 제조업 외 2 종
98,(주)비젼이노텍 제2공장,김상곤,복합재료공구,"서울특별시 영등포구 선유서로 17, 3층 301호 (문래동5가, 문래동 빅토리 테크노 타워)",기타 가공 공작기계 제조업
99,(주)비주얼리서치,김창원,방송용 문자발생기,"서울특별시 영등포구 당산로41길 11, W동 709호,712호 (당산동4가)",방송장비 제조업
100,(주)비케이콘트롤스,"정교원,나정균",산업용 전기변환/보호/접속장치,"서울특별시 영등포구 문래로20길 60, 4층 401호 (문래동3가, 메가벤처타워)",기타 전기 변환장치 제조업 외 3 종
101,(주)사운드솔루션,이 홍,"방송장비,전원분배기,오디오앰프","서울특별시 영등포구 경인로 775, 4동 2층 201 (문래동3가, 에이스하이테크시티)",방송장비 제조업 외 1 종
102,(주)사운드허브,김민정,"음향기기, 전기설비브래킷",서울특별시 영등포구 경인로 775 (문래동3가) 에이스하이테크시티4동107호,기타 음향기기 제조업 외 1 종
103,(주)삼덕공사,전현섭,모형제작,"서울특별시 영등포구 문래로20길 60, 7층 703~705호 (문래동3가, 메가벤처타워)",전시용 모형 제조업
104,(주)삼성메탈,김형규,"스텐레스산화제품, 스텐레스발색제품, 산화녹청동판, 발색산화동판",서울특별시 영등포구 양평로21다길 13-1 (양평동5가),스크린 인쇄업
105,(주)삼현기획,이하헌,광고물,"서울특별시 영등포구 양평로28마길 7, 1층 (양평동6가, 대한정밀)",간판 및 광고물 제조업
106,(주)삼흥기공,이석현,산업용도물,"서울특별시 영등포구 선유서로 85 (양평동2가, 원진금형공업사)",절삭가공 및 유사처리업
107,(주)새로움아이,안나,전시 컨벤션 및 행사 대행업,"서울특별시 영등포구 양평로22길 21,  외 2필지(106-2,3) (양평동5가)","전시, 컨벤션 및 행사 대행업 외 10 종"
108,(주)서광씨앤에이,최봉한,"카다로그,전단지",서울특별시 영등포구 문래로 180 (영등포동4가),경 인쇄업 외 2 종
109,(주)서로가치,"이미진,손경근",인쇄물,"서울특별시 영등포구 영등포로13길 21 (양평동1가, BH메타플렉스 양평) 3층 304호",기타 인쇄업
110,(주)서울에프에이,김명현,전기자동제어반 판넬 등,"서울특별시 영등포구 대방천로 219, 1층 (신길동)",배전반 및 전기 자동제어반 제조업 외 2 종
111,(주)서울질화,위문섭,"차량부품(켐,로라)",서울특별시 영등포구 문래로 79-15 (문래동3가),금속 열처리업
112,(주)설산,김세영,"알루미나세라믹,전기보온밥통",서울특별시 영등포구 선유로 176 (양평동3가),도장 및 기타 피막처리업
113,(주)성신이엘,유현임,광고용램프및유사조명장치,"서울특별시 영등포구 대림로31길 26, 지하1층 (대림동, 성신광고산업빌딩)",전시 및 광고용 조명장치 제조업
114,(주)성우아이씨티,조성철,"ACU보드,CCTV카메라","서울특별시 영등포구 영등포로5길 19, 13층 1312 (양평동2가, 동아프라임밸리)",기기용 자동측정 및 제어장치 제조업 외 3 종
115,(주)성진지오텍,김규선,"계측기기부품, 토목계측","서울특별시 영등포구 당산로10길 19, 성진지오텍  (당산동1가)",그 외 기타 일반목적용 기계 제조업 외 1 종
116,(주)성진코스메틱스,김성신,화장용브러쉬,"서울특별시 영등포구 양산로 43, 9층 907호 (양평동3가, 양평동우림 이 비지센타)",비 및 솔 제조업
117,(주)세웅정보통신,장우진,유선통신장치,서울특별시 영등포구 양산로 57-5 (양평동3가) 이노플렉스 707호,유선 통신장비 제조업 외 1 종
118,(주)세일테크노,김중석,현미경류 등,"서울특별시 영등포구 당산로2길 12, 8층 806호 (문래동3가, 에이스테크노타워)",치과기공물 제조업 외 3 종
119,(주)세종아이엔피,이상수,프린터리본,"서울특별시 영등포구 양평로30길 14, 204호 (양평동6가)",기타 주변기기 제조업
120,(주)세지,김진기,플라스틱용기,서울특별시 영등포구 선유로9길 4 (문래동6가),포장용 플라스틱 성형용기 제조업
121,(주)세호영상,박석신,CCTV 장비 외,"서울특별시 영등포구 경인로 775, 3동 4층 405호 (문래동3가, 에이스하이테크시티)",유선 통신장비 제조업 외 4 종
122,(주)센린텍스,박주연,의류,"서울특별시 영등포구 도신로 139-7, 지하 (도림동)",남자용 겉옷 제조업 외 11 종
123,(주)소리지오,이현재,"흡음/방음부스, 흡음패널, 룸튜닝 제품","서울특별시 영등포구 선유서로24길 1, 1~2층 (양평동1가)",부직포 및 펠트 제조업 외 1 종
124,(주)소만사,김대환,방화벽장치,"서울특별시 영등포구 영신로 220, 9층 903 (영등포동8가, KnK디지털타워)",기타 주변기기 제조업
125,(주)송림코리아,박인종,펌프및압축기,"서울특별시 영등포구 경인로77가길 20 (문래동2가, 운수회관빌딩)",액체펌프제조업 외 5 종
126,(주)수도프리미엄엔지니어링,안 철,"살균탈취청정기,데이터수집장치","서울특별시 영등포구 선유로 70, 13층 1301호 (문래동3가, 우리벤처타운2)",기체 여과기 제조업
127,(주)수이엔에스,김영옥,"만주,화과자","서울특별시 영등포구 문래북로 58-8, 1층 (문래동3가)",떡류 제조업 외 1 종
128,(주)스마트메카,이명주,"정보통신단말기 개발, 통합보안시스템, RF READER, 통합보안 S/W, Access Controller",서울특별시 영등포구 선유로13길 25 6층 602호,기타 무선 통신장비 제조업 외 1 종
129,(주)스마트엔텍,이선명,"LED디스플레이, DID","서울특별시 영등포구 양산로 43, 6층 611 (양평동3가, 양평동우림 이 비지센타)",컴퓨터 모니터 제조업
130,(주)스마트테크놀로지,소재영,"공기열원히트펌프,지열히트펌프",서울특별시 영등포구 선유동1로 31-1 (양평동3가),산업용 냉장 및 냉동 장비 제조업 외 2 종
131,(주)스포닉스,이승재,무선심박수측정기,"서울특별시 영등포구 경인로71길 70, 601호 (문래동5가)",전기식 진단 및 요법 기기 제조업
132,(주)시스원,"이상훈, 서일종",출입국심사대 / 보안카메라 등,"서울특별시 영등포구 선유로9길 10, 1221호(문래동6가, 문래 SK V1 center) 1221호",컴퓨터 제조업 외 5 종
133,(주)신기능번개활수기,문태규,번개활수기,"서울특별시 영등포구 영등포로28길 5, 코오롱상가 3층 61호 (당산동1가)",액체 여과기 제조업
134,(주)신우디앤피,김진열,마스타인쇄,서울특별시 영등포구 영등포로34길 12 (영등포동4가),경 인쇄업 외 2 종
135,(주)신우유비코스,김문재,배전반 및 전기자동제어반,"서울특별시 영등포구 선유로13길 25, 301,302,320호(문래동6가, 에이스하이테크시티2차) (문래동6가)",배전반 및 전기 자동제어반 제조업
136,(주)신장메디칼,이민형,인공신장기정수장치 외 3,"서울특별시 영등포구 선유로 146, 이앤씨드림타워 709호 (양평동3가)",그 외 기타 의료용 기기 제조업 외 3 종
137,(주)신촌물산,전광진,인쇄,"서울특별시 영등포구 경인로82길 3-4, B2층 213 (문래동1가, 센터플러스)",경 인쇄업 외 2 종
138,(주)신한모드,김희모,유니품,서울특별시 영등포구 당산로31길 19 (당산동3가),남자용 겉옷 제조업 외 11 종
139,(주)신흥테크 티앤씨,이성관,출입카드,"서울특별시 영등포구 경인로 775, 1동 13층 1301 (문래동3가, 에이스하이테크시티)",기타 인쇄업 외 1 종
140,(주)싸이언스파크,김종인,기초과학실험기기,서울특별시 영등포구 선유서로21길 26 (양평동2가),"물질 검사, 측정 및 분석기구 제조업"
141,(주)싸인매니아,김경식,광고물,서울특별시 영등포구 양평로 158 (양평동5가),간판 및 광고물 제조업
142,(주)썬스타,심민선,수처리기기,"서울특별시 영등포구 양평로22길 21, A1206호, B206호 (양평동5가, 선유도 코오롱디지털타워)",액체 여과기 제조업 외 1 종
143,(주)씨앤에스라이트,성철민,LED경관조명,"서울특별시 영등포구 양평로21가길 19, 1층 101호 (양평동5가, 선유도 우림라이온스밸리B)",일반용 전기 조명장치 제조업
144,(주)씨앤에이시스템,박성진,"광 스위치, 광 컨버터, poe 스위치","서울특별시 영등포구 영신로 220, 1704호(영등포동8가, KnK디지털타워)",유선 통신장비 제조업 외 4 종
145,(주)씨에라인더스트리,박관선,중성자 차폐라이너 소재,"서울특별시 영등포구 양산로 43, 5층 509호 (양평동3가, 양평동우림 이 비지센타)",혼성 및 재생 플라스틱 소재 물질 제조업
146,(주)씨이피테크,임수창,3D 프린팅 시제품,서울특별시 영등포구 영신로 220 (영등포동8가) KNK디지털타워 208호,"컴퓨터 및 주변장치, 소프트웨어 도매업 외 2 종"
147,(주)씨젠텍,조재중,전자도어록,서울특별시 영등포구 도신로 73 (도림동),일반철물 제조업
148,(주)씨허브,송형진,"네트웍 IP카메라, 소프트웨어","서울특별시 영등포구 영신로 220, 6층 601 (영등포동8가, KnK디지털타워)",기타 주변기기 제조업
149,(주)아디포랩스,한성호,의료기기,"서울특별시 영등포구 양산로 43, 10층 1012 (양평동3가, 양평동우림 이 비지센타)",그 외 기타 의료용 기기 제조업
150,(주)아이엔조형디자인,김덕환,실물 모형 제작,"서울특별시 영등포구 선유로 146, 4층 401 (양평동3가, 이앤씨드림타워)",전시용 모형 제조업 외 12 종
151,(주)아이오코리아,이충수,CCTV,"서울특별시 영등포구 영중로 119 (영등포동8가, KT)",방송및무선통신기기제조업
152,(주)아이오티스페이스,이윤우,"전자칠판,전자교탁,기타주변기기, 영상정보디스플레이장치","서울특별시 영등포구 영등포로 150, (당산동1가) A동 7층 에이710,711,712,713호",기타 주변기기 제조업 외 1 종
153,(주)아이커머,"조상현, 서원교",유선통신장비 UR-700,"서울특별시 영등포구 경인로 775, 1동 11층 1106호 (문래동3가, 에이스하이테크시티) 1동 1106호",유선 통신장비 제조업
154,(주)아이테오솔루션즈,유태종,컴퓨터용 보안장치,"서울특별시 영등포구 양산로 43, 3층 308 (양평동3가, 양평동우림 이 비지센타)",기타 주변기기 제조업 외 2 종
155,(주)아이티마야,안두영,서버,서울특별시 영등포구 양평로21길 26 1동 22층 2203~2204호,컴퓨터 제조업
156,(주)안성기공,우순기,철곤제작,서울특별시 영등포구 경인로88길 9-7 (문래동1가),건설 및 채광용 기계장비 제조업
157,(주)알앤비죤,박상현,영상제어시스템,"서울특별시 영등포구 도림로 203 (대림동, 우리은행)",기타 광학기기 및 사진기 제조업
158,(주)알에프비젼,박용남,무선LAN브리지,"서울특별시 영등포구 선유로 146, 6층 614 (양평동3가, 이앤씨드림타워)",기타 무선 통신장비 제조업 외 1 종
159,(주)애드미러,안의선,"광고간판, 디스플레이 하드웨어, 아크릴가림막 외",서울특별시 영등포구 가마산로90길 17 (신길동),전시 및 광고용 조명장치 제조업 외 3 종
160,(주)앤티엔에스,이재구,시스템판넬,"서울특별시 영등포구 당산로2길 12, 2층 206호 (문래동3가, 에이스테크노타워)",배전반 및 전기 자동제어반 제조업
161,(주)에덴에셀,전영수,"의류, 모피제품","서울특별시 영등포구 대림로 191, 유림빌딩 3층 (대림동)",모피제품 제조업 외 1 종
162,(주)에드프레쉬,나성현,수산동물냉동품제조업,"서울특별시 영등포구 버드나루로12나길 48 (영등포동2가, 신단빌딩)",수산동물 냉동품 제조업
163,(주)에스씨라텍,최성수,전산라벨,서울특별시 영등포구 도신로48길 5-2 (신길동),기타 인쇄업 외 1 종
164,(주)에스씨엘사이언스,백세연,이노씰,"서울특별시 영등포구 선유로13길 25, 1206-1207호 (문래동6가)",체외 진단 시약 제조업 외 1 종
165,(주)에스아이에스전자,손동훈,방송수신기및기타영상음향,서울특별시 영등포구 양산로 96 (당산동2가),"방송수신기및기타영상,음향기기제조업"
166,(주)에스엘티지,이구현,인쇄기,"서울특별시 영등포구 경인로82길 3-4, 센터플러스 705 (문래동1가)",디지털 적층 성형기계 제조업 외 1 종
167,(주)에스엠팩토리,조신영,전시형 모형,"서울특별시 영등포구 선유로 146, 14층 1405, 1406, 1407호 (양평동3가, 이앤씨드림타워)",전시용 모형 제조업
168,(주)에스투윈,이상덕,경광봉,서울특별시 영등포구 선유로53길 34-8 (양평동4가),그 외 기타 달리 분류되지 않은 제품 제조업 외 1 종
169,(주)에스티산업,두진규,수경자재,서울특별시 영등포구 영등포로 24 (양평동2가),기체 여과기 제조업 외 4 종
170,(주)에어포스,천태진,POS제품,"서울특별시 영등포구 경인로 775, 1동 7층 721호 (문래동3가, 에이스하이테크시티)",컴퓨터 제조업 외 1 종
171,(주)에이마루,이은경,의류,"서울특별시 영등포구 선유로13길 25, 801호 (문래동6가)",편조의복 제조업 외 8 종
172,(주)에이스비주얼,홍진영,"광고물,인쇄물","서울특별시 영등포구 영신로 220, 4층 405,406호 (영등포동8가, KnK디지털타워)",간판 및 광고물 제조업
173,(주)에이앤에스개발,신동안,우산자동포장기,"서울특별시 영등포구 경인로 775, 1동 B2층 217 (문래동3가, 에이스하이테크시티)",그 외 기타 분류 안된 금속 가공 제품 제조업 외 3 종
174,(주)에이에스아이앤씨,연규성,인쇄용잉크,"서울특별시 영등포구 양산로 43, 4층 405호 (양평동3가, 양평동우림 이 비지센타)",인쇄잉크 및 회화용 물감 제조업
175,(주)에이이,이성재,액체여과기,"서울특별시 영등포구 선유로9길 10, 10층 1014호 (문래동6가)",액체 여과기 제조업
176,(주)에이치디비엔티,김용민,DIGITAL TIME DISPLAY 등,"서울특별시 영등포구 당산로41길 11, E동 709호 (당산동4가)",방송장비 제조업
177,(주)에코필,이동헌,LED 조명,"서울특별시 영등포구 양평로21가길 19, 2층 210호 (양평동5가)",기타 조명장치 제조업 외 1 종
178,(주)에프제이테크,이기주,"냉동저장용 실리카겔종자병, 냉동저장용 씨드케이스, 용량조절용 가압 나무주사기, 목편시료채취기","서울특별시 영등포구 영등포로9길 41, 지하1층 (양평동1가)",기타 산업용 유리제품 제조업 외 8 종
179,(주)엔에스네트웍스,김현륜,경인쇄물,"서울특별시 영등포구 양산로 43, 8층 801호 (양평동3가, 양평동우림 이 비지센타)",경 인쇄업 외 1 종
180,(주)엔에스네트웍스,김현륜,시계,"서울특별시 영등포구 양산로 53, 6층 603 (양평동3가, 월드메르디앙비즈센터)",시계 및 시계부품 제조업
181,(주)엔에스미디어,김경옥,터치모니터,"서울특별시 영등포구 양평로30길 14, 7층 709호 (양평동6가)",컴퓨터 모니터 제조업 외 2 종
182,(주)엘에스케이,이승권,전기판넬,서울특별시 영등포구 선유로13길 25 (문래동6가) 에이스하이테크시티2 B2층 B201~205호,배전반 및 전기 자동제어반 제조업 외 3 종
183,(주)엘이디월드,박재수,LED조명등기구,"서울특별시 영등포구 선유로22길 7 (양평동1가, 켄트통신(주))",전시 및 광고용 조명장치 제조업
184,(주)엘케이시스코,이기일,"카메라, CCTV 외","서울특별시 영등포구 선유로13길 25, 413호 (문래동6가)",방송장비 제조업 외 2 종
185,(주)엠비에스엔지니어링,강형주,계장제어장치,"서울특별시 영등포구 선유로33길 15, 601호(양평동3가, 에이스테크노타워)",배전반 및 전기 자동제어반 제조업 외 1 종
186,(주)엠씨에스텍,우희탁,RTU,"서울특별시 영등포구 영신로 220, 16층 1602호~1604호 (영등포동8가, KnK디지털타워)",산업처리공정 제어장비 제조업
187,(주)엠앤씨워터,현인숙,수용성 매스틱,"서울특별시 영등포구 경인로 775, 에이스하이테크시티 3 701 (문래동3가)",기타 식품 첨가물 제조업
188,(주)엠에스아이엔시,박정욱,"의류(남성,여성)","서울특별시 영등포구 대림로29나길 16, 2층 (대림동)",남자용 겉옷 제조업 외 3 종
189,(주)엠엔지이엔티,안성주,"빔프로젝터,전자칠판,태블릿PC,램프등","서울특별시 영등포구 양평로 98, 8층 (양평동4가)",기타 전기 변환장치 제조업 외 6 종
190,(주)영경수산,김수환,건어물가공품,서울특별시 영등포구 영등포로25길 28 (당산동1가),"수산동물 훈제, 조리 및 유사 조제식품 제조업"
191,(주)영공조명,전병우,조명기구,"서울특별시 영등포구 양평로 146 (양평동5가, 영공조명)",일반용 전기 조명장치 제조업 외 2 종
192,(주)영원이앤씨이,김현길,각종엔진세척조립,서울특별시 영등포구 국회대로54길 37-11 (영등포동2가),내연기관 제조업 외 12 종
193,(주)오성미디컴,이정원,기타영상음향기기 및 게임기 등,서울특별시 영등포구 도림제2동 231-19번지,기타 음향기기 제조업 외 2 종
194,(주)오성프리즘,박기배,업무용 수첩,"서울특별시 영등포구 경인로82길 3-4, 11층 1112호 (문래동1가, 센터플러스)",제책업 외 1 종
195,(주)오토베이스,황찬일,"plc제어판넬,통신데이타송수장치","서울특별시 영등포구 당산로2길 12, 2층 203호 (문래동3가, 에이스테크노타워)",배전반 및 전기 자동제어반 제조업
196,(주)우리들애농산물,전해룡,쌀,"서울특별시 영등포구 선유서로 17, 4층 . (문래동5가, 문래동 빅토리 테크노 타워)",곡물 도정업
197,(주)우성아이앤피,조수영,"OA가구, 인테리어가구","서울특별시 영등포구 영등포로5길 19, 8층 810호 (양평동2가, 동아프라임밸리)",기타 목재가구 제조업
198,(주)우신에프에이엔티,주찬,"티백포장기계,스틱포장기기,사면기,실험","서울특별시 영등포구 경인로82길 3-4, 5층 505호 (문래동1가, 센터플러스)","용기 세척, 포장 및 충전기 제조업"
199,(주)우진정밀,손길배,볼라드,서울특별시 영등포구 경인로78길 7-13 (문래동1가),그 외 기타 특수목적용 기계 제조업 외 14 종
200,(주)원프린텍,최창준,경인쇄,"서울특별시 영등포구 경인로82길 3-4, 2층 205 (문래동1가, 센터플러스)",경 인쇄업 외 3 종
201,(주)월드피앤에스,박용장,"충진기,캡핑기,라벨러,세병기",서울특별시 영등포구 양평로21나길 16 (양평동5가),"용기 세척, 포장 및 충전기 제조업"
202,(주)위너지,송용훈,실물모형,"서울특별시 영등포구 경인로 775, 에이스하이테크시티1-1105 (문래동3가)",전시용 모형 제조업
203,(주)윈미디텍,강명환,"CCTV, 전관방송 외","서울특별시 영등포구 경인로 775, B2층 제비206 (문래동3가, 에이스하이테크시티)",유선 통신장비 제조업 외 9 종
204,(주)유니월드이엔지,김경순,자동제어콘트롤박스제조,"서울특별시 영등포구 경인로82길 3-4, 712호 (문래동1가)",배전반 및 전기 자동제어반 제조업
205,(주)유니크미,곽희옥,화장품,"서울특별시 영등포구 양산로 53 (양평동3가) 월드메르디앙비즈센터 501호, 502호",화장품 제조업
206,(주)유엠아이옵틱스,김동관,의료기기 제조업,"서울특별시 영등포구 경인로82길 3 -4(문래동1가, 센터플러스) 4층 406호",그 외 기타 의료용 기기 제조업
207,(주)유진텍코퍼레이션,이준호,영사기 및 음향기기,"서울특별시 영등포구 선유로 70, 506호~507호 (문래동3가)","방송수신기및기타영상,음향기기제조업"
208,(주)유타렉스,이대웅,RFID,"서울특별시 영등포구 양평로24길 26, 티제이빌2층 티제이빌 2층 (양평동5가)",기타 무선 통신장비 제조업
209,(주)유한산기,김성호,"발전소부속품, 발전소부속품, 발전소부속품, 발전소부속품, 발전소부속품, 발전소부속품, 발전소부속품, 발전소부속품",서울특별시 영등포구 도림로141나길 32-2 (문래동4가),절삭가공 및 유사처리업 외 7 종
210,(주)윤성에스티,윤영성,절삭가공,서울특별시 영등포구 선유로 14 (문래동4가),절삭가공 및 유사처리업
211,(주)은진테일러,채기덕,연사,서울특별시 영등포구 도신로36길 4-1 (신길동),연사 및 가공사 제조업
212,(주)의성기어,김성우,기어,서울특별시 영등포구 선유로17길 31 (문래동6가),기어 및 동력전달장치 제조업
213,(주)이비젼텍,안장응,배전반,"서울특별시 영등포구 선유로 70, 3층 302호 (문래동3가, 우리벤처타운2)",배전반 및 전기 자동제어반 제조업
214,(주)이안일렉트로닉스,김덕종,"전자제품, 조명제품","서울특별시 영등포구 선유로13길 25, 1402호 (문래동6가)",일반용 전기 조명장치 제조업 외 2 종
215,(주)이안정공,김태준,자동화기계,서울특별시 영등포구 선유로 176 (양평동3가),"용기 세척, 포장 및 충전기 제조업"
216,(주)이우제책사,강성학,책제본,서울특별시 영등포구 당산로49길 25 (당산동6가),제책업
217,(주)이정애드,이병익,"간판, 광고물제작","서울특별시 영등포구 신길로 145, 1층,3층 (신길동)",간판 및 광고물 제조업 외 4 종
218,(주)이지비앤티,김한복,전기변환장치,"서울특별시 영등포구 영등포로5길 19, 9층 906호 (양평동2가, 동아프라임밸리)",기타 전기 변환장치 제조업 외 2 종
219,(주)이지코스,조동호,"기타화학제품,화장수,가향제,방향유","서울특별시 영등포구 양산로25길 11 (당산동3가, 솔내음장로교회)",그외기타전자부품제조업 외 4 종
220,(주)이트레이딩코리아,우성영,"통신장비부품(광모듈,미디어컨버터)","서울특별시 영등포구 영신로 220, 14층 1413호 (영등포동8가, KnK디지털타워)",유선 통신장비 제조업
221,(주)이티솔루션즈,구원모,신문,서울특별시 영등포구 양평로28가길 14(양평동6가),오프셋 인쇄업
222,(주)이프애드,이대훈,간판,"서울특별시 영등포구 양평로 158, 외 1필지 (양평동5가) 외 1필지",전시 및 광고용 조명장치 제조업 외 1 종
223,(주)이피엔씨테크,장성만,전해수 생성기,"서울특별시 영등포구 버드나루로 56, 201호 (영등포동7가, 오성빌딩)",그 외 기타 달리 분류되지 않은 제품 제조업 외 1 종
224,(주)이피엔씨테크원,조영일,전기분해 이온수기 등,"서울특별시 영등포구 영중로 138-1, 101-A호 (영등포동8가, 드림프라자)",그 외 기타 전기장비 제조업
225,(주)인성아이티,남궁훈,"로컬제어기, 컴퓨터서버 및 컴퓨터",서울특별시 영등포구 양평로22길 21 (양평동5가) 선유도 코오롱디지털타워 B110호,컴퓨터 제조업
226,(주)인터넷시큐리티,강형자,OTP외 보안통신장비,"서울특별시 영등포구 경인로 775, 1동 6층 604호 (문래동3가, 에이스하이테크시티)",그 외 기타 전자부품 제조업 외 1 종
227,(주)인티어리,조연호,산업용컴퓨터,"서울특별시 영등포구 영등포로5길 19, B1층 105 (양평동2가, 동아프라임밸리)",컴퓨터 제조업
228,(주)인파워이엔아이,이종호,낙뢰모니터링시스템,"서울특별시 영등포구 영등포로 109, 영등포유통상가 709호 (당산동2가)",기기용 자동측정 및 제어장치 제조업 외 1 종
229,(주)일일사프린트,이명조,인쇄물,"서울특별시 영등포구 경인로82길 3-4 (문래동1가, 센터플러스) B2층 212호 외 1필지",오프셋 인쇄업
230,(주)자바네트웍스,김태환,"CCTV,영상감시장치","서울특별시 영등포구 선유서로31길 3, 6층 602 (양평동3가, 솔버스 비즈타워)",방송장비 제조업 외 1 종
231,(주)장수커뮤니케이션즈,김현수,무선송수신기,"서울특별시 영등포구 양산로 57-5, 이노플렉스906호 (양평동3가)",유선 통신장비 제조업 외 6 종
232,(주)전시디자인한국모형,윤명균,모형제작,서울특별시 영등포구 당산로27길 17 (당산동3가),전시용 모형 제조업
233,(주)정민실업,이정인,정밀기계,"서울특별시 영등포구 선유서로 23, 1층 (문래동5가)",구조용 금속 판제품 및 공작물 제조업 외 7 종
234,(주)정석엔지니어링,한준택,배전반 컨트롤 박스,"서울특별시 영등포구 경인로71길 50, B동 2층 (문래동4가, 조흥힐그린)",배전반 및 전기 자동제어반 제조업
235,(주)정수메이커,김의찬,"기계 부품, 기계 부품","서울특별시 영등포구 도림로141라길 16-1, .(문래동4가)",주형 및 금형 제조업 외 2 종
236,(주)정오건기,이미용,"날붙이,공금속,조립금속",서울특별시 영등포구 버드나루로12가길 28 (영등포동2가),육상 금속 골조 구조재 제조업 외 3 종
237,(주)정우엔터프라이즈,김정화,필름슬리버,"서울특별시 영등포구 양산로 43, 3층 301호 (양평동3가, 양평동우림 이 비지센타)",치과기공물 제조업 외 3 종
238,(주)정우엠이엔티,정인수,"베드콘솔,너스콜,Area alram","서울특별시 영등포구 선유로 146, 3층 319 (양평동3가, 이앤씨드림타워)",그 외 기타 의료용 기기 제조업 외 2 종
239,(주)정진상공,윤경숙,고무밴드,서울특별시 영등포구 도림로53길 25 (대림동),세폭직물 제조업
240,(주)제스트전자,전종희,"컴퓨터, 액정 평판디스플레이, 컴퓨터모니터","서울특별시 영등포구 선유로9길 10, 13층 1301 (문래동6가)",컴퓨터 제조업 외 2 종
241,(주)제이티지,최홍묵,"컴퓨터,주변기기","서울특별시 영등포구 선유서로34길 11-6 (양평동3가, 우진빌딩)",컴퓨터 제조업
242,(주)제황,이익재,"명함, 인쇄물","서울특별시 영등포구 선유로13길 25, B116호 (문래동6가)",기타 인쇄업 외 1 종
243,(주)젤루텍,이두규,"PLD, 교환시설 및 광전송장비 외, 휴대폰충전보관함","서울특별시 영등포구 경인로 775, 1동 7층 722 (문래동3가, 에이스하이테크시티)",메모리용 전자집적회로 제조업 외 14 종
244,(주)조방실리콘,백옥자,"전열기기,전자부품",서울특별시 영등포구 대림로 185 (대림동),가정용전열기기제조업
245,(주)조은세이프,이명근,"GPS TRACKE, CDMA/LTE ROUTER, USB MODEM","서울특별시 영등포구 선유로 70, 3층 303 (문래동3가, 우리벤처타운2)",기타 무선 통신장비 제조업
246,(주)조은시스템,"김승남,김창윤","CCTV주변기기,경보 및 신호장치","서울특별시 영등포구 문래로 77, 외1필지 대동오피스텔 지하 105호 (문래동3가)",방송장비 제조업
247,(주)조인아트,송요안,광고물,"서울특별시 영등포구 경인로82길 3-4, 6층 618호 (문래동1가, 센터플러스)",스크린 인쇄업 외 1 종
248,(주)중앙기공,유재학,발전기부속품,서울특별시 영등포구 경인로78길 12 (문래동1가),그 외 기타 분류 안된 금속 가공 제품 제조업 외 20 종
249,(주)중원와이즈,홍순성,타일,"서울특별시 영등포구 선유서로34길 11-2, 문부빌딩 2층 (양평동3가)",타일 및 유사 비내화 요업제품 제조업
250,(주)지산아이엔씨,김광수,순번대기기,"서울특별시 영등포구 양산로19길 13-2, 신관4층 (당산동3가)",사무용 기계 및 장비 제조업
251,(주)지아이오멤버스,임경덕,"인쇄물, 광고물","서울특별시 영등포구 양평로21길 26, B1층 B102호 (양평동5가)",간판 및 광고물 제조업 외 2 종
252,(주)지아이피,김중희,"간판,광고물","서울특별시 영등포구 선유로53길 34-9, 1층 (양평동4가)",간판 및 광고물 제조업
253,(주)지엠디텔레콤,김창윤,다중화장치,"서울특별시 영등포구 양평로21길 26, 7층 708 (양평동5가)",유선 통신장비 제조업 외 1 종
254,(주)진영이엔지,이경상,"자동제어판넬, 대형표시기(디스플레이)","서울특별시 영등포구 양산로3길 15, 1층 (양평동3가)",배전반 및 전기 자동제어반 제조업
255,(주)진원하이테크,황인준,"렉크,탱크,금석판제품","서울특별시 영등포구 경인로71길 6 (문래동2가, 삼승빌딩)",구조용 금속 판제품 및 공작물 제조업
256,(주)참슬테크,정희연,"전기,전자부품","서울특별시 영등포구 양평로 149, 8층 806호 (양평동5가, 선유도 우림라이온스밸리A) 8층 806호",유선 통신장비 제조업 외 1 종
257,(주)참슬테크,정희연,"주차주제어장치, 차량인식기, 주차안내판, 주차요금계산기, 차량차단기, UPIS, 공동현관리더기, 원패스키, 전자식 전력량계, 주차유도카메라","서울특별시 영등포구 양평로 149 (양평동5가, 선유도 우림라이온스밸리A) A동 8층 802호",교통 신호장치 제조업 외 3 종
258,(주)창흥텔레콤,"진경미, 진병윤","방송, 영상기기 외","서울특별시 영등포구 경인로 775, 3동 7층 702호 (문래동3가, 에이스하이테크시티)",방송장비 제조업 외 11 종
259,(주)챈스아이,오영화,컴퓨터부품,"서울특별시 영등포구 선유로33길 15, 2층 205 (양평동3가)",그 외 기타 전자부품 제조업 외 3 종
260,(주)청류에프앤에스,김정수,"기체 여과기, 필터하우징",서울특별시 영등포구 경인로80길 3-9 (문래동1가),기체 여과기 제조업
261,(주)청정씨앤씨,김기석,무선수위조절기외4종,서울특별시 영등포구 도신로15다길 3 (도림동),액체 여과기 제조업 외 6 종
262,(주)칼렛바이오,권영삼,"종이테이, 골판지 및 판지 프린트 인쇄, 보냉, 보온용 완충제 ","서울특별시 영등포구 선유서로25길 28, 10층 1001-1002호 (양평동2가, 영등포 디스테이트) 10층 1001-1002호","적층, 합성 및 특수표면처리 종이 제조업 외 2 종"
263,(주)컨버전스스퀘어,정경문,"종합정보플랫폼 시스템용 지하철 행선안내기  브라켓, 종합정보플랫폼 시스템용 지하철 행선안내기  셋탑 ",서울특별시 영등포구 선유로 130 (양평동3가) 1동 4층 411호,방송장비 제조업 외 1 종
264,(주)케이,공석훈,"디지털사진인화장비, 사진 인화용지및 인화장비","서울특별시 영등포구 양산로 57-5, 8층층 804호 (양평동3가, 양평동 이노플렉스) 8층층 804호",사무용 기계 및 장비 제조업 외 1 종
265,(주)케이디텍,김남기,배터리충전기(복원기),"서울특별시 영등포구 영등포로5길 19, 9층 901호,902호,903호 (양평동2가, 동아프라임밸리)",컴퓨터 제조업 외 1 종
266,(주)케이에스센세이션,김민주,"인쇄, 출판","서울특별시 영등포구 국회대로66길 11, 퍼스텍빌딩 102호 (여의도동)",기타 인쇄업 외 1 종
267,(주)케이엘에스티,이후은,"버스정보시템, 철도차량부품","서울특별시 영등포구 영등포로 150(당산동1가, 생각공장 당산) B동 12층 13,14,15호",비디오 및 기타 영상기기 제조업 외 2 종
268,(주)켐에쎈,박태윤,드론,"서울특별시 영등포구 선유로13길 25, 에이스하이테크시티 2차 1408호 (문래동6가)",무인 항공기 및 무인 비행장치 제조업
269,(주)코니개발,이민식,"문구,스티커,편지지,노트 등","서울특별시 영등포구 양평로30길 14, 8층 801 (양평동6가)",문구용 종이제품 제조업
270,(주)코리아비티에스,장중언,리튬배터리팩,"서울특별시 영등포구 양산로 43, 11층 1110 (양평동3가, 양평동우림 이 비지센타)",운송장비용 이차전지 제조업 외 1 종
271,(주)코에스,고지훈,스마트정션박스 및 모니터링시스템,서울특별시 영등포구 양평로30길 14 (양평동6가) B1층 111호,기기용 자동측정 및 제어장치 제조업 외 1 종
272,(주)코지스테크,최광식,이화학실험기기,"서울특별시 영등포구 양산로1길 5-1 (양평동3가, 허리우드 하우스 D)","물질 검사, 측정 및 분석기구 제조업"
273,(주)코코시스템,강현희,비디오폰,"서울특별시 영등포구 도림로39길 13, 2층 (대림동)",유선 통신장비 제조업
274,(주)코쿤디자인,권영준,"광고용조명장치, 기타 가구제조업","서울특별시 영등포구 양평로21길 26, B1층 110 (양평동5가)",전시 및 광고용 조명장치 제조업 외 7 종
275,(주)퀘스타정보기술,이승우,"중.대형서버, 일체형 컴퓨터","서울특별시 영등포구 선유로 146, 4층 401호 (양평동3가, 이앤씨드림타워)",컴퓨터 제조업
276,(주)클루닉스,"권대석,서진우",컴퓨터,"서울특별시 영등포구 경인로 775, 1동 12층 1206 (문래동3가, 에이스하이테크시티) 1동 12층 1206호",컴퓨터 제조업
277,(주)태산에프앤씨,김경수,의류,"서울특별시 영등포구 경인로 775, 2동 8층 804호 (문래동3가, 에이스하이테크시티)",셔츠 및 블라우스 제조업 외 1 종
278,(주)태영바이오테크,유병철,동충하초 균사체 배양쌀,서울특별시 영등포구 당산로51길 23 (당산동6가),기타 곡물 가공품 제조업
279,(주)태일시스템 제1공장,이길헌,디지털 텍스타일 프린터,"서울특별시 영등포구 선유로33길 15, 지층 102호 (양평동3가), 103호, 104호 외 2필지","산업용 섬유 세척, 염색, 정리 및 가공 기계 제조업"
280,(주)테러스,"김기형,김기옥",효모분말,"서울특별시 영등포구 문래로20길 60, 7층 709호 (문래동3가, 메가벤처타워)",기타 식품 첨가물 제조업
281,(주)토산산업개발,박종명,건물창틀 외,"서울특별시 영등포구 국회대로54길 35 (영등포동2가, (주)토산산업개발사옥)",일반철물 제조업 외 2 종
282,(주)토퍼스엔지니어링,강전구,전기제어기 부분품,"서울특별시 영등포구 경인로 775, 1동 6층 602호 (문래동3가)",배전반 및 전기 자동제어반 제조업 외 2 종
283,(주)토퍼스엔지니어링,강전구,태양광발전장치,"서울특별시 영등포구 경인로 775, B2층 B205-1 (문래동3가, 에이스하이테크시티)",배전반 및 전기 자동제어반 제조업 외 5 종
284,(주)티디에이,권기탁,"방화막 비상폐쇄 유압브레이크 낙하제어 시스템, 무대기계, 무대조명","서울특별시 영등포구 선유로3길 10, 702호 (문래동5가)",그 외 기타 특수목적용 기계 제조업 외 5 종
285,(주)티아이지코리아,허진석,"WeGuardia ITU 100, WeGuardia ITU 200, WeGuardia ITU 300, WeGuardia ITU 1000, WeGuardia ITU 2000, WeGuardia ITU 3000, WeGuardia FW410","서울특별시 영등포구 경인로 775 (문래동3가, 에이스하이테크시티) 1동 7층 714호",유선 통신장비 제조업
286,(주)팅클발전소,홍성진,"전기변환장치,파워인버터,배터리충전기,ESS,리튬배터리뱅크,솔라충전컨트롤러","서울특별시 영등포구 양평로21가길 19, 비동 4층 411 (양평동5가, 선유도 우림라이온스밸리B)",기타 전기 변환장치 제조업
287,(주)파워비주얼,이현호,휴대폰 악세사리,"서울특별시 영등포구 양산로 96, A225호 (당산동2가)",기타 전기 변환장치 제조업 외 1 종
288,(주)퍼시픽카드,권오성,스마트카드인쇄,"서울특별시 영등포구 경인로82길 3-4, B101호 (문래동1가)",경 인쇄업 외 1 종
289,(주)포소드,마명철,"DVR, NVR, CCTV, 전화장비(통합배선반)","서울특별시 영등포구 영신로 220 (영등포동8가, KnK디지털타워) 7층 707호",방송장비 제조업 외 1 종
290,(주)포씨게이트,안광수.김진태,kiosk,"서울특별시 영등포구 양산로 43, 1108호(양평동3가, 양평동우림 이 비지센타)",기타 주변기기 제조업
291,(주)폰투조이,남궁경철,마스크,서울특별시 영등포구 영등포로5길 19 (양평동2가) 6층 601호~603호,기타 직물제품 제조업
292,(주)푸르게,이희재,인공지능 패트병 파쇄기,"서울특별시 영등포구 영등포로 109, 2층 라열 32호(당산동2가, 영등포유통상가)",그 외 기타 전자부품 제조업 외 1 종
293,(주)풍인무역,박영표,여성의류,"서울특별시 영등포구 문래동3가 54-66번지 에이스하이테크시티 지하동 2층 207호, 2동19층1901호, 1902호, 지하동2층208호 외 3필지",여자용 겉옷 제조업
294,(주)프러스상사,김재훈,철인,서울특별시 영등포구 선유로54길 16 (당산동6가),사무용 기계 및 장비 제조업 외 1 종
295,(주)프리스페이스,김영상,철물구조,서울특별시 영등포구 양평로28길 7 (양평동6가),육상 금속 골조 구조재 제조업 외 1 종
296,(주)플러스모던,박희민,"간판, 현수막,깃발,오탁방지막,고무보트","서울특별시 영등포구 도림로 462, 국화상가 지하층 제7호 (문래동3가)",간판 및 광고물 제조업 외 5 종
297,(주)피브트로,최진희,전기뜸질기,"서울특별시 영등포구 당산로 153-1, 지하1층 (당산동4가)",기타 가정용 전기기기 제조업
298,(주)하스오토메이션코리아,이태근,공작기계 및 치공구,서울특별시 영등포구 문래동3가 82-14번지,톱 및 호환성 공구 제조업 외 1 종
299,(주)하이덴탈코리아,김용락,자외선 소독기,"서울특별시 영등포구 경인로 775, 3동 6층 601호 (문래동3가, 에이스하이테크시티)",그 외 기타 의료용 기기 제조업
300,(주)하이엠디,이효진,"간판,현수막,깃발,오탁방지막,고무보트","서울특별시 영등포구 도림로 462, 지층6 (문래동3가, 국화맨션)",간판 및 광고물 제조업 외 5 종
301,(주)하이엠텍,조요환,화상회의장비,서울특별시 영등포구 여의대방로65길 12 (여의도동),기타 음향기기 제조업 외 1 종
302,(주)하이텍알앤디,김수길,방송장비 및 전자제품,"서울특별시 영등포구 영등포로5길 19, 6층 608호 (양평동2가, 동아프라임밸리)",방송장비 제조업 외 5 종
303,(주)한강기전,유원희,UPS,"서울특별시 영등포구 선유로33길 15, 4층 401 (양평동3가)",기타 전기 변환장치 제조업 외 1 종
304,(주)한국도로기술,위성동,도로포장자동조사장비차량,"서울특별시 영등포구 양산로 53, 4층 405호 (양평동3가, 월드메르디앙비즈센터)",기기용 자동측정 및 제어장치 제조업
305,(주)한국오존텍,하만수,"오존발생기, 공기정화기, 수처리기기 등",서울특별시 영등포구 경인로74길 7-4 (문래동1가),그 외 기타 전기장비 제조업 외 1 종
306,(주)한미이앤지,최오운,백필터,서울특별시 영등포구 경인로74길 7-4 (문래동1가),액체 여과기 제조업
307,(주)한보상사,문주길,"스티커,라벨","서울특별시 영등포구 경인로82길 3-4, 3층 315,315-1,316 (문래동1가, 센터플러스)",오프셋 인쇄업 외 1 종
308,(주)한영전자,한영수,온도조절계,서울특별시 영등포구 도림로125길 29 (문래동2가),"전자기 측정, 시험 및 분석기구 제조업 외 2 종"
309,(주)한일전열엔지니어링,홍석명,산업용전열기기,"서울특별시 영등포구 선유로33길 15, 2층 203호 (양평동3가)","산업용 오븐, 노 및 노용 버너 제조업 외 1 종"
310,(주)한진티앤피,김영복,스티커 외,"서울특별시 영등포구 경인로82길 3-4, 2층 216호 (문래동1가, 센터플러스)",그 외 기타 종이 및 판지 제품 제조업 외 3 종
311,(주)합동전자산업,정현,구내방송장치,서울특별시 영등포구 양산로 9 (양평동3가),기타 음향기기 제조업 외 10 종
312,(주)해리알앤디,최병만,광통신 케이블 가공품,"서울특별시 영등포구 영신로 220, 2층 205호 (영등포동8가, KnK디지털타워)",절연 코드세트 및 기타 도체 제조업
313,(주)허브앤스포크,김일겸,텐조이스마트짐보드,"서울특별시 영등포구 선유로 146, 5층 505 (양평동3가, 이앤씨드림타워)",기타 주변기기 제조업
314,(주)헤브런,이원동,산업용컴퓨터,"서울특별시 영등포구 영등포로5길 19, B1층 105 (양평동2가, 동아프라임밸리)",컴퓨터 제조업
315,(주)헤브론,김경환,"휘장기치물,상패,트로피","서울특별시 영등포구 양산로 57-5, 11층 1105호 (양평동3가, 양평동 이노플렉스) 11층 1105호",그 외 기타 분류 안된 금속 가공 제품 제조업 외 1 종
316,(주)협성히스코,양경돈,계측기,서울특별시 영등포구 선유로43길 32 (양평동4가) (총 2 필지) 외 1필지,"물질 검사, 측정 및 분석기구 제조업 외 1 종"
317,(주)호마상사,지양섭,수처리미생물제재,"서울특별시 영등포구 선유로 70, 지층 208호 지층 208호 (문래동3가)",기초 의약 물질 제조업 외 3 종
318,(주)호반금거래소,이안방,골드코인,서울특별시 영등포구 양평로27길 31 (양평동5가),"기타 비철금속 압연, 압출 및 연신 제품 제조업"
319,(주)호성에스엔텍,김정,"CCTV, 카메라",서울특별시 영등포구 양산로 88-6 (당산동2가),방송및무선통신기기제조업
320,(주)화인에스앤씨,현재길,무선 마이크시스템 외,"서울특별시 영등포구 영신로 220, 13층 1309 (영등포동8가, KnK디지털타워)",기타 음향기기 제조업
321,(주)화일특수산업,허은자,"자동화기기, 도금","서울특별시 영등포구 선유로 176, 수화기업사 33,34호 (양평동3가)","도금, 착색 및 기타 표면처리강재 제조업"
322,(주)휴텀,김태호,"전자제품 조립, 플라스틱 반제품","서울특별시 영등포구 가마산로46길 6, 301호 (대림동, 한양빌딩)",그 외 기타 전자부품 제조업 외 1 종
323,(주)희경플랜,"이희영,박경수",안내표지판,"서울특별시 영등포구 선유서로24길 1, 107호 (양평동1가)",간판 및 광고물 제조업
324,(주)히스코센서,이준성,"계측기센서, 압력, 온도 및 레벨 전송기","서울특별시 영등포구 선유로3길 10, 5층 514호 (문래동5가) 5층 514호",기기용 자동측정 및 제어장치 제조업 외 3 종
325,E.N.C치과기공소,김효식,치과 보철물,"서울특별시 영등포구 당산로 171, 5층 501호 (당산동4가, 금강 펜테리움 IT타워)",치과기공물 제조업 외 2 종
326,E.P.S섬유,성양환,"의류,쉐타",서울특별시 영등포구 가마산로90길 13-1 (신길동),편조의복 제조업
327,K.T.E(Korea.Technology.Exit),김용환,비상문자동개폐기,"서울특별시 영등포구 선유동2로 29, 현대2차아파트상가 비3호 (양평동3가)",그 외 기타 전자부품 제조업 외 1 종
328,MARKINS(마킨스),마병익,"볼헤드, 삼각대부품, 사진기부품","서울특별시 영등포구 선유로 146, 5층 506 (양평동3가, 이앤씨드림타워)",기타 광학기기 및 사진기 제조업
329,MYAD(마이애드),최기환,양식인쇄물,서울특별시 영등포구 영등포동4가 111번지,기타 인쇄업 외 1 종
330,R.T.R테크,천종철,"기계부품,반도체부품,금형,자동차부품",서울특별시 영등포구 경인로 748 (문래동1가),절삭가공 및 유사처리업 외 9 종
331,R플러스,장영민,재생토너,"서울특별시 영등포구 디지털로48가길 16 (대림동, 정인보습학원)",기타 주변기기 제조업
332,TK상사,이준우,사원증목걸이,"서울특별시 영등포구 양산로 43, 우림e-biz센터308호 (양평동3가)",스크린 인쇄업
333,Ub전기통신,이영재,"멀티큐브,멀티큐브셀","서울특별시 영등포구 당산로41길 11, 4층 416 (당산동4가)",유선 통신장비 제조업 외 1 종
334,YN(와이엔)프린팅,김재형,스티커(라벨),"서울특별시 영등포구 경인로82길 3-4, B2층 B207, 208호 (문래동1가, 센터플러스)",스크린 인쇄업 외 1 종
335,e.LASER,손상봉,"목금형, 레이저가공",서울특별시 영등포구 경인로80길 3-2 (문래동1가),전자 응용 절삭기계 제조업
336,㈜네트콤,변 준 우,"도서관리시스템, 영상정보디스플레이장치, 안내 전광판",서울특별시 영등포구 양평로30길 14 (양평동6가) 9층층 904호 외 2필지,전시 및 광고용 조명장치 제조업 외 2 종
337,㈜대성컨트롤,김성호,배전반 및 전기 자동제어반,"서울특별시 영등포구 선유로13길 25, 307호(문래동6가, 에이스하이테크시티2) 307호",배전반 및 전기 자동제어반 제조업 외 3 종
338,가나정공,장우섭,수도계량기부품,"서울특별시 영등포구 양산로 96, D-1호 (당산동2가)",운송장비 조립용 플라스틱제품 제조업 외 1 종
339,가람전자(주),배수천,자동화기계,"서울특별시 영등포구 가마산로90길 6 (신길동, 가람전자)",그 외 기타 일반목적용 기계 제조업 외 1 종
340,간판공장직영 거성광고공사,김동율,간판 현수막 안내판 LED전광판 목간판,"서울특별시 영등포구 신길로 70, 2층(신길동)",건축물 일반 청소업 외 9 종
341,강원정밀,배석민,자동화기계부품,서울특별시 영등포구 도림로147길 11-5 (문래동4가),절삭가공 및 유사처리업
342,거목정보산업(주),정덕순,인쇄물,"서울특별시 영등포구 경인로82길 3-4, B1층 108 (문래동1가, 센터플러스)",경 인쇄업 외 1 종
343,거우화학,최장수,플라스틱,"서울특별시 영등포구 영등포로5길 19 (양평동2가, 동아프라임밸리)",합성수지 및 기타 플라스틱 물질 제조업
344,건설볼트공업사,김충호,볼트,서울특별시 영등포구 경인로76길 5 (문래동1가),"철물, 금속 파스너 및 수공구 도매업"
345,건영보일러,이재금,"보일러,압력용기,탱크류",서울특별시 영등포구 문래로 79-17 (문래동3가),산업용 난방보일러 및 방열기 제조업
346,건인약품(주),박성근,도시락 및 식사용 조리식품,"서울특별시 영등포구 선유서로 17, 7층 701호 (문래동5가, 문래동 빅토리 테크노 타워)",도시락류 제조업 외 2 종
347,경성문화사,박진태,"경인쇄,보고서","서울특별시 영등포구 국회대로66길 11 (여의도동, 제일정밀공업주식회사)",경 인쇄업 외 2 종
348,경진기계,이북규,"실린더, 로라",서울특별시 영등포구 영등포로3길 22 (양평동2가),그 외 기타 특수목적용 기계 제조업 외 1 종
349,경진이엔지,박복림,철도차량부품,"서울특별시 영등포구 경인로77가길 16 (문래동2가, 부곡빌딩)",철도차량 부품 및 관련 장치물 제조업 외 1 종
350,고려산업사,윤경로,책표지,서울특별시 영등포구 양평로12가길 5 (당산동6가),제책업
351,고성테크,노창훈,금형,서울특별시 영등포구 도림로141라길 19-3 (문래동4가),주형 및 금형 제조업
352,골드피그,하성수,시계,서울특별시 영등포구 당산로32길 9 (당산동3가),시계 및 시계부품 제조업
353,광명금속공업사,이상민,악세사리,"서울특별시 영등포구 영중로41길 12, 1층 (영등포동8가, 성화상사(주))",도금업
354,광명인쇄,안병은,인쇄물,서울특별시 영등포구 문래로 181 (영등포동4가),기타 인쇄업 외 1 종
355,광성씨앤아이(주),서광수,배전반및전기자동제어반,"서울특별시 영등포구 당산로2길 12, 8층 803호 (문래동3가, 에이스테크노타워)",배전반 및 전기 자동제어반 제조업
356,광익상사,유영백,편조의복,"서울특별시 영등포구 가마산로 342 (대림동, 광익빌딩)",편조의복 제조업 외 1 종
357,광일액자,노상배,액자,서울특별시 영등포구 여의대방로13길 14 (신길동),장식용 목제품 제조업 외 2 종
358,광진기업,김방호외1인,섬유기계,서울특별시 영등포구 도림로141나길 21 (문래동4가),"기타 섬유, 의복 및 가죽 가공 기계 제조업"
359,광진사,김성백,스티커,"서울특별시 영등포구 경인로82길 3-4, 2층 214호 (문래동1가, 센터플러스), 215호 외 1필지",기타 인쇄업 외 2 종
360,광진정밀,김동호,감속기,서울특별시 영등포구 도림로145길 22 (문래동4가),기타 가공 공작기계 제조업
361,광진정밀,장택진,일반기계부품,"서울특별시 영등포구 선유로3길 10, 305호 (문래동5가)",그 외 기타 금속가공업
362,국제금속,김성철,롤제작,서울특별시 영등포구 경인로76길 12 (문래동1가),기타 가공 공작기계 제조업
363,국제금속상사,박순호,"밸브, 펌프,필터",서울특별시 영등포구 경인로77가길 14 (문래동2가) 34-1,"탭, 밸브 및 유사장치 제조업"
364,국제중공업주식회사,주정봉,"유압브레이커, 유압시스템",서울특별시 영등포구 영등포로3길 24-1 (양평동2가),유압기기 제조업
365,국제컨트로닉스(주),김동배,자동제어 DDC(Direct Digital Controller),"서울특별시 영등포구 당산로38길 1, 2층 (당산동4가)",배전반 및 전기 자동제어반 제조업
366,극동초음파엔지니어링,윤승옥,산업용초음파세척기,서울특별시 영등포구 도림제2동 184-4번지,"산업용 섬유 세척, 염색, 정리 및 가공 기계 제조업"
367,극동판금,이춘성,"전기콘트롤박스, 환경계측장비등",서울특별시 영등포구 경인로78길 11-5 (문래동1가),배전반 및 전기 자동제어반 제조업
368,금강,김유홍,브라인드부품,서울특별시 영등포구 양평로23길 12 (양평동5가),그 외 기타 플라스틱 제품 제조업
369,금강산업,이경호,전기기기,"서울특별시 영등포구 버드나루로8길 9, 102호 (영등포동7가)",그 외 기타 전자부품 제조업 외 1 종
370,금강전자,나의정,콘넥터.가스켓,서울특별시 영등포구 양평로21나길 8 (양평동5가),전자관제조업
371,금성하드웨어,서기조,"유리 고정 부속, 난간대","서울특별시 영등포구 경인로 775, 지 1층 b123호(문래동3가, 에이스하이테크시티)",구조용 금속 판제품 및 공작물 제조업
372,금양정밀기계,김양석,기계제작,서울특별시 영등포구 도림로141가길 17-1 (문래동4가),"용기 세척, 포장 및 충전기 제조업"
373,금전사,김용기,전자온도계,서울특별시 영등포구 양산로17길 6-15 (당산동3가),그외기타분류안된특수목적용기계제조업 외 1 종
374,금호메탈사인,김영호,명판,서울특별시 영등포구 선유로13길 25 비2층 9호,간판 및 광고물 제조업
375,기술과환경(주),김영성,다항목수질계측기,"서울특별시 영등포구 양산로 53, 204호(양평동3가, 월드메르디앙비즈센터) 204호","물질 검사, 측정 및 분석기구 제조업"
376,길우트레이딩,이영길,체지방측정기,"서울특별시 영등포구 선유로33길 15, 에이스테크노타워 703호 (양평동3가)","기타 측정, 시험, 항해, 제어 및 정밀기기 제조업 외 2 종"
377,남북메디텍,이광수,"의료기기(마취기, 마취용 인공호흡기)","서울특별시 영등포구 양평로22가길 19, 1층 (양평동5가)",그 외 기타 의료용 기기 제조업
378,남북메디텍,이광수,마취기용 인공호흡기,"서울특별시 영등포구 영등포로5길 19, 11층 1106 (양평동2가, 동아프라임밸리)",그 외 기타 의료용 기기 제조업
379,남성기전(주),최전남,전기자동제어반,"서울특별시 영등포구 여의대방로69길 7, 충무빌딩 906호 (여의도동)",배전반 및 전기 자동제어반 제조업 외 4 종
380,넥스콤정보통신(주),최유돈,정류기및통신기기부속기기,"서울특별시 영등포구 영중로 119, 케이티 영등포지사 제2별관 1층 (영등포동8가)",기타 무선 통신장비 제조업
381,노드정보기술(주),정상권,"네트워크장비,블루투스제품","서울특별시 영등포구 당산로41길 11, W동 4층 429호 (당산동4가)",유선 통신장비 제조업 외 10 종
382,니트 컴,이득희,의류,"서울특별시 영등포구 가마산로 512-6, 3층 (신길동)","근무복, 작업복 및 유사의복 제조업 외 9 종"
383,단원금속주식회사,홍애란,"함마비트, 활차, 오거가이드, 샤프트",,"탭, 밸브 및 유사장치 제조업 외 8 종"
384,대경전자통신,이재식,"유무선전화기,휴대폰사출압착",서울특별시 영등포구 양평로22가길 8-1 (양평동5가),유선 통신장비 제조업
385,대경정밀,김철종,"금속표면처리,전기부품",서울특별시 영등포구 도림로133길 11-1 (문래동2가),육상 금속 골조 구조재 제조업 외 3 종
386,대광엔지니어링,민웅기,플라스틱 압출금형,서울특별시 영등포구 도림로147길 15-10 (문래동4가),주형 및 금형 제조업
387,대광전산폼,김원희,전산용지,서울특별시 영등포구 양평동2가 40-5번지,기타 인쇄업 외 1 종
388,대광주물,고덕용,건축울타리 부자재 및 기계주물,서울특별시 영등포구 도림로141라길 20-2 (문래동4가),기타 비철금속 주조업
389,대남금속,이선영,기계부품도금,"서울특별시 영등포구 선유로 176, 17-1호 (양평동3가)",도금업
390,대덕레이져.워터젯,이상민,레이져가공,"서울특별시 영등포구 경인로88길 9-5, 1층 (문래동1가)",절삭가공 및 유사처리업
391,대동목형,임경집,기계부품주물성형 목공품,서울특별시 영등포구 경인로78길 13-7 (문래동1가),목재 도구 및 주방용 나무제품 제조업
392,대림기획,방순주,스크린인쇄물,"서울특별시 영등포구 경인로82길 3-4, 센터플러스 517호 (문래동1가)",경 인쇄업 외 3 종
393,대명,성문영,라벨 외,"서울특별시 영등포구 경인로78길 3-10 (문래동1가, 대명)",경 인쇄업 외 1 종
394,대명전자통신(주),유현국,음식물처리기,"서울특별시 영등포구 대림로35길 6, 2층(대림동, 대명빌딩)",기타 가정용 전기기기 제조업
395,대산기업,박재복,스텐레스호스클랩프,서울특별시 영등포구 경인로90길 5-12 (문래동1가),자동차용 금속 압형제품 제조업 외 1 종
396,대상테크열처리,박광우,열처리 및 기계가공,서울특별시 영등포구 선유서로 99 (양평동2가),금속 열처리업
397,대성기계,이명규,파쇄기부속외,서울특별시 영등포구 경인로94길 6 (문래동1가),금속 절삭기계 제조업
398,대성레이저,김경복,철구조물제조,서울특별시 영등포구 도림로 423 (문래동2가),그 외 기타 금속가공업
399,대성정밀산업사,김장곤,손목시계바늘,서울특별시 영등포구 도신로48길 10-1 (신길동),시계 및 시계부품 제조업
400,대신기계,이흥오,"충격완충기,분배변,오링펌프",서울특별시 영등포구 문래로 79-8 (문래동3가),절삭가공 및 유사처리업
401,대신정밀,최봉열,금형,서울특별시 영등포구 도림로141다길 31 (문래동4가),주형 및 금형 제조업
402,대신통신기술(주),김지영,"CCTV,영상감시장치,통합배선판,패치판넬","서울특별시 영등포구 국회대로 632, 케이엘케이 유윈시티 906호(영등포동7가)",유선 통신장비 제조업 외 1 종
403,대아전기,김동수,단자브럭,"서울특별시 영등포구 선유로33길 15, 지층 109호 (양평동3가)","전기회로 개폐, 보호장치 제조업 외 1 종"
404,대양이앤지,윤경수,"PVC FAN, 닥트",서울특별시 영등포구 양산로 96 (당산동2가),산업용 송풍기 및 배기장치 제조업
405,대영정밀,길장섭,철가공,"서울특별시 영등포구 선유로17길 28 (문래동6가, 영원실업주식회사)",일반철물 제조업 외 1 종
406,대영주물,양지은,알루미늄 박스,서울특별시 영등포구 도림로125가길 7 (문래동2가),알루미늄주물 주조업
407,대영프린팅,조성호,"옵셋,마그터,제본,출판책자",서울특별시 영등포구 영신로32길 8 (영등포동4가),기타 인쇄업 외 1 종
408,대용정밀,김옥희,금형,서울특별시 영등포구 영신로57길 16-8 (당산동4가),주형 및 금형 제조업
409,대우기공사,최대규,기계부품,서울특별시 영등포구 경인로74길 2 (문래동1가),기어및동력전달장치제조업
410,대운기계,고현숙,식품자동화기계및콘베어,서울특별시 영등포구 도림로141가길 32 (문래동4가),음ㆍ식료품 및 담배 가공기계 제조업
411,대원산업사,박기훈,자동차부속,서울특별시 영등포구 당산로48길 12 (당산동6가),기타자동차부품제조업
412,대월기전 주식회사,김승연,인공암벽홀드,"서울특별시 영등포구 선유로 146, 7층 714 (양평동3가, 이앤씨드림타워)",기타 운동 및 경기용구 제조업 외 1 종
413,대일섬유,임정옥,양말,서울특별시 영등포구 대림로34가길 20 (대림동),스타킹 및 기타 양말 제조업
414,대일정공,조태호,금형,"서울특별시 영등포구 경인로71길 70, 벽산디지털밸리 405,406호 (문래동5가)",주형 및 금형 제조업
415,대정기공사,김정훈,기계부품(중장비),서울특별시 영등포구 양평동1가 223번지,"기타 섬유, 의복 및 가죽 가공 기계 제조업"
416,대진공업사,김민남,"계량기CAST,염색기계POT,자동차부품",서울특별시 영등포구 양평동4가 27번지,구조용 금속 판제품 및 공작물 제조업
417,대진공업사,양성직,볼트,서울특별시 영등포구 경인로74길 13-1 (문래동1가),볼트 및 너트류 제조업 외 2 종
418,대진정밀,이재영,금형,"서울특별시 영등포구 양산로 95 (당산동3가, 대진정밀공장)",주형 및 금형 제조업
419,대진정밀,정정완,"금형부품, 기계부품","서울특별시 영등포구 경인로82길 3-4, 203호 (문래동1가)",주형 및 금형 제조업 외 1 종
420,대풍섬유,전병수,양말,서울특별시 영등포구 가마산로46가길 18 (대림동),스타킹 및 기타 양말 제조업
421,대하정공,이정준,철도차량부품 및베어링케이스,서울특별시 영등포구 국회대로54길 37-13 (영등포동2가),철도차량 부품 및 관련 장치물 제조업 외 4 종
422,대한마그네틱,오성주,"주차권,항공권",서울특별시 영등포구 선유로23길 6-3 (양평동1가),기타 인쇄관련 산업
423,대한문화인쇄사,황일영,종이와 관련되는 복사물과 인쇄물,"서울특별시 영등포구 국제금융로6길 33, 229호 (여의도동)",경 인쇄업 외 2 종
424,대한정보인쇄(주),이대현,"인쇄, 제조","서울특별시 영등포구 경인로82길 3-4, 109-1호 (문래동1가, 센터플러스)",경 인쇄업 외 2 종
425,대화기계제작(주),박배영,연신사제조시설기계,서울특별시 영등포구 경인로77가길 12 (문래동2가),"기타 섬유, 의복 및 가죽 가공 기계 제조업"
426,대화정공사,홍철기,"섬유기계부품,롤러제조,","서울특별시 영등포구 당산로 164-8 (당산동4가, 대화정공사)",그 외 기타 일반목적용 기계 제조업 외 1 종
427,대흥요업,오응규,요업기계,서울특별시 영등포구 도림로133길 8 (문래동2가),기타 가공 공작기계 제조업 외 6 종
428,대흥정밀,이흥극,"밸브,전자부품",서울특별시 영등포구 문래동1가 110-6번지,"탭, 밸브 및 유사장치 제조업 외 1 종"
429,더 제로,배진희,특수목적컴퓨터,"서울특별시 영등포구 경인로 775, (문래동3가, 에이스하이테크시티) 4동 4층 424호",컴퓨터 제조업 외 1 종
430,덕인공업사,박명덕,지하개발용품,서울특별시 영등포구 양평로28가길 29 (양평동6가),기타 가공 공작기계 제조업
431,도잠,이정혜,"OLIDA 모듈러 테이블 , ANZA 스툴 ","서울특별시 영등포구 선유동2로 75, 1층(양평동4가)",기타 목재가구 제조업
432,동광문화인쇄(주),장길만,인쇄물,서울특별시 영등포구 선유동1로 15-7 (양평동1가),경 인쇄업 외 1 종
433,동국문화인쇄,김욱동,인쇄물,"서울특별시 영등포구 경인로82길 3-4, B306호 (문래동1가)",경 인쇄업 외 3 종
434,동민로링테크,민미순,전제제품,서울특별시 영등포구 도림로141가길 13-1 (문래동4가),절삭가공 및 유사처리업
435,동서계전,윤상문,공정제어,서울특별시 영등포구 영중로 80-2 (영등포동7가),산업처리공정 제어장비 제조업
436,동서금속,이해진,자동화기계,서울특별시 영등포구 선유로 176 (양평동3가),"도금, 착색 및 기타 표면처리강재 제조업"
437,동서문화,김용만,기타인쇄물 외 20종,"서울특별시 영등포구 경인로82길 3-4, 9층 906 (문래동1가, 센터플러스)",경 인쇄업
438,동서씨엔씨(주),강희철,"공기정화장치, 송풍기, 여과기, 집진기, 탈취기, 인테리어디자인","서울특별시 영등포구 당산로41길 11, SK V1 center (당산동4가) W동 15층 09호",산업용 냉장 및 냉동 장비 제조업 외 1 종
439,동성인쇄 유한책임회사,권병서,쇼핑백,서울특별시 영등포구 선유로 167 (양평동3가),종이 포대 및 가방 제조업 외 2 종
440,동아정밀,정형모,금형,서울특별시 영등포구 도림로141가길 2-2 (문래동4가),그 외 기타 금속가공업
441,동양금속,남운환 외 1, 기계부속,"서울특별시 영등포구 선유로 176,  수화기업사 1층 78호 (양평동3가) 외 2필지",도금업
442,동양네트워크(주),김종렬,방송소신기 및 기타영상음향기기,"서울특별시 영등포구 경인로 775, 2동 16층 1607호 (문래동3가)","방송수신기및기타영상,음향기기제조업"
443,동원산전(주),이종기,승강기 부속품,"서울특별시 영등포구 선유로49길 23, 516호 (양평동4가)",승강기 제조업
444,동일공업사,남승운,건축 부자재(금속),서울특별시 영등포구 선유로9다길 21-2 (문래동5가),구조용 금속 판제품 및 공작물 제조업
445,동일전자공업사,"윤계원,박형근","전구, 조명기구 광고용램",서울특별시 영등포구 양평로21다길 14 (양평동5가),운송장비 조립용 플라스틱제품 제조업 외 2 종
446,동일테크,박용대,금형기계제작,"서울특별시 영등포구 양산로 16 (양평동2가, 아산공업)",주형 및 금형 제조업
447,동천문화사,이종완,전단지등 인쇄,"서울특별시 영등포구 경인로82길 3-4, B313호 (문래동1가)",기타 인쇄업 외 1 종
448,동해건기,김세영,공구,서울특별시 영등포구 문래로 79-7 (문래동3가),주형 및 금형 제조업
449,동해정보통신주식회사,이창원,"전원및영상컨트롤러, 영상전송,방송장비, cctv카메라","서울특별시 영등포구 대림로 245, 2층(대림동)",기타 무선 통신장비 제조업 외 2 종
450,두성후로엔지니어링(주),"한두열, 김승철",차압식유량계 (Orifice),"서울특별시 영등포구 영등포로5길 45-2, 1층(양평동2가)",산업처리공정 제어장비 제조업
451,두원기계,이명용,의료용실험기기,"서울특별시 영등포구 경인로82길 3-4, 4층 413호 (문래동1가, 센터플러스)",그 외 기타 의료용 기기 제조업 외 1 종
452,두원이엔씨,박승빈,"변압기, 철도신호기기 등","서울특별시 영등포구 선유서로28길 7, 102호~103호 (양평동1가)",변압기 제조업 외 7 종
453,드림플러스,한영환,큐빅케이스,"서울특별시 영등포구 선유로 27, 대륭빌딩 205호(202호 중) (문래동5가)",귀금속 및 관련제품 제조업
454,디에스,임지연,"근무복,작업복 및 유사의복 제조업 11종","서울특별시 영등포구 가마산로79길 7, 삼성아파트상가 제2동 지하1층 (신길동, 삼성래미안아파트)",침구 및 관련제품 제조업 외 11 종
455,디에스환경기술(주),김영익,슬러지농축기 등,"서울특별시 영등포구 양평로28마길 7 (양평동6가, 대한정밀)",액체 여과기 제조업 외 2 종
456,디엠씨코리아테크(DMC KOREA TECH),박해영,금형,"서울특별시 영등포구 경인로82길 3-4, 센터플러스 비117호 (문래동1가)",주형 및 금형 제조업
457,디엠이테크(주),김성훈,정류기,"서울특별시 영등포구 선유로33길 15, 1층 105호 (양평동3가)",컴퓨터입·출력장치및기타주변기기제조업 외 1 종
458,라인치과기공(주),진순환,치과기공,"서울특별시 영등포구 가마산로 329, 501~502호 (대림동, 소망빌딩)",치과기공물 제조업 외 2 종
459,록키스코리아테크놀로지(주),정승태,항공자동시험진단장비,"서울특별시 영등포구 당산로2길 12, 7층 703호 (문래동3가, 에이스테크노타워)",항공기용 부품 제조업 외 5 종
460,롯데웰푸드(주)영등포공장,"이영구,이창엽",아이스크림,"서울특별시 영등포구 양평로21길 25 (양평동4가, 롯데제과(주))",아이스크림 및 기타 식용빙과류 제조업
461,롯데웰푸드(주)영등포공장,"이영구,이창엽","과자,빙과류",서울특별시 영등포구 양평동4가 17번지 외 1필지,과자류 및 코코아 제품 제조업
462,마라포사,박소영,건조기,"서울특별시 영등포구 경인로 775, 4동 4층 416호 (문래동3가, 에이스하이테크시티)",기타가정용전기기기제조업
463,마스터코리아,임병갑,"전자부품, 광학센서","서울특별시 영등포구 당산로41길 11, W동 322호 (당산동4가) 외 1필지","기타 측정, 시험, 항해, 제어 및 정밀기기 제조업"
464,마이산업,정영수,조립용플라스틱,서울특별시 영등포구 도신로15길 29-3 (도림동),운송장비 조립용 플라스틱제품 제조업 외 2 종
465,만리산업,송영용,의료기계 부품,서울특별시 영등포구 도림로139길 17-2 (문래동2가),기타 비철금속 주조업
466,만영산업사,이기연,자동차부품,서울특별시 영등포구 양평동5가 52번지,그 외 기타 고무제품 제조업
467,만주기공사,최주석,"금형, 기타부품",서울특별시 영등포구 경인로80길 13 (문래동1가),주형 및 금형 제조업 외 2 종
468,맥프로세스,김범열,"실사출력,pop","서울특별시 영등포구 양산로 43, 4층 403호 (양평동3가, 양평동우림 이 비지센타)",경 인쇄업 외 4 종
469,멀티큐브텍,이영재,8 Port giga hub,"서울특별시 영등포구 당산로41길 11, 2층 221 (당산동4가)",유선 통신장비 제조업
470,메카락,김태훈,"컵핸들, 문장김쇠, 도어록, 자물쇠","서울특별시 영등포구 가마산로 361, 1층외 (대림동, 안국빌딩)",일반철물 제조업
471,명공사,방지욱,"전기,전자케이스 및 의료기구 케이스",서울특별시 영등포구 경인로77가길 15 (문래동2가),그 외 기타 달리 분류되지 않은 제품 제조업 외 1 종
472,명성기업,임수용,함마빗트,서울특별시 영등포구 문래동1가 3번지,건설 및 채광용 기계장비 제조업
473,명신ENG,고범진,"금형, 플라스틱 뚜껑","서울특별시 영등포구 선유로 115, 1층 (양평동1가)",합성수지 및 기타 플라스틱 물질 제조업 외 1 종
474,명전사,강규원,소형 전압기,서울특별시 영등포구 대림로35가길 15 (대림동),"전자코일, 변성기 및 기타 전자 유도자 제조업"
475,모닝시스템(주),"임고송, 이진영",자동제어시스템,"서울특별시 영등포구 선유로33길 15, 지층 105호 (양평동3가)",산업처리공정 제어장비 제조업
476,모닝시스템(주),"임고송, 이진영",산업처리제어장비,"서울특별시 영등포구 양산로 43, 4층 412호 (양평동3가, 양평동우림 이 비지센타)",산업처리공정 제어장비 제조업
477,모바일파킹유한회사,김중근,,서울특별시 영등포구 선유로13길 25 (문래동6가) 에이스하이테크시티2 503호,유선 통신장비 제조업 외 5 종
478,모바클코포레이션,김상욱,"전기자전거,전동운반차량 외","서울특별시 영등포구 선유로 176, 1층11호 (양평동3가)",모터사이클 제조업 외 1 종
479,모툴초경,이용우,급전다이스,"서울특별시 영등포구 경인로82길 3-4, 11층 1107호 11층 1107호 (문래동1가)",전자 응용 절삭기계 제조업
480,문일화학,김철민,인쇄물,"서울특별시 영등포구 가마산로 505, 2층 (신길동, 대명빌딩)",경 인쇄업
481,문정인쇄공사,최광직,인쇄물,"서울특별시 영등포구 경인로82길 3-4, 센터플러스 지하216호 (문래동1가)",기타 인쇄업 외 2 종
482,미래 이앤지,유철,"와이어드럼, 장축, 가이드밴","서울특별시 영등포구 경인로78길 12, 1층 (문래동1가)",금속 절삭기계 제조업
483,미래테크,홍해준,LED조명,서울특별시 금천구 독산동 1060-25 미래테크,전구 및 램프 제조업
484,미소커뮤니케이션,이효정,"간판, 현수막,깃발,오탁방지막,오일펜스,부표,고무보트","서울특별시 영등포구 경인로 763, 제9호내제9호 (문래동3가)",간판 및 광고물 제조업 외 6 종
485,밀알,김준연,편복의류,서울특별시 영등포구 디지털로 395 (대림동),편조의복 제조업
486,반암주식회사,한수덕,반도체 박막 ,"서울특별시 영등포구 도신로4길 21-1, 반암(대림동)",기타 반도체소자 제조업
487,발간실,김홍석,대본인쇄,"서울특별시 영등포구 여의공원로 13, 본관 1층 (여의도동, 한국방송공사)",경 인쇄업 외 1 종
488,백영전자 주식회사,임대순,LED 안내전광판,"서울특별시 영등포구 선유로 146, 13층층 1304호 (양평동3가, 이앤씨드림타워) 13층층 1304호",전시 및 광고용 조명장치 제조업
489,백영전자(주),임대순,"전자교탁,통합컨트롤러","서울특별시 영등포구 선유로 146, 7층 705 (양평동3가, 이앤씨드림타워)",사무용 기계 및 장비 제조업 외 1 종
490,범아조명 주식회사,주양수,LED 조명등,"서울특별시 영등포구 당산로27길 13 (당산동3가) 1층, 2층",일반용 전기 조명장치 제조업
491,보람아이티에스 주식회사,김용순,"제제조토너, 재생토너","서울특별시 영등포구 영신로 220 (영등포동8가, KnK디지털타워) 5층 504호",기타 주변기기 제조업 외 1 종
492,보성금속,정지웅,"NAME PLATE, 금속가공","서울특별시 영등포구 경인로82길 3-4 (문래동1가, 센터플러스) 3층층 320호",그 외 기타 분류 안된 금속 가공 제품 제조업 외 1 종
493,보성금속,이태화,"후레쉬,드라이,오토바이부품",서울특별시 영등포구 양평로 131-1 (양평동5가),자동차용 금속 압형제품 제조업 외 1 종
494,보성종합인쇄,김수주,인쇄물,"서울특별시 영등포구 경인로82길 3-4, 지하2층221호(문래동1가, 센터플러스)",경 인쇄업 외 3 종
495,부영산업,심경탁,펌프,"서울특별시 영등포구 양평로30나길 8 (양평동6가, 대신금속)",액체 펌프 제조업
496,부흥변속기제작소,김원식,변속기,서울특별시 영등포구 선유로49길 36 (양평동4가),기타 가공 공작기계 제조업
497,비엘텍코리아(주),박현근,수질계측장비,"서울특별시 영등포구 경인로 775, 1동 16층 1608 (문래동3가, 에이스하이테크시티)","물질 검사, 측정 및 분석기구 제조업"
498,비젼이노텍(주)제1공장,김상곤,복합재료공구류,"서울특별시 영등포구 선유서로 17, 1층 101호 (문래동5가, 문래동 빅토리 테크노 타워), 2층201호 외 1필지",기타 가공 공작기계 제조업
499,삼광공업사,이정호,상하수처리부품,서울특별시 영등포구 당산동4가 9-3번지,액체 여과기 제조업 외 4 종
500,삼광컴퍼니 주식회사,김재영,Iot,"서울특별시 영등포구 버드나루로14길 25, 701호 (당산동)",그 외 기타 전자부품 제조업 외 1 종
501,삼본기계제작소,김해식,기계제작,서울특별시 영등포구 문래동3가 85번지,그 외 기타 특수목적용 기계 제조업
502,삼부기업사,안상문,플라스틱용기,"서울특별시 영등포구 도림로 189 (대림동, 대호전자)",포장용 플라스틱 성형용기 제조업
503,삼성정밀기어,안상원,정밀기어,서울특별시 영등포구 경인로 738 (문래동1가),기어 및 동력전달장치 제조업 외 1 종
504,삼성정밀조각,주성하,"자동차번호판금형,유압프레스등",서울특별시 영등포구 경인로78길 3-11 (문래동1가),주형 및 금형 제조업 외 6 종
505,삼손물산(주),송진환,용수처리기,서울특별시 영등포구 경인로74길 1-5 (문래동1가),그 외 기타 전기장비 제조업 외 1 종
506,삼영공업사,이병길,자동차스프링볼트,"서울특별시 영등포구 영등포로20길 22-4, 1층 (문래동3가)",볼트 및 너트류 제조업 외 2 종
507,삼오식품,권병헌,떡류,"서울특별시 영등포구 도신로 143 (도림동, 대원빌딩)",떡류 제조업
508,삼원상사,고성빈 외1명,자동차부품,서울특별시 영등포구 선유로 108-7 (양평동1가),기타 자동차 신품 부품 및 내장품 판매업 외 2 종
509,삼익특수인물,한영욱,공업용칼날,서울특별시 영등포구 문래동1가 37번지,톱 및 호환성 공구 제조업
510,삼차원기계,양우석,기계제작,서울특별시 영등포구 문래동6가 25-1번지,기타 가공 공작기계 제조업
511,삼호기어,김태환,기어부품,서울특별시 영등포구 도림로139길 6 (문래동2가),기어 및 동력전달장치 제조업
512,삼호테크,김미애,기계부품,서울특별시 영등포구 도림로141가길 12-1 (문래동4가),절삭가공 및 유사처리업
513,삼화산업기계,박병정,"저장탱크,교반탱크 스텐레스가공 제작",서울특별시 영등포구 경인로77가길 11 (문래동2가),금속탱크 및 저장용기 제조업
514,상무텔레콤(주),한승열,케이블,"서울특별시 영등포구 양산로 53, 월드메르디앙308호 308호 (양평동3가)",유선 통신장비 제조업 외 1 종
515,상문상사,권종상,정부서식,"서울특별시 영등포구 양평로28마길 24 (양평동6가, 상문상사)",기타 인쇄업 외 1 종
516,상신산업사,김학근,급유기,"서울특별시 영등포구 선유로 58-6, 301호 (문래동3가)",액체펌프제조업 외 1 종
517,상진공업사,박정희,플라스틱성형품,"서울특별시 영등포구 영등포로 28 (양평동2가, 백정형외과)",포장용 플라스틱 성형용기 제조업 외 2 종
518,상진공업사,송근길,부품가공,서울특별시 영등포구 경인로74길 8 (문래동1가),비동력식 수공구 제조업 외 15 종
519,서광테크닉,임규명,악세사리,서울특별시 영등포구 당산로50길 10 (당산동6가),도금업
520,서울유압부레이카,최영국,"철문,유압브레이카",서울특별시 영등포구 문래북로 58-7 (문래동3가),광물처리 및 취급장비 제조업
521,서울의료기공업사,차민주 외 2명,이빈인후과 unit,서울특별시 영등포구 경인로72길 3 (문래동1가),그 외 기타 의료용 기기 제조업
522,서울컴퓨터인쇄사,김병일,인쇄물,"서울특별시 영등포구 버드나루로14길 17 (영등포동7가, 경인빌딩)",기타 인쇄업 외 1 종
523,서울케이스,김형준,종이박스,"서울특별시 영등포구 도신로12길 14 (대림동, 서울케이스빌딩)",포장용판지상자및기타종이용기제조업
524,서울탁주영등포연합제조장,안상국 외 6인,탁주,"서울특별시 영등포구 선유서로30길 11 (양평동1가, 서울탁주영등포연합제조공장)",탁주 및 약주 제조업
525,서진기공,김기진,"스텐가공,스텐통","서울특별시 영등포구 경인로74길 1-5, 1층 (문래동1가)",구조용 금속 판제품 및 공작물 제조업
526,서진정밀,박용호,철도차량부품,"서울특별시 영등포구 경인로82길 3-4, 4층 416호 (문래동1가, 센터플러스)",철도차량 부품 및 관련 장치물 제조업
527,서진특수주물,이제근,"기계주물, 조경부속물",서울특별시 영등포구 도림로141나길 3-2 (문래동4가),기타 비철금속 주조업 외 1 종
528,석화정밀,김영식,금형,서울특별시 영등포구 양산로 96 (당산동2가),주형 및 금형 제조업
529,선경,우경애,"롤업셰이드, 커튼, 전동커튼 등",서울특별시 영등포구 영등포로 225 (영등포동5가),커튼 및 유사제품 제조업 외 1 종
530,선광기어연마,김종진,"기어치절, 기어치면연마가공",서울특별시 영등포구 도림로141다길 21-1 (문래동4가),기어 및 동력전달장치 제조업
531,선광스텐레스(주),정병선,기계부품(스텐레스파이프),"서울특별시 영등포구 경인로80길 5 (문래동1가, 선광스텐레스)",절삭가공 및 유사처리업
532,선교정밀,최대범,기계부품,서울특별시 영등포구 도림로141길 4 (문래동4가),절삭가공 및 유사처리업 외 2 종
533,선빈테크,김진용,원형톱날,"서울특별시 영등포구 도림로33길 14, 1층 (대림동)",톱 및 호환성 공구 제조업
534,선엔젤스(주),배연수,LED 조명기구 일체,"서울특별시 영등포구 당산로41길 11, E동 9층 903호 (당산동4가)",전구 및 램프 제조업 외 2 종
535,선우 I&T,최종수,"고주파 자극기,전동형의료용핸드피스,약물흡수피부자극기","서울특별시 영등포구 양평로21길 26, 20층 B109,2003호 (양평동5가)",그 외 기타 의료용 기기 제조업
536,선일공업사,이무호,화장품케이스,서울특별시 영등포구 양평로23길 7 (양평동5가),그 외 기타 플라스틱 제품 제조업
537,선진어패럴,권수경,"니트조끼, 니트가디건","서울특별시 영등포구 신길로45길 3-1, 지하1층 102호(신길동) (신길동)",편조의복 제조업 외 1 종
538,선진정밀,권만석,"금형, 퍼프 등","서울특별시 영등포구 선유로 115, 2층 (양평동1가)",기어 및 동력전달장치 제조업 외 4 종
539,선진테크,윤선기,"악세서리,부품","서울특별시 영등포구 경인로82길 3-4, 5층 507호 5층 507호 (문래동1가)",귀금속 및 관련제품 제조업
540,성광계기,박경옥,온도계,"서울특별시 영등포구 경인로82길 3-4, 508호 (문래동1가)","물질 검사, 측정 및 분석기구 제조업"
541,성림디엔피,고성채,인쇄,"서울특별시 영등포구 경인로82길 3-4, 지층 211호 (문래동1가, 센터플러스)",경 인쇄업 외 2 종
542,성산철강,배재호,가로등부품,서울특별시 영등포구 도림로128가길 13-1 (문래동3가),절삭가공 및 유사처리업
543,성신기업,이성철,시추기,서울특별시 영등포구 신길동 70-24번지,건설 및 채광용 기계장비 제조업
544,성진기계,김순희,금속발코니,서울특별시 영등포구 도림로141길 22 (문래동4가),구조용 금속 판제품 및 공작물 제조업 외 8 종
545,성진정밀,오인철,기계부품가공(자동화부품),서울특별시 영등포구 도림로141다길 27-1 (문래동4가),기어 및 동력전달장치 제조업
546,성진정밀,문명준,"기계부품, 기어",서울특별시 영등포구 도림로145길 5 (문래동4가) 외 1필지,금속 단조제품 제조업
547,세기특수강(주),임영학,금속가공물(레이져),서울특별시 영등포구 경인로96길 4 (문래동1가),절삭가공 및 유사처리업
548,세명에너지(주),이일호,"폐수열회수히트펌프, 방열기",서울특별시 영등포구 영등포로20길 22-8 (문래동3가),산업용 냉장 및 냉동 장비 제조업 외 3 종
549,세명유압,김세길,실린더 및 드럼(부품제조),"서울특별시 영등포구 버드나루로14길 15 (영등포동7가, 세명빌딩)",자동차용 금속 압형제품 제조업 외 1 종
550,세미오콜렉션,박금희,"가방,핸드백,지갑,기타가죽제품등","서울특별시 영등포구 경인로 775, 3동 3층 308호 (문래동3가, 에이스하이테크시티), 309호, 지하층321호",가방 및 기타 보호용 케이스 제조업 외 4 종
551,세시로 티엠 행복한 커텐,윤영숙,"커튼, 블라인드","서울특별시 영등포구 선유로49길 23, 212호 (양평동4가)",커튼 및 유사제품 제조업
552,세원에너텍(주),"김홍균,지승룡",LNG SAMPLER외,서울특별시 영등포구 영등포로5길 45 (양평동2가),그 외 기타 특수목적용 기계 제조업
553,세익인쇄사,이명수,라벨 등,"서울특별시 영등포구 영등포로5길 19, B1층 B102,B103,B104호 (양평동2가, 동아프라임밸리)",그 외 기타 종이 및 판지 제품 제조업 외 3 종
554,세일기계,오세근,부품임가공,서울특별시 영등포구 문래로 31 (문래동6가),금속 절삭기계 제조업
555,세종화학,이범철,철낚시용품,서울특별시 영등포구 선유서로25길 34 (양평동2가),그외기타전자부품제조업
556,세진철강,우창수,철강제품 및 기계부품,서울특별시 영등포구 버드나루로3길 9 (영등포동2가),그 외 기타 1차 철강 제조업 외 2 종
557,세화금속,박종학,커플링,서울특별시 영등포구 양평동3가 89번지,주형 및 금형 제조업
558,센츄럴엔지니어링,"신명재, 장영환",전류스위치및판넬제작품,"서울특별시 영등포구 경인로 775, 1동 4층 424호 (문래동3가, 에이스하이테크시티)",배전반 및 전기 자동제어반 제조업
559,소노피오레,김서윤,"근무복, 작업복, 남/여 정장 외","서울특별시 영등포구 대림로31가길 3-1, 지하 1층 (대림동)",남자용 겉옷 제조업 외 6 종
560,소영산업,김미자,"내의, 가방 등",서울특별시 영등포구 도신로48길 15-24 (신길동),속옷 및 잠옷 제조업 외 21 종
561,소프트룸,유광용,소형가전 아이템(변기자동세정기 등),"서울특별시 영등포구 도신로 51, 지층 B01호(도림동, 송덕빌딩)",기타 가정용 전기기기 제조업
562,소프트큐브,최일용,LED조명장치제작,"서울특별시 영등포구 선유동1로 6-14, 1층 (당산동2가)",전시 및 광고용 조명장치 제조업
563,소화인쇄,고화숙,인쇄물,"서울특별시 영등포구 버드나루로 69 (영등포동7가, 삼천당제약(주))",서적출판업
564,송광물산(주),김영식,"목초액,키토산,바이오미네를",서울특별시 영등포구 대림로43길 12 (대림동),복합비료 및 기타 화학비료 제조업
565,송당티엔씨,박경훈,방수부자재,서울특별시 영등포구 문래동3가 58-39번지,그 외 기타 분류 안된 화학제품 제조업 외 2 종
566,수현,김지수,의류,서울특별시 영등포구 도신로 115 (도림동) 지층,"근무복, 작업복 및 유사의복 제조업 외 3 종"
567,스킨업,정형일,"비누,화장품","서울특별시 영등포구 디지털로 432, 지층 (대림동)","치약, 비누 및 기타 세제 제조업 외 1 종"
568,승인프린팅,박인서,"라벨,스티커외","서울특별시 영등포구 경인로82길 3-4, 3층 303~304 (문래동1가, 센터플러스)",그 외 기타 종이 및 판지 제품 제조업
569,승전기업,이재만,링,서울특별시 영등포구 도림로147길 9 (문래동4가),기어 및 동력전달장치 제조업
570,승현정밀 주식회사,윤희석,플라스틱 사출 금형,서울특별시 영등포구 선유서로31길 1 (양평동3가),주형 및 금형 제조업
571,승화상사,최방순,천연소가죽 신축성 기능성 벨트,"서울특별시 영등포구 대방천로 239, 2층(신길동) (신길동)",기타 가죽제품 제조업
572,신광프린테크,윤세진,박스,"서울특별시 영등포구 선유로49길 6 (양평동4가, 신광인쇄공장)",기타 인쇄업 외 1 종
573,신성인쇄공업사,심재수,"인쇄물(케이스), 단상자",서울특별시 영등포구 양평로21다길 10 (양평동5가),기타 인쇄관련 산업
574,신성정밀,김현순,절삭가공,서울특별시 영등포구 경인로92길 6 (문래동1가),절삭가공 및 유사처리업
575,신영기계,장일문,산업기계부품,서울특별시 영등포구 도림로145길 22 (문래동4가),금속 절삭기계 제조업
576,신우기전,신흥식,모터펌프,서울특별시 영등포구 영등포로81길 7 (신길동),액체펌프제조업
577,신원강재(주),윤용석,"경량철골(천정,벽체용)",서울특별시 영등포구 영등포동1가 75-4번지,육상 금속 골조 구조재 제조업 외 1 종
578,신일기획문화(주),이춘화,"인쇄,출판기획홍보",서울특별시 영등포구 당산동6가 344-8번지,기타 인쇄업 외 1 종
579,신일초음파,유철종,초음파기기 냉동기,서울특별시 영등포구 경인로74길 1-5 (문래동1가),전자 응용 절삭기계 제조업 외 2 종
580,신진기획인쇄,김기숙,인쇄물,서울특별시 영등포구 문래로 181 (영등포동4가),"플라스틱 선, 봉, 관 및 호스 제조업"
581,신진다이아몬드(주),차수일,초정밀 다이아몬드공구,서울특별시 영등포구 양평로12길 22 (당산동6가) 신진다이아몬드(주),톱 및 호환성 공구 제조업 외 1 종
582,신한전기공업(주),박길상,변압기,"서울특별시 영등포구 선유서로 3 (문래동5가, 신한전기주식회사)",전동기 및 발전기 제조업 외 3 종
583,신화중공업,장태진,"건설장비,우압실린더,기계공구","서울특별시 영등포구 국회대로56길 5, 1층 (영등포동7가)",유압기기 제조업
584,신흥기기정밀,이경순,조립용특수공구,서울특별시 영등포구 도림로141다길 19-3 (문래동4가),그 외 기타 특수목적용 기계 제조업 외 1 종
585,신흥테크,이성관,사원증 및 목걸이전자인쇄,"서울특별시 영등포구 경인로 775, 1동 13층 1301호 (문래동3가, 에이스하이테크시티)",기타 인쇄업 외 1 종
586,썬스타 문화특수 제작,전병주,"기기제작(여과기, 식품탱크)",서울특별시 영등포구 도림로128길 11-1 (문래동3가),"기타 비철금속 제련, 정련 및 합금 제조업 외 3 종"
587,씨디콤,최옥균,전자카드,"서울특별시 영등포구 양산로 43, 8층 804호 (양평동3가, 양평동우림 이 비지센타)",전자저항기 및 전자카드 제조업
588,씨씨아이,서경자,"안내판, 번호판 등","서울특별시 영등포구 양평로22길 21, B1층 B107호 (양평동5가, 선유도 코오롱디지털타워)",간판 및 광고물 제조업 외 2 종
589,아마노코리아(주),전명진,주차장차단기,"서울특별시 영등포구 양산로 43, 4층 407호 (양평동3가, 양평동우림 이 비지센타)",기타 물품 취급장비 제조업 외 2 종
590,아비스텍,박종설,방송장비(자막기),"서울특별시 영등포구 가마산로 364, 6층 (대림동)",비디오 및 기타 영상기기 제조업
591,아산공업,김준기,전동식엑츄에어터,서울특별시 영등포구 영등포로5길 45 (양평동2가),배전반 및 전기 자동제어반 제조업
592,아산에스티,안명준,산업용 컴퓨터,"서울특별시 영등포구 양산로 43, 3층 309 (양평동3가, 양평동우림 이 비지센타)",컴퓨터 제조업 외 1 종
593,아성무역,이공명,"소방시험장비, 소방관리업장비",서울특별시 영등포구 문래로20길 60 (문래동3가) 메가벤처타워,"물질 검사, 측정 및 분석기구 제조업 외 2 종"
594,아성엔지니어링,차도균,유압 드리프터 및 부품,서울특별시 영등포구 국회대로54길 53-8 (영등포동2가),건설 및 채광용 기계장비 제조업 외 4 종
595,아세아기업사,이유랑,철도용품,서울특별시 영등포구 경인로72길 11 (문래동1가),철도차량 부품 및 관련 장치물 제조업 외 42 종
596,아세아정밀,조득호,특수기계부품,서울특별시 영등포구 당산로16길 6 (당산동1가),그외기타분류안된특수목적용기계제조업
597,아시아방수,김병창,방수제,서울특별시 영등포구 도신로53길 23 (신길동),그 외 기타 분류 안된 화학제품 제조업 외 2 종
598,아이에스월드,서민호,"여성용,남서용의류","서울특별시 영등포구 당산로48길 6 (당산동6가, 대호빌딩)",여자용 겉옷 제조업
599,아이티에스엔지니어링(주),김정구,주차관제설비,"서울특별시 영등포구 경인로 775, 1동 지하층 219호 1동 지하층 219호 (문래동3가)",교통 신호장치 제조업 외 29 종
600,아이프린팅,심미경 ,인쇄물,"서울특별시 영등포구 경인로82길 3-4, 센터플러스 지하 217호, 지하 222호 (문래동1가)",기타 인쇄업 외 3 종
601,아인시스아이엔씨,오종봉,컴퓨터 서버 및 네트워크 장비,"서울특별시 영등포구 선유로13길 25, 705~706호 (문래동6가)",컴퓨터 제조업
602,아진화학,지우근,건축자재,서울특별시 영등포구 선유로 176 (양평동3가),도금업
603,아트웍,허태성,플랜트  건축 산업설비 전시모형 맞춤제작,"서울특별시 영등포구 선유로33길 15, 6층 602호 (양평동3가, 에이스테크노타워) 6층 602호",전시용 모형 제조업
604,안전유압기계,김정규,유압기,서울특별시 영등포구 경인로 719 (문래동2가),금속 절삭기계 제조업 외 8 종
605,알바이오텍 주식회사,김영국,"운동성시험평가장치, 전동식정형용운동장치","서울특별시 영등포구 경인로 775 (문래동3가, 에이스하이테크시티) 2동 17층층 2-1704호",그 외 기타 의료용 기기 제조업
606,알앤티,노태원,"LED손전등,손전등","서울특별시 영등포구 양산로 43, 우림이비즈센터 401호 (양평동3가)",일반용 전기 조명장치 제조업 외 1 종
607,에바론정밀,안광창,단말시험기,서울특별시 영등포구 도림로139길 11-1 (문래동2가),"전자기 측정, 시험 및 분석기구 제조업 외 1 종"
608,에스영테크놀러지,이충구,"변압기, 배전반 및 자동제어기, 철도차량부품 및 장치물",서울특별시 영등포구 선유서로30길 30 (양평동1가),변압기 제조업 외 2 종
609,에스케이 에어로,최재순,"소켓,이너튜브,의료용밸브,의료용지팡이,항공기용부싱,로켓발사대 등",서울특별시 영등포구 경인로80길 7-3 (문래동1가),무기 및 총포탄 제조업 외 7 종
610,에스큐아이소프트(주),"조영준, 현재호","컴퓨터서버, 영상정보디스플레이장치, 무인안내시스템, 무인안내시스템, 디지털전광판, 방화벽장치","서울특별시 영등포구 선유로3길 10, 13층 (문래동5가)",유선 통신장비 제조업 외 5 종
611,에이스디자인,김재선,플라스틱샘플,서울특별시 영등포구 도림로128가길 14 (문래동3가),"용기 세척, 포장 및 충전기 제조업"
612,에이스마하이엔지 주식회사,전영배,청소용노즐,"서울특별시 영등포구 영신로 220, 3층 305 (영등포동8가)","탭, 밸브 및 유사장치 제조업"
613,에이스테크,박경호,화장품 제조용 믹서,서울특별시 영등포구 선유로 176 (양평동3가),그외기타분류안된특수목적용기계제조업
614,에제르상사,엄준용,핸드백,"서울특별시 영등포구 가마산로46가길 22, 지층 (대림동)",핸드백 및 지갑 제조업
615,에피텍(주),송석용,분포형온도센서 시스템,"서울특별시 영등포구 양평로22길 21, 12층 1213,1214,B201,B202호 (양평동5가, 선유도 코오롱디지털타워)","물질 검사, 측정 및 분석기구 제조업"
616,엔씨비디테일,이정근,광고물 제작,"서울특별시 영등포구 경인로82길 3-4, 센터플러스빌딩 905호 (문래동1가)",간판 및 광고물 제조업 외 1 종
617,엠비에스코리아(주),박영구,빌딩자동제어,"서울특별시 영등포구 선유로33길 15, 2층 201호 (양평동3가)",배전반 및 전기 자동제어반 제조업 외 1 종
618,엠에스원디지털(주),엄종만,영사막스크린,"서울특별시 영등포구 양산로 53, 4층 406호 (양평동3가, 월드메르디앙비즈센터) 외 1필지",기타 광학기기 및 사진기 제조업 외 1 종
619,연준ENG,노병천,"반도체장비 및 부품,정밀부품가공","서울특별시 영등포구 선유로13길 25, b105호 (문래동6가)",금속 절삭기계 제조업 외 1 종
620,영광기계,김귀언,"유압실린더,유압브레이커","서울특별시 영등포구 문래로 31 (문래동6가, 반도정밀(주))",그외기타분류안된특수목적용기계제조업
621,영신엔지니어링,이서종,자동화기계,서울특별시 영등포구 영신로 175 (당산동3가),"용기 세척, 포장 및 충전기 제조업"
622,영신중공업(주),정영택,"전동기, 발전기, 수처리기계, 송풍기, 변압기 외","서울특별시 영등포구 선유로43나길 10-1, 지하1층, 1층, 2층 (양평동3가, 영신중공업공장)",전동기 및 발전기 제조업 외 11 종
623,영원실업,이원영,프라스틱사출금형부품제조,"서울특별시 영등포구 선유로33길 15, 에이스테크노타워 101호 (양평동3가)",주형 및 금형 제조업
624,영일도금,조민규,기계부품도금,서울특별시 영등포구 경인로76길 6 (문래동1가),"도금, 착색 및 기타 표면처리강재 제조업"
625,영일보링공업사,김원철,차량전비,서울특별시 영등포구 영중로 124 (영등포동8가),산업용 트럭 및 적재기 제조업 외 1 종
626,영일샤링,이재형,절곡전단가공,서울특별시 영등포구 경인로112길 7 (영등포동1가),구조용 금속 판제품 및 공작물 제조업
627,영주자동기,김영구,자동화기계,서울특별시 영등포구 당산로 8-5 (문래동3가),"용기 세척, 포장 및 충전기 제조업"
628,영진금속,송학영,AL전자부품,서울특별시 영등포구 선유로 176 (양평동3가),도장 및 기타 피막처리업
629,영진문화,양승천,상업인쇄물,서울특별시 영등포구 영신로30길 12 (영등포동4가),기타 인쇄업 외 1 종
630,영진애드컴,조재환,"상업인쇄물,책자",서울특별시 영등포구 문래로 149 (문래동3가),기타 인쇄업 외 1 종
631,영진정밀,노수창,기계 부품,서울특별시 영등포구 경인로74길 13-1 (문래동1가),디지털 적층 성형기계 제조업 외 1 종
632,영진정밀화학주식회사,송학영,알미늄 인가공,서울특별시 영등포구 선유로 176 (양평동3가) 44호,도장 및 기타 피막처리업
633,영풍특수금속,정형조,도금,"서울특별시 영등포구 선유로 176, 66호 (양평동3가)",도금업
634,영화인쇄(주),김흥기,인쇄물,서울특별시 영등포구 양평로28다길 5 (양평동6가),기타 인쇄업 외 1 종
635,예몽시스템(주),이봉이,CCTV카메라 및 부대장비,"서울특별시 영등포구 양평로22길 21, B1층 104 (양평동5가, 선유도 코오롱디지털타워)",방송장비 제조업
636,예원테크(주),강병수,녹음재생기(카세트플레이어),"서울특별시 영등포구 도신로62길 24-1, 지하 (신길동)","라디오, 녹음 및 재생 기기 제조업"
637,예인한의원,김성학,컴퓨터기기,서울특별시 영등포구 선유로45길 16 (양평동4가),컴퓨터 제조업 외 2 종
638,예치과기공소,전덕기,치기공물,"서울특별시 영등포구 경인로82길 3-4, 센터플러스 707호 7층 707호 (문래동1가)",치과기공물 제조업 외 2 종
639,예프린팅,김광훈,"인쇄물, 현수막 등","서울특별시 영등포구 경인로82길 3-4, 9층 914호 (문래동1가, 센터플러스)",기타 인쇄업 외 2 종
640,오산문화인쇄,최송균,인쇄출판물,"서울특별시 영등포구 경인로82길 3-4, B304호 (문래동1가)",기타 인쇄업 외 1 종
641,오성문화,김경희,인쇄물,"서울특별시 영등포구 양평로28마길 24 (양평동6가, 상문상사)",기타 인쇄업 외 1 종
642,오성정밀,이인영,기계부품,서울특별시 영등포구 도림로145길 17 (문래동4가),그 외 기타 일반목적용 기계 제조업 외 1 종
643,오일팔민주화운동부상자회한국민주복지(주),"김후식,윤소년","배전반,수전반",서울특별시 영등포구 선유로23길 12-1 (양평동1가),배전반 및 전기 자동제어반 제조업
644,오픈네트써비스(주),윤준호,"컴퓨터 및 주변기기, 정보통신기기","서울특별시 영등포구 양평로 149, 9층 901호 (양평동5가, 선유도 우림라이온스밸리A)",컴퓨터 제조업
645,오픈스카이파트너스(주),손성호,천체사진기,"서울특별시 영등포구 국회대로76길 33, 중앙보훈회관 604호 (여의도동, 중앙보훈회관)",기타 광학기기 및 사진기 제조업
646,옥수금속주식회사,임옥수,철판류,서울특별시 영등포구 선유로 176 (양평동3가),자동차용 금속 압형제품 제조업 외 16 종
647,온세텔레콤(주),박준학,전자코일,"서울특별시 영등포구 당산로 161, 2층 (당산동4가)","전자코일, 변성기 및 기타 전자 유도자 제조업 외 8 종"
648,와이월드(주),유병주,"프라임미트, 양념육","서울특별시 영등포구 경인로 775, 1동 B2층 B209호 (문래동3가, 에이스하이테크시티), B3층B313호~B316호 외 1필지",육류 기타 가공 및 저장처리업 (가금류 제외) 외 3 종
649,용선정밀,서영범,다이케스팅부품,서울특별시 영등포구 도림로139길 10 (문래동2가),주형 및 금형 제조업
650,용진기업,임수자,소폭직물,서울특별시 영등포구 대림로40길 6 (대림동),세폭직물 제조업
651,우리기획,박기민,"실사출력,현수막, 간판,실크인쇄","서울특별시 영등포구 경인로82길 3-4, 센터플러스 B 109호 (문래동1가)",간판 및 광고물 제조업
652,우림문화사,김영철,기타인쇄,서울특별시 영등포구 선유서로25길 26 (양평동2가),기타 인쇄업 외 1 종
653,우성기계공업사,유기대,사출 성형기계,서울특별시 영등포구 양평로23길 14 (양평동5가),디지털 적층 성형기계 제조업 외 1 종
654,우성실업,김상국,낚시부품,"서울특별시 영등포구 가마산로34길 3 (대림동, 우성빌딩)",낚시 및 수렵용구 제조업
655,우암비즈(주),정인호,간판 및 광고물,서울특별시 영등포구 양평로 158 (양평동5가),간판 및 광고물 제조업 외 1 종
656,우영기계,정세용,고압그리스펌프및부품,"서울특별시 영등포구 경인로82길 3-4, 센터플러스 108호 (문래동1가)",기체 펌프 및 압축기 제조업
657,우정용접,송정우,"소켓, 인너튜브, 의료용밸브 등","서울특별시 영등포구 도림로141다길 20, 1층 (문래동4가)",절삭가공 및 유사처리업 외 7 종
658,원광특수공구,조광섭,동력전달장치및절삭공구,서울특별시 영등포구 경인로 708 (문래동1가),톱 및 호환성 공구 제조업 외 3 종
659,원일식품,권공남 외 1,떡류,서울특별시 영등포구 도신로 135 (도림동),떡류 제조업
660,월드엠에스,김송식,각종안내문 봉합,"서울특별시 영등포구 양평로28마길 7, 2층 (양평동6가)",기타 인쇄관련 산업
661,위저드,김범열,"사진출력,현수막","서울특별시 영등포구 양산로 43, 606호 6층 606호 (양평동3가)",기타 인쇄업 외 3 종
662,유니셀계기산업,이영섭,속도계,서울특별시 영등포구 도신로 140 (신길동),속도계 및 적산계기 제조업
663,유라네트웍스(주),송영목,"광 전송장비, L2 산업용스위치",서울특별시 영등포구 양평로21길 26 (양평동5가) 13층 1301호,유선 통신장비 제조업
664,유로테크,이재응,금형부품(핫러너시스템),"서울특별시 영등포구 경인로82길 3-4, 2층 206 (문래동1가, 센터플러스)",주형 및 금형 제조업
665,유명오토팩,김명환,포장기계,서울특별시 영등포구 경인로77길 54 (문래동4가),"용기 세척, 포장 및 충전기 제조업"
666,유비트론(주),"박성종,김태호",IC카드,"서울특별시 영등포구 양산로 43, 12층 1207호 (양평동3가, 양평동우림 이 비지센타)",전자저항기 및 전자카드 제조업
667,유성특수합금,장준수,기계 부품,"서울특별시 영등포구 도림로133길 1, .(문래동2가)",그 외 기타 분류 안된 금속 가공 제품 제조업
668,유창ENG,임낙모,"해충유인퇴치기, 송풍기",서울특별시 영등포구 경인로82길 3-3 (문래동1가),그 외 기타 달리 분류되지 않은 제품 제조업 외 1 종
669,유한정밀,윤신용,도시가스배관기계(융착기),서울특별시 영등포구 도림로147길 10 (문래동4가),유압기기 제조업 외 1 종
670,유현 주식회사,조유현,TM156WCU,"서울특별시 영등포구 선유로9길 10, B107호(문래동6가, 문래 SK V1 center) B107호",기타 주변기기 제조업 외 1 종
671,윤창기계,김종관,"전자응용공작기계, 특수목적용기게제조, 천공기 제조",서울특별시 영등포구 경인로80길 3-11 (문래동1가),전자 응용 절삭기계 제조업 외 2 종
672,으뜸피앤디(주),김이백,인쇄물,"서울특별시 영등포구 경인로82길 3-4, 비204, 비205호(문래동1가, 센터플러스) 비204, 비205호",경 인쇄업 외 2 종
673,은원쏠라사인,송준영,간판 및 광고물,"서울특별시 영등포구 대림로34가길 16, 지하1층, 1층 (대림동)",간판 및 광고물 제조업
674,이레엔지니어링,곽동용,"부스타펌프조립,제작","서울특별시 영등포구 경인로82길 3-4, 4층 406호 (문래동1가, 센터플러스)",액체펌프제조업
675,이스턴섬유(주),김형진,섬유제품,서울특별시 영등포구 여의대방로47나길 19 (신길동),그 외 기타 분류 안된 섬유제품 제조업
676,이안플러스 주식회사,정인영,컴퓨터서버,"서울특별시 영등포구 선유로 130, 9층 905호 (양평동3가, 에이스 하이테크시티3) 9층 905호",컴퓨터 제조업
677,이에스엠티(주),이종화,의료기기,"서울특별시 영등포구 대림로34다길 2, 지층 (대림동, ESMT빌딩)",그 외 기타 의료용 기기 제조업
678,이와세코스파한국 주식회사,카시오히데키,화장품,"서울특별시 영등포구 영등포로 150(당산동1가, 생각공장 당산) B동동 12층층 B1209호",화장품 제조업
679,이주씨스템(주),이복균,유성통신장비 및 방송기기,"서울특별시 영등포구 가마산로90길 22, 2층 (신길동)",유선 통신장비 제조업 외 12 종
680,익수산업,김영남,"고무, 실리콘, 우레탄, 브러쉬 제품",서울특별시 영등포구 도림로133길 5 (문래동2가) 1층,그 외 기타 고무제품 제조업 외 5 종
681,일진산기(주),이문배,"기계공구, 금속절삭가공기계 등",서울특별시 영등포구 경인로94길 5 (문래동1가),비동력식 수공구 제조업 외 3 종
682,일흥정공,이병윤,"전동차전기부품,기계부품,주형및금형",서울특별시 영등포구 경인로77길 38 (문래동4가),절삭가공 및 유사처리업 외 2 종
683,자인과학,김용운,과학기계,서울특별시 영등포구 경인로72길 11-4 (문래동1가),그 외 기타 특수목적용 기계 제조업 외 1 종
684,장안산업(주),김형삼,전기기기,"서울특별시 영등포구 경인로 775, 1동 B2층 B205 (문래동3가, 에이스하이테크시티)",절연 코드세트 및 기타 도체 제조업
685,장애인고용봉사회,이종한,기능성침전차류,"서울특별시 영등포구 버드나루로12나길 48 (영등포동2가, 신단빌딩)",장식용 목제품 제조업 외 3 종
686,전진사,최영건,"전단지,책자,스티커","서울특별시 영등포구 경인로82길 3-4, B206호 (문래동1가)",경 인쇄업 외 1 종
687,전파상,목진요,소니컬럼,"서울특별시 영등포구 경인로82길 3-4, 센터플러스 917 917호 (문래동1가)",그 외 기타 전자부품 제조업 외 1 종
688,점보물산(주),오창재,전자부품,서울특별시 영등포구 양평로22길 14 (양평동4가),그 외 기타 전자부품 제조업 외 1 종
689,정공사,안상협,상업용유압부품,서울특별시 영등포구 양평로19길 36 (양평동4가),도금업
690,정도시험기연구소,이성주,전기도금기기,서울특별시 영등포구 경인로80길 3-18 (문래동1가),그 외 기타 전기장비 제조업 외 2 종
691,정보산업,김관중,알루미늄 샨트,"서울특별시 영등포구 선유로33길 15, 803호(양평동3가, 에이스테크노타워)",그 외 기타 전기장비 제조업
692,정수메이커,김의찬,"소켓, 인너튜브, 의료용밸브 등",서울특별시 영등포구 도림로125가길 16 (문래동2가),절삭가공 및 유사처리업 외 7 종
693,정우철강,김영상,"클립,와샤",서울특별시 영등포구 경인로90길 9-5 (문래동1가),절단가공및표면처리강재생산업
694,정우프린팅,신병탁,인쇄물,"서울특별시 영등포구 경인로82길 3-4, B1층 115 (문래동1가, 센터플러스) B1층 115호",오프셋 인쇄업
695,정원디자인,이진옥,"각종인쇄물, 디자인","서울특별시 영등포구 경인로82길 3-4, 6층 618 (문래동1가, 센터플러스)",경 인쇄업 외 1 종
696,정일기획,정일옥.이은경,"간판,제작및설치","서울특별시 영등포구 당산로 176 (당산동4가, 청암빌딩)",간판 및 광고물 제조업 외 1 종
697,정풍식품,이병진,두부유사식품,서울특별시 영등포구 도림로139가길 8 (문래동2가),두부 및 유사식품 제조업 외 2 종
698,조은디자인,김효진 외 1명,"현수막, 간판",서울특별시 영등포구 신길로 239 (영등포동) 외 1필지,간판 및 광고물 제조업
699,조은문화,황순자,인쇄물,"서울특별시 영등포구 경인로82길 3-4, B동 3층 306 (문래동1가, 센터플러스)",경 인쇄업 외 3 종
700,종합싱크대,이석희,주방가구,"서울특별시 영등포구 도신로65길 1 (신길동, 믿음피아노학원)",주방용 및 음식점용 목재가구 제조업
701,주식회사  보스테크,이헌웅,컴퓨터서버,"서울특별시 영등포구 당산로41길 11,(당산동4가, 당산 SK V1 center) 더블유동 B층 B133호 외 2필지",컴퓨터 제조업
702,주식회사 네브시스,"김성진, 김동현",GNSS 수신기,"서울특별시 영등포구 양평로 149,  A동 901호(양평동5가, 선유도 우림라이온스밸리 A)","레이더, 항행용 무선기기 및 측량기구 제조업"
703,주식회사 닷밀,정해운,"컴퓨터서버, 특수목적컴퓨터, 실물모형및전시물, 조형물, 조형물","서울특별시 영등포구 양평로30길 14, 지3층층 B302호  (양평동6가) 지3층층 B302호",간판 및 광고물 제조업 외 3 종
704,주식회사 대영계전기술,홍태원,H2 분석기 System,"서울특별시 영등포구 경인로 775 (문래동3가, 에이스하이테크시티) 1동 11층 1101호",산업처리공정 제어장비 제조업
705,주식회사 대유기획인쇄,유보현,인쇄물,서울특별시 영등포구 문래북로 140-1 (문래동3가) 1층,기타 인쇄관련 산업 외 3 종
706,주식회사 대진특수도료,민성기,불연섬유제,"서울특별시 영등포구 가마산로 321, 지하 (대림동)",그 외 기타 분류 안된 비금속 광물제품 제조업 외 4 종
707,주식회사 드림프린팅,이명조,"카다로그, 브로셔, 전단지, 포스터","서울특별시 영등포구 경인로82길 3-4 (문래동1가, 센터플러스) B2층 202호 외 1필지",오프셋 인쇄업 외 2 종
708,주식회사 디에스앤지,서정열,컴퓨터서버,"서울특별시 영등포구 경인로 775, 1동 5층 512,513 (문래동3가, 에이스하이테크시티)",컴퓨터 제조업
709,주식회사 디자인여백플러스,이은호,인쇄물,"서울특별시 영등포구 선유로 70, 4층 409 (문래동3가, 우리벤처타운2) 4층 409호",경 인쇄업 외 2 종
710,주식회사 디자인코코,최병열,"유가상품권, 모바일상품권,지류쿠폰,지류복권",서울특별시 영등포구 도신로15길 32 (도림동) 1층,기타 인쇄관련 산업 외 6 종
711,주식회사 레이컴,신성웅,"방폭용 태그, 방폭용 비콘, 크랙몬","서울특별시 영등포구 영등포로 150(당산동1가, 생각공장 당산) A동 지하1층층 153P호",기타 무선 통신장비 제조업 외 3 종
712,주식회사 리더스시스템즈,이부석,컴퓨터서버,"서울특별시 영등포구 영신로 166, B103호 (영등포동6가, 영등포 반도아이비밸리) B103호",컴퓨터 제조업
713,주식회사 리안시스템,"원미리, 진종태",컴퓨터  및 컴퓨터 주변기기,"서울특별시 영등포구 선유로3길 10 (문래동5가) 하우스디 비즈 903, 904, 905호",컴퓨터 제조업 외 7 종
714,주식회사 마샬테크놀로지,최규상,마이크살균소독기,서울특별시 영등포구 당산로 122 (당산동3가) 우미빌딩 207호,기타 음향기기 제조업
715,주식회사 마움프린팅,차재완,인쇄물,"서울특별시 영등포구 경인로82길 3-4, 206호(문래동1가, 센터플러스) 206호",경 인쇄업
716,주식회사 마이즈,"강지영, 김영훈","출입통제시스템, 도서관리시스템, 기타주변기기, 금속잠금장치","서울특별시 영등포구 양평로12가길 10, 소윤스타빌 B1층 B01,B02호 (당산동6가)",유선 통신장비 제조업 외 3 종
717,주식회사 메디트,고규범,구강스캐너,"서울특별시 영등포구 양평로25길 8, 9층,10층 B106호,B201호(양평동5가, URBAN322) 9층,10층 B106호,B201호",치과용 기기 제조업
718,주식회사 미리내솔루션,진종태,컴퓨터서버,"서울특별시 영등포구 선유로3길 10, (문래동5가, 하우스디 비즈) 하우스디 비즈동 5층층 511호",컴퓨터 제조업
719,주식회사 바비젼,이주일,"비디오,기타영상기기,기타음향기기제조",서울특별시 영등포구 버드나루로14가길 3 (영등포동7가),비디오 및 기타 영상기기 제조업 외 2 종
720,"주식회사 볼트앤너트 (BOLT&NUT Co.,?Ltd.) ",윤기열,"진단키트 고정판, 진단키트 고정판","서울특별시 영등포구 양산로 96, 에이48 (당산동2가)",절삭가공 및 유사처리업 외 1 종
721,주식회사 새재물산,권순정,모피의류 및 소모품,"서울특별시 영등포구 디지털로 396-1, 지하 (대림동)",모피제품 제조업 외 1 종
722,주식회사 신영금속,이연주,기계부속(스크류),"서울특별시 영등포구 선유로 176, 42호 (양평동3가)",도금업
723,주식회사 아이디시에스,이재석,간판 및 광고물 제조,서울특별시 영등포구 국회대로 632(영등포동7가) 8층 812호,간판 및 광고물 제조업
724,주식회사 아이티레이,김상옥,"소프트웨어, 기억장치","서울특별시 영등포구 당산로41길 11, SK V1 center (당산동4가) W동동 10층층 W1003호 외 1필지",기억장치 제조업 외 2 종
725,주식회사 알파라이트,최안식,"LED다운라이트, 조명용제어장치, LED실내조명등","서울특별시 영등포구 경인로88길 5-8, 2층 (문래동1가)",일반용 전기 조명장치 제조업
726,주식회사 에브리코퍼레이션,신중환,롤 라벨용지,"서울특별시 영등포구 경인로82길 3-4, 3층 321호(문래동1가, 센터플러스) 3층 321호",인쇄용 및 필기용 원지 제조업
727,주식회사 에이스케이오디디,김순결,영상기기,"서울특별시 영등포구 경인로 775, 에이스하이테크시티 2 411 (문래동3가)",비디오 및 기타 영상기기 제조업
728,주식회사 에이엔비솔루션,박성준,안내전광판,서울특별시 영등포구 양평로30길 14 (양평동6가),전시 및 광고용 조명장치 제조업 외 2 종
729,주식회사 에이엔비솔루션,박성준,안내전광판,서울특별시 영등포구 양평로30길 14 (양평동6가) 지2층층 B205호,전시 및 광고용 조명장치 제조업 외 2 종
730,주식회사 에이이디,고형민,태양광 모듈,서울특별시 영등포구 양평로30길 14 (양평동6가) B1층 110호 외 2필지,전동기 및 발전기 제조업
731,주식회사 엔유정보통신,김대성,컴퓨터서버,"서울특별시 영등포구 양평로22길 21, 11층 에이1102호(양평동5가) 11층 에이1102호",컴퓨터 제조업
732,주식회사 엔피코어,한승철,방화벽장치,"서울특별시 영등포구 당산로 171, 701호(당산동4가, 금강 펜테리움 IT타워)",유선 통신장비 제조업
733,주식회사 온품,김유혁,"방송수신기, 비상유닛, 전자접촉기, 보행보조기, 음향발생장치, 온도조절기, 전파탐지기, 비상경보기, 사이렌, 전파탐지기, 전파탐지기, 데이터수집장치","서울특별시 영등포구 당산로49길 13, 지하1층 (당산동6가, A&D 엔지니어링)",유선 통신장비 제조업 외 11 종
734,주식회사 우먼라인코리아,강순분,"기능성, 의료용 섬유제품","서울특별시 영등포구 신길로 199, 3층(신길동)",속옷 및 잠옷 제조업
735,주식회사 윈스타비투비,강가현,"영상정보디스플레이장치, LED전광판, 컴퓨터, 스피커","서울특별시 영등포구 선유로9길 10 (문래동6가) 지하1층 B117,B118호",컴퓨터 제조업 외 6 종
736,주식회사 유브릿지,이병주,"이동전화기, 변조기","서울특별시 영등포구 경인로 775, 2동 1001호(문래동3가, 에이스하이테크시티)",유선 통신장비 제조업 외 2 종
737,주식회사 이노버스,장진혁,REPET(쓰샘),"서울특별시 영등포구 영신로 166, 지1층층 B104호 (영등포동6가) 지1층층 B104호 외 1필지",그 외 기타 일반목적용 기계 제조업
738,주식회사 이에프오,KIM STEVE(김세훈),소화패드,"서울특별시 영등포구 양산로 91, 11층 F1111호(당산동3가) 11층 F1111호",분사기 및 소화기 제조업 외 2 종
739,주식회사 자부심,김광일,간판 및 광고물,"서울특별시 영등포구 선유동1로 31-1, 1,2층 (양평동3가)",간판 및 광고물 제조업 외 4 종
740,주식회사 잔메디텍,설종안,음성인식 스마트 전등 스위치,"서울특별시 영등포구 영등포로 33, 602호(양평동2가, 목동비즈타워)",일반용 전기 조명장치 제조업 외 1 종
741,주식회사 정도테크,김동규,"MAGNETIC PUMP, CHEMICAL PUMP, DIAPHRAGM PUMP, VACCUM PUMP","서울특별시 영등포구 선유로9길 10, 714호(문래동6가, 문래 SK V1 center) 714호",액체 펌프 제조업 외 1 종
742,주식회사 제이엔디케이,이재식,배전반 및 전기 자동제어반,"서울특별시 영등포구 당산로2길 12, 305호(문래동3가, 에이스테크노타워)",배전반 및 전기 자동제어반 제조업
743,주식회사 지오이스트,이병찬,악성AI탐지차단솔루션,"서울특별시 영등포구 선유서로25길 28, 11층 1109,1110호 (양평동2가, 영등포 디스테이트) 11층 1109,1110호",컴퓨터시스템 통합 자문 및 구축 서비스업
744,주식회사 트레이더스,박상구,"데스크톱컴퓨터, 일체형컴퓨터","서울특별시 영등포구 선유로33길 15 (양평동3가) 204호, 205호",컴퓨터 제조업
745,주식회사 티엠코리아,조형진,로봇 부품,"서울특별시 영등포구 도림로141라길 19, 1층(문래동4가)",기어 및 동력전달장치 제조업 외 5 종
746,주식회사 파크드림,이선일,피부적외선체온계,서울특별시 영등포구 양산로 43 (양평동3가) 우림이비지센타 1004호,체외 진단 시약 제조업 외 3 종
747,주식회사 파크드림엔,박혜경,"발열측정기, 비대면열화상카메라, 손소독기 등","서울특별시 영등포구 양산로 43 (양평동3가) 양평동우림 이 비지센타 1004, 1005호","물질 검사, 측정 및 분석기구 제조업"
748,주식회사 펜타게이트,오정훈,"통합관제소프트웨어,영상감시장치","서울특별시 영등포구 경인로 775, 1동 13층 1303 (문래동3가, 에이스하이테크시티)",방송장비 제조업
749,주식회사 포시에스,박미경,"컴퓨터 서버, 컴퓨터 망전환장치","서울특별시 영등포구 경인로 775, 803-17호(문래동3가, 에이스하이테크시티) 803-17호",컴퓨터 제조업
750,주식회사 피플멀티,박훈웅,"무선통신장비, IoT기기",서울특별시 영등포구 영신로 220 (영등포동8가) 513호,기타 무선 통신장비 제조업 외 2 종
751,주영메테크(주),기희준,"기상관측장비,경보제어장비","서울특별시 영등포구 가마산로61길 14 (신길동, 정석학원)","기타 측정, 시험, 항해, 제어 및 정밀기기 제조업 외 2 종"
752,준디자인(주),조용준,"현수막, 인쇄물(기타)","서울특별시 영등포구 경인로82길 3-4, 8층 815 (문래동1가, 센터플러스)",기타 인쇄업 외 1 종
753,중산기계,방귀원,병마개 생산 라인,"서울특별시 영등포구 경인로90길 9-7, 1층 (문래동1가)",그 외 기타 일반목적용 기계 제조업
754,중앙정밀공업사,조승민,프라스틱사출금형,서울특별시 영등포구 문래북로 58-10 (문래동3가),주형 및 금형 제조업
755,중앙하이텔(주),윤석래,유선통신기기,"서울특별시 영등포구 양산로 43, 406호 4층 406호 (양평동3가)",유선 통신장비 제조업 외 2 종
756,지산중공업(주),김상규,유압브레이카,"서울특별시 영등포구 양평로23길 8 (양평동5가, 대동압연공장)",건설 및 채광용 기계장비 제조업
757,진보물산,황태명,"속옷, 마스크등","서울특별시 영등포구 영등포로84길 34, 지하1층 (신길동, 중앙빌딩)",속옷 및 잠옷 제조업 외 1 종
758,진성기계,임복만,금속 기계부품,"서울특별시 영등포구 도림로141라길 19, 1층(문래동4가)",그 외 기타 분류 안된 금속 가공 제품 제조업
759,진성열처리공업(주),홍부옥,열처리가공,서울특별시 영등포구 문래동1가 54-2번지,그 외 기타 일반목적용 기계 제조업 외 1 종
760,진성주물,김규환,기계부품 등,서울특별시 영등포구 도림로145길 19-10 (문래동4가),강주물 주조업 외 2 종
761,진영기계,양영기,"주형, 유압프레스, 건조기","서울특별시 영등포구 경인로82길 3-4, 센터플러스 603호 (문래동1가)",디지털 적층 성형기계 제조업 외 4 종
762,진일공업(주),김진웅,기계공구,"서울특별시 영등포구 경인로82길 3-4, 4층 414호~415호 (문래동1가, 센터플러스)",산업용 난방보일러 및 방열기 제조업 외 1 종
763,진주정밀,이병주,검사게이지및치공구,서울특별시 영등포구 도림로141다길 20-1 (문래동4가),금속 절삭기계 제조업
764,진흥철도차량(주),정종록,철도차량부품,서울특별시 영등포구 도림로141길 22 (문래동4가),철도차량 부품 및 관련 장치물 제조업 외 1 종
765,창성금속,강병기,헤라시보리제품외,서울특별시 영등포구 도림로141가길 30-1 (문래동4가),기타 가공 공작기계 제조업
766,천광전자,전대명,스크린인쇄물,"서울특별시 영등포구 경인로82길 3-4, 센터플러스 515 515호 (문래동1가)",경 인쇄업 외 3 종
767,천우정공,오병옥 외 1인,공업용 나이프류 등,서울특별시 영등포구 선유로43길 28-1 (양평동4가) (총 2 필지) 외 1필지,톱 및 호환성 공구 제조업
768,청송문화인쇄사,한상환,"학습지, 월간지 등","서울특별시 영등포구 양평로22사길 11 (양평동5가, 청송문화인쇄)",경 인쇄업 외 3 종
769,청정문화주식회사,정남균,"인쇄,제본,전산용품",서울특별시 영등포구 영신로32길 10 (영등포동4가),기타 인쇄업 외 1 종
770,칼리그램,김용운,"인쇄출판물, 인쇄출판물, 인쇄출판물, 인쇄출판물","서울특별시 영등포구 양평로 157, 1701호(양평동5가, 선유도 투웨니퍼스트밸리)",기타 인쇄업 외 3 종
771,케이디시스템,이준연,금형 및 기계부품의 열처리,"서울특별시 영등포구 도림로141길 34, 1층 (문래동4가)",금속 열처리업
772,케이엠티시스템(주),김정식,"영상디스플레이정보장치,구내방송장치","서울특별시 영등포구 선유로13길 25, 1309호, 1310호 (문래동6가)",액정 표시장치 제조업 외 6 종
773,케이엠티시스템(주),김정식,"구내방송장치 (스피커, 오디오앰프, 오디오믹서, 오디오프로세서),  전기설비브래킷, 전원공급장치",서울특별시 영등포구 문래동6가 24-1번지 외 4필지 3층 12호,방송장비 제조업 외 13 종
774,코드레일(주),송재권,자동제어반 및 검측장치,"서울특별시 영등포구 선유로13길 25, 1402호 (문래동6가)",철도차량 부품 및 관련 장치물 제조업 외 8 종
775,코아인텍 주식회사,김규환,"유선통신장비, 레이더,항행용 무선기기 및 측량기구","서울특별시 영등포구 양평로21길 26, 13층 1303 (양평동5가)",유선 통신장비 제조업 외 1 종
776,키스텔주식회사,김승일,광전송기/셋탑박스,"서울특별시 영등포구 경인로 775, 에이스하이테크시티 2 1804호 (문래동3가)",유선 통신장비 제조업 외 1 종
777,태광금속,박영희,통신장비,"서울특별시 영등포구 선유로 176, 1층 38호 (양평동3가)",도금업
778,태광특수공업,서영기,쇠 표면처리,서울특별시 영등포구 경인로76길 6 (문래동1가),도금업
779,태백정밀,이길섭,금형,"서울특별시 영등포구 영등포로5길 19 (양평동2가, 동아프라임밸리)",주형 및 금형 제조업
780,태성연마,안홍용,원통연마,서울특별시 영등포구 도림로141다길 22 (문래동4가),그 외 기타 금속가공업
781,태승정공,이영태,"열교환기,LCD장비부품제조",서울특별시 영등포구 경인로78길 13-1 (문래동1가),금속가구제조업
782,태신공업사,권원구,기어,서울특별시 영등포구 경인로77길 36 (문래동4가),비동력식 수공구 제조업
783,태양,정재은,"심폐소생술 모형, 마우스쉴드, 보육실습용인형","서울특별시 영등포구 가마산로46가길 9, 지하 (대림동)",체외 진단 시약 제조업 외 8 종
784,태영인쇄 도서출판누리,김형범,책자,"서울특별시 영등포구 경인로82길 3-4, 5층 506호 (문래동1가, 센터플러스)",경 인쇄업 외 1 종
785,태운전력전자(주),박태운,컨트롤판넬,"서울특별시 영등포구 도영로 80, 101-211 (도림동, 대우미래사랑)",배전반 및 전기 자동제어반 제조업
786,태웅카렌다,강성희,인쇄물,"서울특별시 영등포구 경인로82길 3-4, 208호, 217호 (문래동1가, 센터플러스)",경 인쇄업 외 3 종
787,태원테크,김종신,"반도체부품, 카메라렌지 플레이트 외",서울특별시 영등포구 도림로141길 7 (문래동2가),금속 절삭기계 제조업
788,태유정공,김재근,압출금형 외 기계,서울특별시 영등포구 도림로141가길 28 (문래동4가),기타 가공 공작기계 제조업
789,태창공업사,고장창,철도차량부품,서울특별시 영등포구 양산로1길 4 (양평동3가),철도차량 부품 및 관련 장치물 제조업 외 6 종
790,태창이엔피(주),이금철,기계식자전거주차설비,"서울특별시 영등포구 문래로20길 60, 메가벤처빌딩 5층 504 (문래동3가)",승강기 제조업
791,통일종합A/S센타,이문섭,기타가공공작기계제조,"서울특별시 영등포구 경인로71길 50, 1층(문래동4가, 조흥힐그린)",기타 가공 공작기계 제조업
792,티에스라인시스템(주),최국현,LED 전광판,"서울특별시 영등포구 영신로 220, 4층 403 (영등포동8가, KnK디지털타워)",전시 및 광고용 조명장치 제조업 외 4 종
793,티에스라인시스템주식회사,최국현,"영상정보디스플레이장치, 안내전광판,기상전광판","서울특별시 영등포구 영신로 220, 17층 1705호 (영등포동8가, KnK디지털타워) 17층 1705호",전시 및 광고용 조명장치 제조업 외 1 종
794,티에스인싸이트(유),전해석,LED 전광판,"서울특별시 영등포구 영신로 220, 403호(영등포동8가, KnK디지털타워)",전시 및 광고용 조명장치 제조업 외 1 종
795,티엔씨 퍼스트 주식회사,김광복,"LED조명, 공장등, 양식장등, 집어등, 모니터링 시스템","서울특별시 영등포구 선유로 146 (양평동3가, 이앤씨드림타워) (총 3 필지) 3층 303호",일반용 전기 조명장치 제조업 외 6 종
796,티케이플로우엔지니어링(주),최영식,"유량계, 계측기","서울특별시 영등포구 선유로 146, 13층 1302호 (양평동3가, 이앤씨드림타워)",속도계 및 적산계기 제조업
797,파워테크,이동신,"변압기, AVR, 전원코드","서울특별시 영등포구 경인로71길 70(문래동5가, 벽산디지털밸리) 13층 1301호",변압기 제조업 외 2 종
798,팜커넥트(주)서울지점,김무현,"온습도 장치, 콘트롤박스","서울특별시 영등포구 양평로22길 21, 4층 408호 (양평동5가, 선유도 코오롱디지털타워) 4층 408호 외 2필지",전자감지장치 제조업 외 1 종
799,펜타시큐리티(주),김태균,"방화벽장치, WAPPLES","서울특별시 영등포구 여의공원로 115, 8층(여의도동, 세우빌딩)",기타 주변기기 제조업
800,평화공업사,서정화,기계부품,서울특별시 영등포구 경인로82길 1 (문래동1가),그 외 기타 일반목적용 기계 제조업 외 1 종
801,포듐,김경민,간판,서울특별시 영등포구 선유로 170 (양평동3가),간판 및 광고물 제조업
802,포토브라인드,탁우신,인쇄,"서울특별시 영등포구 영신로 220, 2층 206 (영등포동8가, KnK디지털타워)",기타 인쇄업 외 2 종
803,포토피아,신용국,학교졸업앨범 및 각종 인쇄물,"서울특별시 영등포구 문래북로 142, 25번지 (문래동3가)",기타 인쇄업 외 1 종
804,프린텍원,곽자영,재생토너,"서울특별시 영등포구 당산로16길 5-10, 지하 (당산동1가)",기타 주변기기 제조업
805,피앤에스솔루션,송근영,"디스플레이 장치, 유선통신장치",서울특별시 영등포구 선유로9길 10 (문래동6가) 1동 6층 11호,그 외 기타 전기장비 제조업
806,필로오에이,안평용,제본 천공기 외,"서울특별시 영등포구 당산로27길 18, 6층 (당산동3가)",사무용 기계 및 장비 제조업
807,하나테크,윤석준,기계부품,서울특별시 영등포구 문래동1가 90-1번지,절삭가공 및 유사처리업 외 3 종
808,하비전자,이상훈,"무선조정 장난감제품, 부품","서울특별시 영등포구 대림로35길 8 (대림동, 하비전자)",인형 및 장난감 제조업
809,하우엔지니어링,이서영,펌프,서울특별시 영등포구 양산로 96 (당산동2가),액체 펌프 제조업
810,한국교육기자재(주),박용익,"과학기자재, 교육기자재","서울특별시 영등포구 양평로21길 26, B1층 B105 (양평동5가)",인형 및 장난감 제조업
811,한국미강연합유통 주식회사,배용빈,"쌀겨(미강),쌀눈,쓴메밀,소금","서울특별시 영등포구 선유서로 17, 동 5층 . (문래동5가, 문래동 빅토리 테크노 타워)",기타 곡물 가공품 제조업
812,한국아이엘에스,송경진,포집기/탁도기,"서울특별시 영등포구 경인로82길 3-4, 8층 808호 (문래동1가, 센터플러스)","물질 검사, 측정 및 분석기구 제조업"
813,한국아이티진흥(주),문동인,"컴퓨터서버, 디스크어레이","서울특별시 영등포구 양평로 157, B201호~B203호(양평동5가, 선유도 투웨니퍼스트밸리)",컴퓨터 제조업
814,한국아이티진흥주식회사,문동인,컴퓨터,"서울특별시 영등포구 양평로21가길 19, B동 6층 610~613 (양평동5가, 선유도 우림라이온스밸리B)",컴퓨터 제조업
815,한국안티겔링메탈(주),지용태,"펌프,기계부품,주조",서울특별시 영등포구 영등포로 14 (양평동2가),액체 펌프 제조업 외 1 종
816,한국에스티산업진흥원,이학수,기계제작,"서울특별시 영등포구 버드나루로 96 (당산동, 대양철관)",장식용 목제품 제조업 외 1 종
817,한국요꼬가와전기(주),NAKAJIMA KOICHI,자동제어기 외,"서울특별시 영등포구 선유로45길 21 (양평동4가, 한국요꼬가와전기)",산업처리공정 제어장비 제조업 외 7 종
818,한국전기차인프라기술(주),오세영,전기차충전기,"서울특별시 영등포구 경인로 775 (문래동3가, 에이스하이테크시티) 2동 19층 1901호",속도계 및 적산계기 제조업 외 1 종
819,한국지엘진흥(주),이민상,LED조명,"서울특별시 영등포구 양평로21가길 19, 우림라이온스밸리B-312호 (양평동5가)",일반용 전기 조명장치 제조업 외 1 종
820,한국케스공업사,김한수,케이스,"서울특별시 영등포구 도신로48길 4-1 (신길동, 예쁜피아노학원)",가방 및 기타 보호용 케이스 제조업
821,한국화인썸(주),이용범,전기로 및 가스 콘트롤 시스템 장비,"서울특별시 영등포구 경인로71길 70, 203호(문래동5가, 벽산디지털밸리) 203호","산업용 오븐, 노 및 노용 버너 제조업 외 1 종"
822,한국후로스,신이례,"FLOW controller,batch controller,datalogger,trnsmitter","서울특별시 영등포구 도림로 184 (대림동, 수안빌딩)",기기용 자동측정 및 제어장치 제조업
823,한림문화사,이재선,인쇄물,"서울특별시 영등포구 경인로82길 3-4, 센터플러스 2층 222호 (문래동1가)",경 인쇄업 외 2 종
824,한미상사,박노산,상업용인쇄,"서울특별시 영등포구 국회대로54길 25 (영등포동7가, 영등포경리속셈학원)",기타 인쇄업 외 1 종
825,한배통상(주),이춘석,에어포장재,"서울특별시 영등포구 양산로 43, 3층 312호 3층 312호 (양평동3가)",그 외 기타 플라스틱 제품 제조업
826,한보인쇄사,정용식,은행양식,서울특별시 영등포구 양산로19길 15 (당산동3가),기타 인쇄업 외 1 종
827,한빛테크랩,이승준,"시제품제작,산업용기계제작,정밀부품가공",서울특별시 영등포구 선유로 22 (문래동4가),주형 및 금형 제조업 외 1 종
828,한서정밀,도수현,"기계부품,반도체부품,금형,자동차부품,의료기기,국방부품,개발품종(샘플)외 다품종 소량생산",서울특별시 영등포구 도림로141나길 9-1 (문래동4가),무기 및 총포탄 제조업 외 12 종
829,한성정밀,마용덕,기계부품,서울특별시 영등포구 문래동1가 56-5번지,반도체제조용기계제조업 외 1 종
830,한승기술,이은신,"내진스토퍼, 내진소화전받침대, 내진소방버침대 등","서울특별시 영등포구 경인로82길 3-4, 5층 522 (문래동1가, 센터플러스)",소방시설 공사업
831,한신공업,전승근,주철밸브,"서울특별시 영등포구 영등포로 26-1, 1층 103호(양평동2가) (양평동2가)","탭, 밸브 및 유사장치 제조업"
832,한신산업,김종범,철도차량부품,서울특별시 영등포구 도림로141길 22 (문래동4가),철도차량 부품 및 관련 장치물 제조업 외 4 종
833,한신정공(주),김주식,"금형,기계부속",서울특별시 영등포구 당산동6가 343-3번지,주형 및 금형 제조업 외 1 종
834,한양식품,서진석,떡류,"서울특별시 영등포구 대림로34길 19-2, 지하, 1층 (대림동)",떡류 제조업
835,한양식품,변재기,두부,"서울특별시 영등포구 여의대방로51길 15 (신길동, 금송리빙텔)",두부 및 유사식품 제조업
836,한양신문인쇄(주)지점,이준섭,생활정보지,서울특별시 영등포구 선유서로 19 (문래동5가),기타 인쇄업 외 1 종
837,한양종합엔지니어링,남궁경숙,"전자장수처리장치,냉각수살균장치 등",서울특별시 영등포구 경인로92길 6 (문래동1가),자석및자석제품제조업 외 1 종
838,한영산기,김선규,벨트크리너,"서울특별시 영등포구 양평로28길 3 (양평동6가, 삼흥유압공업사)",그 외 기타 분류 안된 금속 가공 제품 제조업 외 1 종
839,한일지업(주),황인형,골판지 상자 등,서울특별시 영등포구 영신로32길 17 (영등포동4가),골판지 제조업 외 2 종
840,한진아트센타,김영복,스티커 외,"서울특별시 영등포구 경인로82길 3-4, 306호 (문래동1가)",그 외 기타 종이 및 판지 제품 제조업 외 3 종
841,합동인쇄,최성환,상업인쇄물,서울특별시 영등포구 영신로32길 16-1 (영등포동4가),경 인쇄업 외 2 종
842,현대금속,임기운,도금,"서울특별시 영등포구 선유로 176, 1층 72호 (양평동3가)",도금업
843,현대시스템,이종훈,"가방, 알루미늄케이스",서울특별시 영등포구 영신로 22-15 (영등포동),가방 및 기타 보호용 케이스 제조업
844,현대전기,이종민,직류전원장치,"서울특별시 영등포구 당산로50길 16 (당산동6가, 스카이빌)",기타 전기 변환장치 제조업 외 1 종
845,현대종합중전기(주),이규남,"모터, 감속기","서울특별시 영등포구 선유로 176, 52호 (양평동3가)",전동기 및 발전기 제조업
846,현성바스주식회사,장남수,"배전반,전기전자제어반,신호경보제어반,방송음향영상제어기","서울특별시 영등포구 양평로14길 4, 2층 (당산동6가, 환희빌딩)",배전반 및 전기 자동제어반 제조업 외 2 종
847,현성툴테크,김현래,공작기계용 절삭공구,서울특별시 영등포구 도림로125가길 6-1 (문래동2가),공구 소매업
848,현일기계,윤희석,기계부품,서울특별시 영등포구 경인로72길 11-4 (문래동1가),기타 가공 공작기계 제조업 외 2 종
849,협동조합 정수,김의찬,"소켓,인너튜브,의료용밸브,의료용지팡이,항공기용부싱,로켓발사대 등",서울특별시 영등포구 도림로125가길 13 (문래동2가),무기 및 총포탄 제조업 외 7 종
850,형제고무,박예식,고무제품,서울특별시 영등포구 양평로28다길 3 (양평동6가),그 외 기타 고무제품 제조업
851,혜성 p.v.c건설,김치용,pvc fan&pvc닥트,"서울특별시 영등포구 선유로 115, 1층 7호 (양평동1가)",산업용 송풍기 및 배기장치 제조업
852,호경엔지니어링,정동원,"금형, 플라스틱 제품","서울특별시 영등포구 양산로 34 (양평동1가, 동신교통(주))",그 외 기타 플라스틱 제품 제조업 외 1 종
853,호진엔지니어링(주),이동성,"PLC(자동화)시스템, LED등기구 외","서울특별시 영등포구 선유로9길 10, 6층 602 (문래동6가)",전기회로 접속장치 제조업 외 1 종
854,홈넷홈 주식회사,이정원,홈네트워크 제품,"서울특별시 영등포구 양산로 43, 3층 301 (양평동3가, 양평동우림 이 비지센타)",유선 통신장비 제조업
855,홍진산업,왕병찬,"저울부품, 현상기부품",서울특별시 영등포구 도신로 195-9 (신길동),그 외 기타 일반목적용 기계 제조업 외 1 종
856,화성진공열처리,정영민,금속열처리 가공품,서울특별시 영등포구 도림로147길 12 (문래동4가),금속 열처리업
857,환영기획인쇄,김철수,인쇄물,"서울특별시 영등포구 경인로82길 3-4, 센터플러스 918호 (문래동1가)",제판 및 조판업 외 2 종
858,효성금속열처리,이하용,금속열처리,서울특별시 영등포구 선유로 176 (양평동3가),금속 열처리업
859,효신전기(주),문용호,밸브,서울특별시 영등포구 선유동1로 24-7 (당산동2가),그 외 기타 전자부품 제조업 외 4 종
860,훈테크,이채훈,자동화 부품,"서울특별시 영등포구 경인로71길 50, A동 1층 (문래동4가, 조흥힐그린)",절삭가공 및 유사처리업
