회사명,공장대표주소,업종명,생산품
(사)아름다운사람들,"서울특별시 성동구 뚝섬로1길 31, B202호(성수동1가, 서울숲  M타워) B202호",기타 인쇄관련 산업 외 4 종,인쇄출판물
(사)아름다운사람들 ,"서울특별시 성동구 뚝섬로1길 25, 7층 702호 (성수동1가) 7층 702호",기타 인쇄업 외 2 종,인쇄물
(사)장애인생산품판매지원협회인쇄사업소,"서울특별시 성동구 아차산로5길 24-27, 1,2층 (성수동2가)",경 인쇄업 외 4 종,인쇄물
(유)제이엔제이코퍼레이션명품점,서울특별시 성동구 왕십리로 58 (성수동1가) FORHU 119호,핸드백 및 지갑 제조업,"가죽가방, 신발"
(유)피투뱅가드코퍼레이션,"서울특별시 성동구 성수일로 111, B101호, B102호, B103호  (성수동1가) B101호, B102호, B103호",오프셋 인쇄업 외 1 종,"책자, 다이어리, 달력, 패키지상자"
(주) 뉴콤,"서울특별시 성동구 광나루로6길 20, 이글타운 7층 (성수동2가)",기타 주변기기 제조업 외 1 종,"번호인식솔루션, 무인교통감시장비"
(주) 세원정밀,"서울특별시 성동구 성수이로20길 43 (성수동2가, (주)G.K문화인쇄)",기타 인쇄업 외 1 종,전단양식지
(주) 스팀솔루션,"서울특별시 성동구 아차산로17길 49, 1동 1110호 (성수동2가) 1동 1110호","전자기 측정, 시험 및 분석기구 제조업 외 1 종","교육용장비, 계측장비, 3D프린터"
(주) 어핀텍,"서울특별시 성동구 아차산로 49, 504호(성수동1가, 서울숲 코오롱디지털타워 Ⅲ) 504호","물질 검사, 측정 및 분석기구 제조업",자동 핵산 추출기
(주) 울트라브이,"서울특별시 성동구 상원길 19, B102-104호 (성수동1가, 신한 IT TOWER)",의료용품 및 기타 의약 관련제품 제조업,조직수복용생체재료
(주) 이씨오,"서울특별시 성동구 광나루로6길 35, 우림e-BIZ센터 3층 (성수동2가)",기타 주변기기 제조업,컴퓨터입출력장치 및 주변기기
(주) 진씨커,"서울특별시 성동구 성수일로10길 26, 1202~1204호(성수동2가, 하우스디 세종타워) 1202~1204호",그 외 기타 분류 안된 화학제품 제조업,초정밀 비침습 암진단키드
(주) 프로씨스콤,"서울특별시 성동구 성수일로 77, 214, 215호 (성수동1가, 서울숲IT밸리)",방송장비 제조업 외 18 종,"유무선통신기기,케이블,배터리 외"
(주)가우정밀,"서울특별시 성동구 성수이로18길 45, 1층 (성수동2가)",그 외 기타 1차 철강 제조업 외 2 종,"버클, 단추, 지퍼, 자동차부품"
(주)가인이앤씨,"서울특별시 성동구 성수이로22길 37, 9층 907,908 (성수동2가, 성수동 아크밸리)",산업용 송풍기 및 배기장치 제조업 외 1 종,"방열기, 환기장치"
(주)거손테크,서울특별시 성동구 둘레길 45 (성수동1가),전시용 모형 제조업,"모형, 조형물, 전시물, 인테리어"
(주)건축음향연구센터,서울특별시 성동구 행당동 17번지 HIT B118-1호,합성고무 제조업,제진재
(주)경림이앤지,"서울특별시 성동구 성수이로7길 27, 8층 809호(성수동2가, 서울숲코오롱디지탈타워) 8층 809호",방송장비 제조업 외 7 종,"방송장비, 영상감지장치, LED경관조명, 컴퓨터서버 외"
(주)고려에스티,서울특별시 성동구 아차산로9길 19 (성수동2가),"금속 문, 창, 셔터 및 관련제품 제조업 외 1 종",스텐레이스
(주)국일금속산업,서울특별시 성동구 왕십리로14나길 14 (성수동1가),위생용 및 산업용 도자기 제조업,수건걸이
(주)국제와이드칼라,"서울특별시 성동구 동일로 37, 비츠로별관 1층 (성수동2가)",기타 인쇄관련 산업,기타인쇄관련산업
(주)규장각,서울특별시 성동구 성수동2가 279-46번지,기타 인쇄업 외 2 종,상업용인쇄물
(주)규장티피씨,"서울특별시 성동구 아차산로17길 26, 지층 (성수동2가)",기타 인쇄업 외 1 종,책자물 및 기타 인쇄물
(주)그린코스코,"서울특별시 성동구 성수일로10길 26, 710호(성수동2가, 하우스디 세종타워) 710호",그 외 기타 의료용 기기 제조업,"이식용의료기기, 삽입용보조기구"
(주)그린피앤에스,"서울특별시 성동구 성수일로 55, 905호 (성수동1가)",사무 및 회화용품 제조업 외 1 종,"고무인장,펜,스템프"
(주)그림어패럴,"서울특별시 성동구 왕십리로28길 26, 지층 (홍익동)","근무복, 작업복 및 유사의복 제조업 외 5 종","근무복,작업복및유사의복제조"
(주)근아프린팅,"서울특별시 성동구 연무장15길 11 (성수동2가, 태광산업)",기타 인쇄업 외 1 종,인쇄물
(주)글로벌창업연구소,"서울특별시 성동구 성수일로 55, 7층 703 (성수동1가, SK테크노빌딩)",컴퓨터 프린터 제조업,"3D프린터,프린터잉크자동공급기"
(주)금홍종합상사,"서울특별시 성동구 아차산로 110, 지층 (성수동2가, 성광빌딩)",연사 및 가공사 제조업,"재봉사, 연사"
(주)남부린넨산업,"서울특별시 성동구 아차산로 103, 2105호 (성수동2가)",침구 및 관련제품 제조업 외 1 종,"테이블보, 침구류"
(주)남일에이엔씨,"서울특별시 성동구 연무장길 38-1 (성수동2가, 혜성전자공업(주))",그 외 기타 가구 제조업,아크릴진열장
(주)네오콤커뮤니케이션,"서울특별시 성동구 성수이로 144-29, 402호 (성수동2가)",경 인쇄업 외 1 종,"책, 상업용인쇄물"
(주)넷코아테크,"서울특별시 성동구 성수일로 77, 1307, 1308, 1309호(성수동1가, 서울숲 IT 밸리) 1307, 1308, 1309호",컴퓨터 제조업 외 1 종,"컴퓨터 서버, 디스크어레이"
(주)넷클립스,"서울특별시 성동구 성수일로 77, 1004호 (성수동1가, 서울숲IT밸리)",컴퓨터 제조업 외 1 종,"Scaleway, Scalestore"
(주)녹색섬유,"서울특별시 성동구 무학봉26길 7 (하왕십리동, 녹색섬유빌딩)",셔츠 및 블라우스 제조업 외 12 종,"작업복,전자파의류"
(주)다산에이디,"서울특별시 성동구 광나루로 218-1 (성수동2가) 1,3층",기타 직물제품 제조업,마스크
(주)다산에이디,서울특별시 성동구 광나루로 218-10 (성수동2가),간판 및 광고물 제조업 외 5 종,간판 및 광고물
(주)다산에이디,서울특별시 성동구 광나루로 218-1 (성수동2가) 다산빌딩 지1층,그 외 기타 플라스틱 제품 제조업,"아크릴가공, 비말차단가림막"
(주)다인내추럴(팜투팜2공장 지점),"서울특별시 성동구 광나루로 130, B208~B209호 (성수동1가, 서울숲IT캐슬)",건강기능식품 제조업 외 1 종,식료품
(주)단양사,서울특별시 성동구 아차산로 56 (성수동2가),기타 인쇄업 외 1 종,"일반서적 출판,교과서출판,영상제작,번역"
(주)단양사,"서울특별시 성동구 성수이로20길 43 (성수동2가, (주)G.K문화인쇄)",기타 인쇄업 외 1 종,교과서및 일반서적 출판
(주)대경산업,"서울특별시 성동구 연무장길 78 (성수동2가, 대경빌딩)",편조원단 제조업 외 21 종,"섬유,의류,신발,금속"
(주)대광에이디,서울특별시 성동구 아차산로 42 (성수동1가),간판 및 광고물 제조업,"간찬,네온사인"
(주)대신스페살,서울특별시 성동구 성수이로24길 36 (성수동2가),기타 인쇄업 외 2 종,통장인쇄
(주)대신정밀,서울특별시 성동구 성덕정11길 16 (성수동2가),"물질 검사, 측정 및 분석기구 제조업",경도시험기
(주)대양지업,"서울특별시 성동구 뚝섬로17길 24 (성수동2가, (주)대양지업)",인쇄용 및 필기용 원지 제조업 외 1 종,지류가공
(주)대양티피에스,"서울특별시 성동구 성수이로10길 21 (성수동2가, 대양빌딩)",문구용 종이제품 제조업 외 2 종,은행서식
(주)대영이앤씨,"서울특별시 성동구 성수이로 147, 401호(성수동2가, 아이에스비즈타워) 401호","전자코일, 변성기 및 기타 전자 유도자 제조업 외 1 종","인식표지, 통신자재"
(주)대원문화사,서울특별시 성동구 성수일로10길 12 (성수동2가),기타 인쇄업 외 2 종,상업용홍보인쇄물
(주)대원피지,"서울특별시 성동구 마장로31다길 24, 대원빌딩2층 (마장동)",육류 기타 가공 및 저장처리업 (가금류 제외) 외 1 종,육가공
(주)대주메디테크엔지니어링,서울특별시 성동구 성수일로10길 26 (성수동2가) 5층 502~503호,그 외 기타 의료용 기기 제조업,의료용기기
(주)대하웰시스,서울특별시 성동구 상원10길 7 (성수동1가),커튼 및 유사제품 제조업,블라인드
(주)대한인쇄씨앤씨,"서울특별시 성동구 상원10길 22, 지하1층 (성수동1가)",오프셋 인쇄업 외 1 종,인쇄물
(주)대화라벨앤택스,서울특별시 성동구 성수이로8길 7 (성수동2가),세폭직물 제조업,세포직물 라벨
(주)더스타일코리아,"서울특별시 성동구 성수일로 84, 5층 501 (성수동2가, 남영아파트형공장)",정형외과용 및 신체보정용 기기 제조업,치과 보철물
(주)도서출판점자,서울특별시 성동구 아차산로17길 48 (성수동2가) 1동 415~420호,제책업,도서출판 인쇄
(주)도아팩토리,"서울특별시 성동구 상원1길 26, B205호 (성수동1가) 외 1필지",경 인쇄업 외 3 종,청첩장
(주)동구밭,"서울특별시 성동구 성덕정길 56, B101호 (성수동1가)","치약, 비누 및 기타 세제 제조업",천연비누
(주)동남문화,"서울특별시 성동구 상원6나길 22-20 (성수동1가, 동남문화인쇄)",기타 인쇄업 외 1 종,상업인쇄물
(주)동부피앤비,서울특별시 성동구 연무장길 73 (성수동2가),제책업,제본(제책)
(주)동아칼라팩,"서울특별시 성동구 연무장18길 4 (성수동2가, 2동) (총 5 필지) 외 4필지",경 인쇄업 외 1 종,각종인쇄물
(주)동양TAVE,"서울특별시 성동구 광나루로 130, 서울숲 IT캐슬 지층 B205호 (성수동1가)",기타 음향기기 제조업,구내 방송장치
(주)동일인테리어,"서울특별시 성동구 연무장17길 14, 대군인더스터운 701-1호 (성수동2가)",전시용 모형 제조업,모형
(주)동진에벤에셀,"서울특별시 성동구 연무장19길 3, 79,80호 (성수동2가)","직물, 편조원단 및 의복류 염색 가공업",염가공
(주)동해종합기술공사,"서울특별시 성동구 광나루로6길 35, 211호(성수동2가, 성수동 우림 이비즈센터) 211호",배전반 및 전기 자동제어반 제조업 외 5 종,"계장제어장치, 영상감시장치, 보완용카메라,  차량정보안내장치, 무인안내시스템"
(주)두경프린텍,"서울특별시 성동구 성수이로 87, 1,4층 (성수동2가)",기타 인쇄업 외 1 종,인쇄물
(주)두양천공,"서울특별시 성동구 성수일로 55, 103호 (성수동1가)",건설 및 채광용 기계장비 제조업,토목용기계
(주)두원팩케이지,"서울특별시 성동구 성수이로26길 55, 1층 (성수동2가)",기타 인쇄업,전사라벨
(주)디노시스,"서울특별시 성동구 광나루로6길 35, 우림이비즈센터 501호 (성수동2가)",유선 통신장비 제조업 외 4 종,신호변환/분배기
(주)디에스엘,"서울특별시 성동구 아차산로 15-8, DS빌딩 내 (성수동1가)",일반용 전기 조명장치 제조업,조명기구
(주)디오에스앤유니크,"서울특별시 성동구 연무장17길 14, 302호(성수동2가, 대군인더스 타운) 302호",기타 가정용 전기기기 제조업,태닝기계 및 미용기기
(주)디오에프연구소,서울특별시 성동구 성수일로 77 지2층 B204호,치과용 기기 제조업 외 1 종,"인트라오랄스캐너, 스캔엔진"
(주)라로동신조명,"서울특별시 성동구 성수일로 39-41 (성수동1가, 마루동신)",일반용 전기 조명장치 제조업,일반조명기구
(주)라이마 코리아,"서울특별시 성동구 아차산로17길 49, 10층 1003호(성수동2가, 생각공장데시앙플렉스) 10층 1003호",표면광택제 및 실내가향제 제조업,방향제
(주)레더시스,"서울특별시 성동구 성수이로 144-46 (성수동2가, 한라공조써비스한미사)",핸드백 및 지갑 제조업 외 3 종,피혁제품
(주)레토트레이딩,"서울특별시 성동구 성수일로4길 25, 4층 414,415 (성수동2가)",남자용 겉옷 제조업 외 2 종,"남,여 의류"
(주)로보티어,"서울특별시 성동구 성수이로10길 14, 5층501호 (성수동2가, 에이스 하이엔드 성수타워)",방송장비 제조업 외 8 종,"방송장비,cctv"
(주)로커스솔루션,"서울특별시 성동구 상원12길 34, 1308호 (성수동1가) 1308호 외 2필지","물질 검사, 측정 및 분석기구 제조업 외 2 종","계측기기, 자동측정기, 제어장치"
(주)루치아노,"서울특별시 성동구 성수일로10길 8, 201호 (성수동2가)",여자용 겉옷 제조업,여성의류
(주)루키스,"서울특별시 성동구 성수일로4길 25, 코오롱 디지털타워 1604호, 1608호 (성수동2가)",방송장비 제조업 외 4 종,녹음장비외
(주)리얼게인,"서울특별시 성동구, 1101, 1102호 (성수동2가) 외 1필지",그 외 기타 전자부품 제조업 외 6 종,"전기회로 개폐, 보호 및 접속 장치 제조업 외"
(주)리우솔루션,"서울특별시 성동구 성수일로 89, 304호 (성수동1가)",기기용 자동측정 및 제어장치 제조업 외 2 종,"반도체부품,자동자어반,cctv"
(주)링크아이엔씨,"서울특별시 성동구 아차산로 103, 3층 305-308 (성수동2가)",그 외 기타 의복액세서리 제조업 외 6 종,피혁의류
(주)만삼,"서울특별시 성동구 성수일로 77, 406호 (성수동1가)",기타 조명장치 제조업,조명기구
(주)멘토브랜딩,"서울특별시 성동구 상원6길 18, 1층, 3층 (성수동1가, 제인팅 공장)",기타 인쇄업,패키지박스
(주)무야종합산전,"서울특별시 성동구 아차산로11가길 26, 8호 (성수동2가)","전기회로 개폐, 보호장치 제조업 외 6 종","전기제어,수배전반"
(주)미꼬쥬얼리,"서울특별시 성동구 성수이로24길 38, 404호 (성수동2가)",귀금속 및 관련제품 제조업,"귀금속(반지,귀걸이,목걸이,메달)"
(주)미노공영,"서울특별시 성동구 광나루로 204 (성수동2가, 신당종합유리)",액체 여과기 제조업 외 13 종,"여과기, 합성수지 외"
(주)미래셀바이오,"서울특별시 성동구, 15층 1509 (성수동2가)",생물학적 제제 제조업,줄기세포치료제
(주)미르에스디아이,"서울특별시 성동구 아차산로 49, 서울숲코오롱디지털타워3차 501호 (성수동1가)",기타 음향기기 제조업 외 3 종,콘트롤러외
(주)미림씨엔피,"서울특별시 성동구 연무장길 116, 1,2층 (성수동2가)",제책업,메뉴얼 외
(주)바이오닉스,"서울특별시 성동구 뚝섬로1길 63, 15층 (성수동1가)",생물학적 제제 제조업,올리고 단백질
(주)바이오다인,서울특별시 성동구 아차산로5길 24-4 (성수동2가),그 외 기타 의료용 기기 제조업 외 1 종,"체액분석기, 시약"
(주)바이오세움,"서울특별시 성동구 아차산로 144, 206호 (성수동2가)",그 외 기타 분류 안된 화학제품 제조업 외 1 종,의약품(생명과학)
(주)바이오스파인,"서울특별시 성동구 동일로 89, 진선빌딩 300호 (성수동2가)",정형외과용 및 신체보정용 기기 제조업,의료기기
(주)버딩트리,"서울특별시 성동구 광나루로6길 49, 704호, 705호(성수동2가, 모터씨티빌딩)",여자용 겉옷 제조업 외 1 종,여성의류
(주)베러웨이시스템즈,"서울특별시 성동구 아차산로11길 30, 101, 201, 401-404, 604호(성수동2가, 삼성아파트형공장) 101, 201, 401-404, 604호",경 인쇄업,스티커
(주)베스트텍,"서울특별시 성동구 왕십리로10길 6, 510호(성수동1가, 서울숲비즈포레) 510호",기타 주변기기 제조업 외 1 종,"멀티미디어학습장치, 컴퓨터서버 및 스토리지"
(주)베이스스톤,"서울특별시 성동구 성수일로8길 5, 에이동 1101호(성수동2가, 서울숲 SK V1 TOWER) 에이동 1101호",컴퓨터 제조업,특수목적컴퓨터
(주)보문특수칼라,"서울특별시 성동구 뚝섬로15길 16 (성수동2가, (주)금성전자부품)",기타 인쇄업 외 1 종,박스인쇄
(주)보성프린테크,"서울특별시 성동구 연무장5가길 25, B110호 (성수동2가)",오프셋 인쇄업,크린룸용품 및 기타인쇄물
(주)부래당,"서울특별시 성동구 아차산로11길 18 (성수동2가, (주)부래당, (주)언어더필)",여자용 겉옷 제조업,여성의류
(주)북모아,"서울특별시 성동구 연무장5가길 25, b111, b112, b113호 (성수동2가)",기타 인쇄업,인쇄물
(주)브로닉스정보통신,"서울특별시 성동구 아차산로15길 52, 7층 704호 (성수동2가, 삼환 디지텔 벤처타워)",방송장비 제조업 외 4 종,방송장비
(주)블루그린,"서울특별시 성동구 아차산로7나길 18, 709호(성수동2가, 대선 APEX CENTER) 709호",표면광택제 및 실내가향제 제조업,방향제
(주)비앤아이시스템,"서울특별시 성동구 아차산로11길 30, 삼성동 5층 501호 (성수동2가)",그 외 기타 종이 및 판지 제품 제조업,바코드 라벨 외
(주)비앤아이테크,"서울특별시 성동구 왕십리로10길 6, 914호(성수동1가, 서울숲비즈포레) 914호",유선 통신장비 제조업 외 6 종,"cctv, 출입통제, 통신장비외"
(주)비에이치쓰리디 조형학원,"서울특별시 성동구 뚝섬로17가길 48, 502호(성수동2가, 성수에이원 지식산업센터) 502호",인형 및 장난감 제조업,"피규어, 아트토이, 구체관절인형"
(주)비엘에스,"서울특별시 성동구 광나루로 130, 서울숲IT캐슬 1207호 (성수동1가)",유선 통신장비 제조업 외 2 종,구내 방송 장비
(주)산테텍스,"서울특별시 성동구 성수이로 51, 8층 806 (성수동2가, 서울숲 한라시그마밸리)",날염 가공업,원단
(주)삼광트러스트,"서울특별시 성동구 아차산로5길 13 (성수동2가, (주)삼광트러스트 사옥)",핸드백 및 지갑 제조업 외 1 종,"악세사리, 피혁제품"
(주)삼금아스코,서울특별시 성동구 성수일로3길 15 (성수동1가),기타 조명장치 제조업 외 7 종,전기용품
(주)삼립인쇄,"서울특별시 성동구 성수이로 144-29, 1층 105 (성수동2가, 서울제일인쇄공업사업협동조합)",오프셋 인쇄업 외 1 종,"출판서적, 카다로그, 달력 외"
(주)삼복인터내셔날,서울특별시 성동구 도선동 111번지 삼복빌딩 2층,침구 및 관련제품 제조업,린넨류
(주)삼성라디칼텍,"서울특별시 성동구 연무장17길 14, 2층 202 (성수동2가, 대군인더스 타운)",그 외 기타 전기장비 제조업 외 2 종,"오존수살균기,OH라디칼살균기,실리콘등"
(주)삼성유브이인쇄,"서울특별시 성동구 성수일로 84, B1층 . (성수동2가, 남영아파트형공장)",오프셋 인쇄업 외 1 종,"제품포장박스,전단지"
(주)삼우아트,"서울특별시 성동구 연무장17길 3, 1층 101호 (성수동2가) 외 1필지",스크린 인쇄업 외 4 종,"광고, 판촉물"
(주)삼원프린테크,"서울특별시 성동구 성수이로26길 45 (성수동2가, 세종C&P공장)",기타 인쇄업 외 1 종,"행택,라벨,스티커,옵셋인쇄"
(주)삼정펌프,서울특별시 성동구 뚝섬로5길 38 (성수동2가),액체 펌프 제조업,"모터,펌프,양수기"
(주)삼진이엔씨,"서울특별시 성동구 아차산로 156 (성수동2가, 삼진조명)",일반용 전기 조명장치 제조업,조명기기
(주)삼진이엔알,"서울특별시 성동구 아차산로 103, 영동테크노타워 510 (성수동2가)","탭, 밸브 및 유사장치 제조업",밸브 어셈블리
(주)삼진코팅,서울특별시 성동구 성수이로18길 41 (성수동2가),종이 포대 및 가방 제조업,종이가방
(주)상현원색,서울특별시 성동구 성수이로24길 16 (성수동2가),기타 인쇄업 외 2 종,인쇄
(주)서울생주조,"서울특별시 성동구 광나루로8길 19 (성수동2가, 지산탁주공장)",탁주 및 약주 제조업,탁주
(주)서울에스티,서울특별시 성동구 성수일로 52(성수동2가),그 외 기타 1차 철강 제조업,"철강, 판금제품"
(주)서원피앤씨,서울특별시 성동구 연무장17길 11 (성수동2가),골판지 상자 및 가공제품 제조업,골판지 상자 외
(주)선명제본,"서울특별시 성동구 성수일로 111 (성수동1가, 선명제본)",기타 인쇄업 외 1 종,책
(주)선명제본,서울특별시 성동구 성수동2가 257번지 외 1필지,제책업,제책
(주)선영인쇄,"서울특별시 성동구 성수이로8길 5, 1층 (성수동2가)",기타 인쇄업 외 1 종,종이인쇄물
(주)선화테크,"서울특별시 성동구 뚝섬로15길 17-25 (성수동2가, 한양금속)",디지털 적층 성형기계 제조업 외 1 종,복사기부품
(주)성보프린팅,"서울특별시 성동구 연무장5길 9-29, 2층(성수동2가, 삼덕정판)",기타 인쇄업 외 1 종,종합인쇄
(주)성신문화인쇄사,"서울특별시 성동구 아차산로11가길 22 (성수동2가, 주1)",기타 인쇄업 외 1 종,옵셋인쇄
(주)성신문화인쇄사,"서울특별시 성동구 아차산로11가길 22 (성수동2가, 주1)",기타 인쇄업 외 2 종,인쇄
(주)성신페이퍼,"서울특별시 성동구 아차산로15길 52, 3층 306호 (성수동2가, 삼환 디지텔 벤처타워)","플라스틱 포대, 봉투 및 유사제품 제조업","펄프, 종이, 위생용지, 접착용테이프"
(주)성원애드피아,서울특별시 성동구 성수일로 80 (성수동2가),기타 인쇄업 외 2 종,"전단,명함,스티커,봉투"
(주)성음,"서울특별시 성동구 아차산로 73 (성수동2가, (주)성음)",기록매체 복제업,"음반,콤팩디스크"
(주)성일데칼,"서울특별시 성동구 아차산로5길 24-28, 1층 (성수동2가)",간판 및 광고물 제조업,광고물(현수막)
(주)성일화학,서울특별시 성동구 둘레23길 3 (성수동2가),합성수지 및 기타 플라스틱 물질 제조업,샤워기헤드
(주)성지프로덱트,"서울특별시 성동구 왕십리로10길 6 (성수동1가, 신광케미칼)",기타 인쇄관련 산업,"쇼핑백,라벨"
(주)성진피앤케이,"서울특별시 성동구 광나루로4길 1-30 (성수동2가, 성진레이져테크)",그 외 기타 종이 및 판지 제품 제조업 외 1 종,"목형, 스티커"
(주)세림서울지사,"서울특별시 성동구 아차산로13길 21 (성수동2가, C동)","적층, 합성 및 특수표면처리 종이 제조업",점착라벨원단
(주)세양텔레콤,"서울특별시 성동구 아차산로15길 52, 지하층 B01호 (성수동2가, 삼환 디지텔 벤처타워)",방송장비 제조업 외 2 종,방송장비
(주)세원정밀,"서울특별시 성동구 아차산로 158 (성수동2가, 세원정밀인쇄(주))",경 인쇄업 외 1 종,"옵셋인쇄물(카다로그,전단)"
(주)세이크엠이씨,"서울특별시 성동구 아차산로 49, 서울숲코오롱디지털타워3차 805호 (성수동1가)",구조용 금속 판제품 및 공작물 제조업,닥트
(주)세익피앤디,"서울특별시 성동구 연무장길 89, 1층 (성수동2가)",기타 인쇄업 외 1 종,인쇄품
(주)세인아이씨티,"서울특별시 성동구 아차산로17길 57, 휴먼테코 901,902호 (성수동2가)",메모리용 전자집적회로 제조업 외 1 종,"정보보안소프트웨어, 보안소프트웨어회로"
(주)세진조명,서울특별시 성동구 상원길 50-11 (성수동1가),일반용 전기 조명장치 제조업,조명기구
(주)세호영상,서울특별시 성동구 광나루로8길 31 (성수동2가) FB101호,유선 통신장비 제조업 외 6 종,씨씨티비 카메라 액세서리
(주)센서젠,"서울특별시 성동구 광나루로 144, 403, 404호(성수동1가, 더 스페이스 타워) 403, 404호","물질 검사, 측정 및 분석기구 제조업",동물용 의료기기
(주)소닉스,"서울특별시 성동구 성수이로24길 38, 7층 703호 (성수동2가, 신흥아파트형공장)",산업처리공정 제어장비 제조업 외 1 종,"화상인식장치,반도체제어장비"
(주)송지오옴므,서울특별시 성동구 아차산로11가길 20 (성수동2가),남자용 겉옷 제조업,남성용정장
(주)수성인투,"서울특별시 성동구 뚝섬로17길 24 (성수동2가, (주)대양지업)",주형 및 금형 제조업 외 2 종,금형
(주)슈매니아,서울특별시 성동구 연무장13길 11 (성수동2가),구두류 제조업,신발(구두류)
(주)스타코프,"서울특별시 성동구 아차산로 17, 1405호(성수동1가, 서울숲 L-Tower) 1405호",속도계 및 적산계기 제조업 외 1 종,전기차 충전용 과금형 콘센트
(주)스타키코리아,"서울특별시 성동구 상원12길 1, 스타키빌딩 지하1층,지상5,6,7층 (성수동1가)",정형외과용 및 신체보정용 기기 제조업,보청기
(주)스테이지넷,"서울특별시 성동구 서울숲2길 46-10, 1층 (성수동1가)",방송장비 제조업 외 2 종,조명기기 및 음향엠프류
(주)시너젠,서울특별시 성동구 성수일로4길 25 (성수동2가) 서울숲코오롱디지털타워 505호,배전반 및 전기 자동제어반 제조업 외 1 종,빌딩자동제어장치
(주)신당종합유리,"서울특별시 성동구 광나루로 204 (성수동2가, 신당종합유리)",안전유리 제조업 외 1 종,판유리가공품
(주)신도리코,서울특별시 성동구 성수이로24길 8 (성수동2가) (주) 신도리코 1층,사무용 기계 및 장비 제조업 외 5 종,3d프린터 토너
(주)신성계전,"서울특별시 성동구 성수이로18길 34-1 (성수동2가, (주)신성계전)",방전램프용 안정기 제조업 외 6 종,"누전차단기, 타임스위치"
(주)신세계도금,서울특별시 성동구 성수일로12길 27 (성수동2가) (주)창미 110호,도금업,금속가공품
(주)신주원디앤지,"서울특별시 성동구 성수이로 147, 1306,1307 (성수동2가)",침구 및 관련제품 제조업,침구류
(주)신창자동화시스템,"서울특별시 성동구 성수일로12길 27 (성수동2가, (주)창미)",전기경보 및 신호장치 제조업 외 2 종,차량검지기
(주)신한개발,"서울특별시 성동구 성수일로10길 26, 701호, 702호(성수동2가, 하우스디 세종타워) 701호, 702호",교통 신호장치 제조업,교통제어 시스템
(주)신화프린팅,"서울특별시 성동구 상원길 81, 지하1층 (성수동1가)",그 외 기타 종이 및 판지 제품 제조업 외 1 종,"스티커, 인쇄물"
(주)쓰리피엠코리아,서울특별시 성동구 성수동2가 284-67번지 지층,기타 인쇄업 외 2 종,인쇄물
(주)씨즈디자인,"서울특별시 성동구 성수일로12길 19, 지층~4층 (성수동2가)",그 외 기타 가구 제조업,아크릴장식장
(주)아세아이엔티,"서울특별시 성동구 아차산로11길 7 (성수동2가, 아세아전기공업(주))",기타 전기 변환장치 제조업 외 41 종,"무정전전원장치,배전반류장비"
(주)아세아통상,"서울특별시 성동구 성수이로22길 37, 8층 807 (성수동2가, 성수동 아크밸리)",기타 무선 통신장비 제조업 외 2 종,이동형영상감시시스템
(주)아스테라시스,"서울특별시 성동구 성수일로4길 25, 5층 507,508,313 (성수동2가)",그 외 기타 의료용 기기 제조업,기타 피부과용 의료기기 제조
(주)아이브이에스,"서울특별시 성동구 광나루로6길 35, 우림이비즈센터 306호 (성수동2가)",분사기 및 소화기 제조업,셀프책소독기
(주)아이시에스,"서울특별시 성동구 아차산로17길 57, 7층 707호, 708호 (성수동2가, 일신건영휴먼테코)",배전반 및 전기 자동제어반 제조업,PLC판넬
(주)아이에스텍,"서울특별시 성동구 연무장5가길 7, B104호, W동 805호 (성수동2가)","증류기, 열교환기 및 가스발생기 제조업 외 2 종",가스발생기 제조
(주)아이월드테마파크,"서울특별시 성동구 성수일로 84, 남영아파트형공장 303호 (성수동2가)",일반용 전기 조명장치 제조업 외 1 종,조명등기구
(주)아이테크엔지니어링,"서울특별시 성동구 성수일로4길 25, 1503호(성수동2가, 서울숲코오롱디지털타워) 1503호","전자기 측정, 시험 및 분석기구 제조업 외 3 종","계측제어기, 제어기 성능측정 및 분석장치"
(주)아이템풀코리아,"서울특별시 성동구 성수이로10길 14 (성수동2가, 아이템플신문사)",기타 인쇄업 외 1 종,학습지제조
(주)아인스 투윈포럼,서울특별시 성동구 뚝섬로3나길 13 (성수동1가),그 외 기타 가구 제조업 외 1 종,롤스크린
(주)아쿠아스마트코리아,"서울특별시 성동구 아차산로7길 44, 지층(대풍빌딩) (성수동2가)",그 외 기타 분류 안된 화학제품 제조업 외 1 종,부식억제재
(주)아트디앤피,서울특별시 성동구 아차산로13길 53 (성수동2가),기타 인쇄업,인쇄
(주)아트매니아플러스,"서울특별시 성동구 아차산로11길 27, 3층 301호 (성수동2가, 윈스타워 아파트형 공장)",경 인쇄업 외 2 종,인쇄
(주)아트임팩트,"서울특별시 성동구 성수이로 51, 2층 209,210 (성수동2가, 서울숲 한라시그마밸리)",가방 및 기타 보호용 케이스 제조업,직물제 가방 제조
(주)알엔알,"서울특별시 성동구 연무장5가길 25, 1106호(성수동2가, 성수역 SK V1 Tower) 1106호",비디오 및 기타 영상기기 제조업,영상장비 제조
(주)애드맨,"서울특별시 성동구 성수일로12길 1, 1층 (성수동2가)",경 인쇄업 외 2 종,인쇄물
(주)애드맨,서울특별시 성동구 아차산로5길 24-41 (성수동2가),간판 및 광고물 제조업 외 3 종,스크린
(주)애드웍커뮤니케이션,"서울특별시 성동구 아차산로 103, 영동테크노타워 2208호 (성수동2가)",기타 인쇄업 외 2 종,광고물인쇄
(주)애디웹,"서울특별시 성동구 성수이로 88, 남정빌딩 2층 (성수동2가)",기타 인쇄업 외 1 종,"일반라벨, 김밥 샌드위치 햄버거 도시락 라벨, 특수 라벨"
(주)앤드위,"서울특별시 성동구 아차산로 137, 3층 (성수동2가, 승림빌딩)",간판 및 광고물 제조업,간판 안내판
(주)어나더필,"서울특별시 성동구 아차산로11길 18 (성수동2가, (주)부래당, (주)언어더필)",그 외 기타 봉제의복 제조업,여성의류
(주)에스앤씨얼라이언스,"서울특별시 성동구 아차산로 49, 13층 1305 (성수동1가, 서울숲 코오롱디지털타워 Ⅲ)",비디오 및 기타 영상기기 제조업 외 2 종,"비디오 및 기타영상기기 , 전구 및 램프"
(주)에스엠파트너스,서울특별시 성동구 성수이로3길 5 (성수동2가),일반용 전기 조명장치 제조업 외 1 종,"특수조명,항공장애등"
(주)에스와이어패럴,"서울특별시 성동구 연무장19길 7 (성수동2가, (주)SY어패럴)",셔츠 및 블라우스 제조업 외 1 종,셔츠
(주)에스제이글로벌,"서울특별시 성동구 아차산로17길 57, 휴먼테코 205호 (성수동2가)",그 외 기타 전기장비 제조업 외 1 종,물티슈기례
(주)에어콕,"서울특별시 성동구 아차산로17길 48, 1510호(성수동2가, 성수 SK V1 CENTER I) 1510호","물질 검사, 측정 및 분석기구 제조업",실내외공기질측정기
(주)에어패스,"서울특별시 성동구 성수이로22길 37, 6층 604 (성수동2가, 성수동 아크밸리) 외 1필지",남자용 겉옷 제조업,남성용정장
(주)에이린케이,"서울특별시 성동구 아차산로 103, 10층 1005호 (성수동2가)","치약, 비누 및 기타 세제 제조업","천연비누,아로마디퓨저,캔들"
(주)에이브이시스,"서울특별시 성동구 성수일로 55, SK테크노빌딩 104호 (성수동1가)",기타 구조용 금속제품 제조업 외 1 종,"멀티비디오용 브라켓, 키오스크"
(주)에이스닥트자재,"서울특별시 성동구 동일로 195, 1층 (송정동)",산업용 송풍기 및 배기장치 제조업,"각형덕트, 후드, 챔버, 그릴박스"
(주)에이앤티플러스,"서울특별시 성동구 성수이로 147, 7층 703 (성수동2가) 7층 703호",방송장비 제조업 외 1 종,"HDMI to UTP전송기, CCTV, IP전화기"
(주)에코란트,"서울특별시 성동구 상원12길 34, 8층 814호(성수동1가) 8층 814호",일반용 전기 조명장치 제조업 외 2 종,"스마트 조명 제어기 2종, 게이트웨이"
(주)에프앤씨,"서울특별시 성동구 성수이로22길 57, 영진빌딩 3층 (성수동2가)",구두류 제조업,구두류제조
(주)에프앤씨,"서울특별시 성동구 아차산로11가길 36, 2층 (성수동2가)",구두류 제조업,구두
(주)엔시스템즈,"서울특별시 성동구 성수이로 147, 10층 1005 (성수동2가)",유선 통신장비 제조업,"광송신기, 광 증폭기"
(주)엔에스코,"서울특별시 성동구 성수이로 51, 4층 408 (성수동2가, 서울숲 한라시그마밸리)",일반용 전기 조명장치 제조업,조명기기
(주)엔투원시스템,"서울특별시 성동구 아차산로 144 (성수동2가, 우영테크노센터) 3층 301호 외 1필지",방송장비 제조업 외 1 종,카메라(CCTV 용)
(주)엘엔씨라이텍,"서울특별시 성동구 성수일로 39-41, 3층 (성수동1가, 마루동신)",일반용 전기 조명장치 제조업,LED조명기구제조(가정용)
(주)엘프만,"서울특별시 성동구 마장로25길 13-1, 4층 (홍익동, 은석빌딩)","근무복, 작업복 및 유사의복 제조업",의류
(주)엠아이에스피,"서울특별시 성동구 상원1길 26, 501호(성수동1가, 서울숲A타워) 501호 외 1필지",일반용 전기 조명장치 제조업 외 1 종,LED 경관조명기구
(주)엠와이칼라,"서울특별시 성동구 뚝섬로1길 31, 서울숲M타워 B101 (성수동1가)",감광재료 및 관련 화학제품 제조업,토너카트리지
(주)열림정보기술,서울특별시 성동구 아차산로17길 48 (성수동2가) 성수 SK V1 CENTER I 1314호,유선 통신장비 제조업 외 1 종,"영상감시장치, 유선통신장비제조"
(주)예인미술,"서울특별시 성동구 성수일로10길 23(성수동2가, 예인미술 성수동 신사옥)",오프셋 인쇄업 외 4 종,인쇄물
(주)오르미디어그룹,"서울특별시 성동구 성수일로10길 26, 3층 301 (성수동2가) 3층 301호",방송장비 제조업 외 3 종,LED전광판
(주)오리엔탈라인,"서울특별시 성동구, 1001호, B403호, B405호, B408호 (성수동1가)",간판 및 광고물 제조업,"차량용부착시트, 건물 내,외부부착시트, 사인물 제작"
(주)오리온이엔씨,"서울특별시 성동구 성수이로22길 37, 13층 1306 (성수동2가, 성수동 아크밸리) 13층 1306호","물질 검사, 측정 및 분석기구 제조업 외 2 종","검사기, 검역기"
(주)오스킴코리아,"서울특별시 성동구 아차산로17길 57, 휴먼테코 504,505호 (성수동2가)",침구 및 관련제품 제조업,"홈패션, 침구"
(주)오시에스티,"서울특별시 성동구 성수이로7가길 13, 3층 (성수동2가)",산업처리공정 제어장비 제조업 외 1 종,전자연동장치기판
(주)와이앤씨,"서울특별시 성동구 광나루로 260, 2층4층 (성수동2가)",구두류 제조업,여성구두
(주)와일드싱,서울특별시 성동구 아차산로17길 49 (성수동2가) 1202호,기타 무선 통신장비 제조업,유뮤선 통신장치
(주)용진기전,서울특별시 성동구 광나루로 229 (송정동),액체 여과기 제조업 외 12 종,슬러지수집기 외
(주)우성자동문,서울특별시 성동구 성수이로 86 (성수동2가),"금속 문, 창, 셔터 및 관련제품 제조업 외 2 종",자동문작동기
(주)우진정보,"서울특별시 성동구 광나루로8길 31, FB104호(성수동2가)",방송장비 제조업 외 1 종,CCTV  CAMERA  ACCESSORY외
(주)우진통상,"서울특별시 성동구 성수이로 51, 서울숲한라시그마밸리 409호,509호 (성수동2가)",유아용 의복 제조업,유아동 의류
(주)우행티엠에스,서울특별시 성동구 아차산로 111(성수동2가),기타 인쇄업 외 2 종,은행서식류 인쇄물
(주)원파워,"서울특별시 성동구 뚝섬로15길 23-9, 3층 와이낫빌딩 (성수동2가)",경 인쇄업,라벨인쇄
(주)월드조명,"서울특별시 성동구 성수이로3길 11, 1층 (성수동2가)",일반용 전기 조명장치 제조업 외 10 종,전기조명
(주)유니프린,"서울특별시 성동구 아차산로11길 27, 501호(성수동2가, 윈스타워) 501호",가방 및 기타 보호용 케이스 제조업,"가방, 지갑, 핸드백, 호텔용품, 인형"
(주)유정캄파티,"서울특별시 성동구 성수이로 144-29, B101호 (성수동2가)",기타 인쇄업 외 1 종,"(책자,카다로그,전단지)"
(주)유풍잉크,서울특별시 성동구 성수일로 80-7 (성수동2가),인쇄잉크 및 회화용 물감 제조업,"인쇄잉크,그라비아잉크"
(주)유한정공,서울특별시 성동구 성수이로18길 32-1 (성수동2가),수동식 식품 가공기기 및 금속 주방용기 제조업 외 18 종,주방기구
(주)윤진어패럴,"서울특별시 성동구 성수이로10길 14, 505호 (성수동2가, 에이스 하이엔드 성수타워)",속옷 및 잠옷 제조업 외 2 종,의류
(주)이레에너지테크,"서울특별시 성동구 성수이로 51, 서울숲한라시그마밸리 606호 (성수동2가)",배전반 및 전기 자동제어반 제조업,"자동제어반,수배전반"
(주)이솝키드어페럴,서울특별시 성동구 아차산로 66 (성수동2가),유아용 의복 제조업,소아용의류
(주)이에스제화,"서울특별시 성동구 아차산로17길 57, 5층 507,508 (성수동2가, 일신건영휴먼테코)",구두류 제조업,수제화
(주)이엔티코리아,"서울특별시 성동구 아차산로17길 57, 일신건영휴먼테코 403호 (성수동2가)",배전반 및 전기 자동제어반 제조업 외 1 종,"자동제어반, PLC panel 샘플링시스템"
(주)이엠케이파트너스,"서울특별시 성동구 연무장길 89, 3층(성수동2가)",전시용 모형 제조업 외 2 종,교시용 모형제조
(주)이젠디엔피,"서울특별시 성동구 성수이로7가길 3, 1층 (성수동2가, (주)용성산업)",인쇄용 및 필기용 원지 제조업 외 1 종,"카다로그, 브로셔, 전단외 각종인쇄물"
(주)인디고씨큐리티,"서울특별시 성동구 아차산로11길 12 (성수동2가, 진일빌딩)",그 외 기타 전자부품 제조업 외 3 종,컴퓨터 입출력장치
(주)인스틴솔루션,"서울특별시 성동구 성수이로18길 31, 6층 601 (성수동2가, 풍림테크원)",기타 음향기기 제조업 외 2 종,음향기기
(주)인포스테크놀러지,"서울특별시 성동구 상원1길 26, B104호(성수동1가, 서울숲A타워) B104호",무기 및 총포탄 제조업 외 1 종,전자충격기
(주)인퓨닉스테크놀로지,"서울특별시 성동구 왕십리로4가길 13, 중일빌딩 2층 (성수동1가)",전기식 진단 및 요법 기기 제조업,의료용산소포화도측정기
(주)일조아이디,서울특별시 성동구 광나루로 290 (성수동2가),커튼 및 유사제품 제조업 외 2 종,"커튼, 블라인드, 버티칼"
(주)일진인쇄,"서울특별시 성동구 상원길 17-1 (성수동1가, (주)일진인쇄)",기타 인쇄업 외 2 종,"전단지,카다로그,리플렛"
(주)일진인쇄,서울특별시 성동구 상원10길 24 (성수동1가),기타 인쇄업 외 1 종,"카탈로그, 전단, 리풀렛"
(주)자이언트드론,서울특별시 성동구 자동차시장1길 28 (용답동) 인터텍스빌딩 2층,무인 항공기 및 무인 비행장치 제조업,드론
(주)정수글로벌,"서울특별시 성동구 성수일로 55, 8층 801 (성수동1가, SK테크노빌딩)",기타 주변기기 제조업 외 1 종,"DVD복사기,도서관리시스템"
(주)정우섬유,"서울특별시 성동구 아차산로13길 15 (성수동2가, 정우섬유) (총 3 필지) 외 2필지",편조원단 제조업,원단
(주)제성씨엔엠,서울특별시 성동구 아차산로9길 17 (성수동2가),주형 및 금형 제조업,프라스틱사출
(주)제이디디자인,"서울특별시 성동구 성수일로10길 26, B1층 101호 (성수동2가) B1층 101호",경 인쇄업,책자(인쇄물)
(주)제이앤케이플러스,"서울특별시 성동구 아차산로11길 12, 2층(성수동2가, 진일빌딩)",비 및 솔 제조업,"치실, 치간칫솔"
(주)제이엔티코퍼,"서울특별시 성동구 성수이로22길 61, 일심빌딩 5층 (성수동2가)",핸드백 및 지갑 제조업,"가방, 핸드백"
(주)제이캔,서울특별시 성동구 연무장5가길 25 (성수동2가) 성수역 SK V1 Tower 12층 1210호,그 외 기타 의복액세서리 제조업,벨트 액세서리 의류
(주)제일종합기계,서울특별시 성동구 성수이로16길 26 (성수동2가),"용기 세척, 포장 및 충전기 제조업 외 1 종",식품기계
(주)제타뱅크,"서울특별시 성동구 광나루로6길 20, 6층 605호(성수동2가, 이글타운아파트형공장) 6층 605호",산업용 로봇 제조업 외 1 종,"교육용 로봇, 소프트웨어유지및지원서비스, 정보인프라구축서비스"
(주)좋은사람들,서울특별시 성동구 동일로 123 (성수동2가) 선빌딩 5층,속옷 및 잠옷 제조업,의류 속옷
(주)지구화학,"서울특별시 성동구 성수일로4길 47 (성수동2가, 지구화학)",사무 및 회화용품 제조업,"색연필,불어펜"
(주)차르,"서울특별시 성동구 성수일로4길 39, 모아빌딩 406호 (성수동2가)",공기 조화장치 제조업,주택환기장치
(주)창미,"서울특별시 성동구 성수일로12길 27 (성수동2가, (주)창미)","근무복, 작업복 및 유사의복 제조업 외 4 종","관공서유니폼,학생복"
(주)체인지레이디,"서울특별시 성동구 고산자로 269, 204, 205호 (도선동, 신한넥스텔)","근무복, 작업복 및 유사의복 제조업 외 4 종","의류, 자켓, 바지, 티셔츠, 넥타이, 스카프 등"
(주)최고로 디지탈,"서울특별시 성동구 성수이로24길 38, 4층 401호 (성수동2가, 신흥아파트형공장)",사무용 기계 및 장비 제조업,사무용기계
(주)케세코,"서울특별시 성동구 성수일로 84, 남영아파트형공장 8층 (성수동2가)",그 외 기타 전기장비 제조업 외 1 종,전기절전기
(주)케이믹글로벌,서울특별시 성동구 성수이로 66 (성수동2가) 서울숲 드림타워 606호,유선 통신장비 제조업,자동차 안내장치
(주)케이아이엠지,"서울특별시 성동구 아차산로 67-16, 지하1층 (성수동2가)",간판 및 광고물 제조업,광고용 실사출력물
(주)케이엠에이티,"서울특별시 성동구 아차산로17길 57, 4층 401 (성수동2가, 일신건영휴먼테코)",의료용 가구 제조업 외 1 종,이동식 태양광 식수정수장치
(주)케이이앤티,"서울특별시 성동구 성수일로4길 12, 3층 (성수동1가)",방송장비 제조업 외 4 종,방송 및 무선통신기기 제조업
(주)케이투이,"서울특별시 성동구 성수이로 147, 9층 909 (성수동2가)",방송장비 제조업 외 3 종,방송장비 등
(주)코너스,"서울특별시 성동구 아차산로 49, B층 106호(성수동1가, 서울숲 코오롱디지털타워 Ⅲ) B층 106호",기타 무선 통신장비 제조업 외 1 종,"상황인지형 위치안내시스템, 비상구유도등"
(주)코아네트,"서울특별시 성동구 성수일로 77, 605,604,606 (성수동1가, 서울숲IT밸리)",그 외 기타 전자부품 제조업 외 6 종,원전제어계측기
(주)코파스,"서울특별시 성동구 성수일로 77, 1111호 (성수동1가, 서울숲IT밸리)",사무용 기계 및 장비 제조업 외 3 종,"출퇴근기록기, 순찰관리시스템"
(주)코프리,"서울특별시 성동구 성수이로 126, 성수실업빌딩 301호 (성수동2가)",스크린 인쇄업 외 2 종,판촉물
(주)큐미인터내셔널,"서울특별시 성동구 뚝섬로3길 9, 에이동 3층 (성수동1가, 나동)",그 외 기타 봉제의복 제조업,스포츠 의류
(주)클라비스에너제틱,"서울특별시 성동구 성수이로24길 38, 6층 603호, 604호, 606호(성수동2가) 6층 603호, 604호, 606호",모조 귀금속 및 모조 장신용품 제조업,의료기기 건강팔찌
(주)탑트레이딩이엔지,"서울특별시 성동구 광나루로6길 35, 4층 403,404 (성수동2가)","증류기, 열교환기 및 가스발생기 제조업 외 1 종",환경분석장비
(주)태성에프비,서울특별시 성동구 성수2가제3동 302-42번지,표구처리업 외 1 종,"단추,파스너"
(주)태우산업,"서울특별시 성동구 뚝섬로15길 13, 1층 (성수동2가)",수동식 식품 가공기기 및 금속 주방용기 제조업 외 3 종,"식품운반차, 국솥, 식품포장기계"
(주)투윈스컴,"서울특별시 성동구 아차산로11길 27 (성수동2가, 윈스타워 아파트형 공장) 5,3,1층 502,302,101호",유선 통신장비 제조업 외 4 종,CCTV
(주)투윈이노베이션,"서울특별시 성동구 아차산로11길 27, 3층 302 (성수동2가, 윈스타워 아파트형 공장)",유선 통신장비 제조업,보안시스템기기
(주)트리엠(제1공장),"서울특별시 성동구 상원길 19, 4층 (성수동1가, 신한 IT TOWER)","사진기, 영사기 및 관련 장비 제조업  외 5 종",광학기기
(주)티엠디랩,서울특별시 성동구 광나루로8길 31 (성수동2가) 6층 (성수에스케이이브이원 센터2),그 외 기타 의료용 기기 제조업,"누도스텐트, 혈관스텐트"
(주)팜스빌,"서울특별시 성동구 아차산로 103, B2층 2201 (성수동2가)",건강기능식품 제조업 외 2 종,건강기능식품
(주)패션플라잉,"서울특별시 성동구 성수이로7길 27, 6층 609 (성수동2가, 서울숲 코오롱 디지털타워2)",편조원단 제조업 외 2 종,원단
(주)펀진,서울특별시 성동구 연무장5가길 7 (성수동2가) 성수역 현대테라스타워 EAST동 13층 1307호,컴퓨터 제조업,엔젤케어(소형PC)
(주)페코텍,"서울특별시 성동구 동일로 169 (성수동2가) B1층 101,201호",위생용 및 산업용 도자기 제조업 외 3 종,"캐필러리, 콜렛류"
(주)포시,서울특별시 성동구 아차산로11길 10 (성수동2가),기타 직물제품 제조업 외 3 종,"간판,진열대"
(주)포이엔,"서울특별시 성동구 아차산로11가길 36, 4층 (성수동2가, 삼영빌딩)",혼성 및 재생 플라스틱 소재 물질 제조업,목재플라스틱 복합재
(주)포인엑스,"서울특별시 성동구 성수일로8길 5, A동 402호 (성수동2가)",배전반 및 전기 자동제어반 제조업,분산제어시스템
(주)포인투랩,"서울특별시 성동구 상원12길 34, 1306호, 1307호(성수동1가) 1306호, 1307호",컴퓨터 제조업,노트북컴퓨터
(주)포커스테크놀로지,"서울특별시 성동구 성수일로4길 25, 서울숲코오롱디지털타워 801-803 (성수동2가)",기기용 자동측정 및 제어장치 제조업 외 4 종,원자력발전소 제어기
(주)피알앤북스,"서울특별시 성동구 상원10길 24, 지하1층 (성수동1가)",플라스틱 필름 제조업 외 7 종,"기타인쇄물, 박스, 제본, 수첩, 비금속명판"
(주)피앤지타운,"서울특별시 성동구 성수일로12길 26, 906호 (성수동2가, 서울숲 코리아IT센터) 906호",간판 및 광고물 제조업,"간판, 옥외광고물"
(주)필드론,"서울특별시 성동구 아차산로 33 (성수동1가, 삼일빌딩)",기타 무선 통신장비 제조업,통신장비
(주)하람유앤에프,"서울특별시 성동구 광나루로 196, 2층 (성수동1가)",남자용 겉옷 제조업 외 7 종,의류
(주)하람유앤에프,"서울특별시 성동구 무학로14길 64, 4층 (마장동)",기타 직물제품 제조업 외 5 종,의류
(주)하인펜서,"서울특별시 성동구 성수일로10길 8, 703호 (성수동2가)",산업용 냉장 및 냉동 장비 제조업,냉각기
(주)한국교육문화,"서울특별시 성동구 성수이로22길 43, 2층 (성수동2가, 성수동 아파트형 공장)",경 인쇄업 외 2 종,"교재, 서적 외"
(주)한국에너지시스템,서울특별시 성동구 성수일로 99 (성수동1가) 서울숲AK밸리 지식산업센터 1동 9층 909호,기타 전기 변환장치 제조업 외 4 종,태양광발전장치
(주)한국에이브이,"서울특별시 성동구 성수일로 77, 비207호 (성수동1가, 서울숲IT밸리)",전시 및 광고용 조명장치 제조업 외 5 종,"LED전광판, 미디어서버"
(주)한국에이브이산업,"서울특별시 성동구 성수이로7길 7, B1층 비105호, 711호 (성수동2가)",방송장비 제조업 외 1 종,스피커 ADA
(주)한국프린팅,"서울특별시 성동구 상원1길 26, 비201호 (성수동1가) 외 3필지",경 인쇄업 외 1 종,스티커
(주)한맥아이티,"서울특별시 성동구 상원1길 26, 207호 (성수동1가)",전시 및 광고용 조명장치 제조업 외 4 종,LED전광판
(주)한미더블유비오,서울특별시 성동구 아차산로17길 33 (성수동2가),세폭직물 제조업 외 1 종,밴드(의류부자재)
(주)한선바이투,"서울특별시 성동구 성수일로 77, 1101호 (성수동1가)",그 외 기타 의복액세서리 제조업,스카프
(주)한성에프아이,"서울특별시 성동구 천호대로 280, 4층 (올포유빌딩) (용답동)",남자용 겉옷 제조업 외 4 종,"골프, 캐쥬얼웨어"
(주)한세스,"서울특별시 성동구 아차산로 144, 303호 (성수동2가)",배전반 및 전기 자동제어반 제조업,배전반
(주)한양비이에스티교육,"서울특별시 성동구 천호대로 418, 202호 (용답동)",인형 및 장난감 제조업,과학교구
(주)한일문화사,"서울특별시 성동구 성수이로 144-29, B104호 (성수동2가) 외 1필지",기타 인쇄업 외 1 종,"인쇄,카렌다"
(주)한일티엠,"서울특별시 성동구 아차산로11가길 36 (성수동2가, 삼영빌딩)",그 외 기타 의료용 기기 제조업,레이져치료기(물리치료기)
(주)한포넷,"서울특별시 성동구 아차산로 96, 신성빌딩 B 203호 (성수동2가)",유선 통신장비 제조업,유선통신기기
(주)핫시즈너,서울특별시 성동구 성수이로18길 7 (성수동2가),떡류 제조업 외 2 종,"가래떡, 닭발, 분말스프"
(주)해외문화,"서울특별시 성동구 상원4길 8, 1층 (성수동1가)",기타 인쇄업 외 1 종,인쇄
(주)현대포멕스,"서울특별시 성동구, 7층 703, 1층 101호,102호 (성수동2가)",기타 조명장치 제조업,사진영상조명 부품
(주)협일전자산업,서울특별시 성동구 마조로19길 25 (마장동),기기용 자동측정 및 제어장치 제조업,소방용 댐버모터
(주)효성디지털프린팅,서울특별시 성동구 성수일로8길 22 (성수동2가),기타 인쇄업 외 1 종,학습지 인쇄
(주)효진기공,서울특별시 성동구 연무장3길 8-3 (성수동2가),그 외 기타 특수목적용 기계 제조업 외 1 종,산업용믹서기
(주)흥광기획,"서울특별시 성동구 광나루로6길 35, 우림이비즈센터 202호 (성수동2가)",전시 및 광고용 조명장치 제조업 외 1 종,광고물제조
(주)히즈윌,"서울특별시 성동구 성수이로26길 11, 2층 (성수동2가)",기타 인쇄업 외 2 종,"배너, 시트인쇄, 점자책"
(합)세화산업사,"서울특별시 성동구 연무장길 28-15 (성수동2가, 세화산업)",배전반 및 전기 자동제어반 제조업 외 8 종,"소각노, 화장기기,배전반"
JS슈즈디자인연구소,"서울특별시 성동구 연무장길 57, 2층 (성수동2가, 반석ENG)",구두류 제조업,남녀 구두
SP접착나라,"서울특별시 성동구 아차산로17길 30 (성수동2가, 기아자동차)",기타 인쇄관련 산업,포장용 판지용지
SP프린테크,서울특별시 성동구 아차산로17길 32(성수동2가),기타 인쇄관련 산업,"박스(화장품,약품 케이스)"
Y&C,"서울특별시 성동구 왕십리로 58, 지식산업센터 포휴 614호 (성수동1가)",가방 및 기타 보호용 케이스 제조업,가방 외
가나애드,"서울특별시 성동구 자동차시장1길 42, 301 (용답동)",간판 및 광고물 제조업,간판 및 광고물
강남드라이브(주),"서울특별시 성동구 성수일로 55, 1층 101 (성수동1가, SK테크노빌딩)",배전반 및 전기 자동제어반 제조업,인버터 판넬
강남유리,서울특별시 성동구 연무장길 115 (성수동2가),안전유리 제조업 외 1 종,23122
거산무역상사,"서울특별시 성동구 아차산로 144, 702호 (성수동2가)",그 외 기타 의료용 기기 제조업,의료용품
거성레이저,"서울특별시 성동구 성수일로10길 24, 1층 (성수동2가)",구조용 금속 판제품 및 공작물 제조업,조립금속제품
거성레이저,서울특별시 성동구 성수동2가 269-289번지,절삭가공 및 유사처리업,철판레이저가공폼
거인문화인쇄,"서울특별시 성동구 성수일로8길 5, B103호 (성수동2가)",기타 인쇄업 외 2 종,라벨
건물주,"서울특별시 성동구 아차산로5길 19 (성수동2가, 다본기업)",편조원단 제조업,원단
경남식품,서울특별시 성동구 광나루로6길 7 (성수동2가),두부 및 유사식품 제조업,"두부, 순두부"
경량공업(주),"서울특별시 성동구 성수일로10가길 19 (성수동2가, 동서전자)",일반철물 제조업,건축용강제받침재
경민정밀,"서울특별시 성동구 아차산로17길 57, 휴먼테코 B101호 (성수동2가)",볼트 및 너트류 제조업 외 3 종,"볼트, 너트"
경보전기(주),"서울특별시 성동구 성수일로12가길 5, 경보전기(주) (성수동2가)","전기회로 개폐, 보호장치 제조업 외 2 종","변압기,계전기,계측기,계기용변성기,지시전기계인기"
경성애드컴,"서울특별시 성동구 뚝섬로15길 17-19, 1층 (성수동2가)",기타 인쇄관련 산업,"인쇄포장자재(박스,종이봉투,비닐함지봉투)"
경지인쇄공사,서울특별시 성동구 성수이로26길 51 (성수동2가),기타 인쇄업 외 1 종,포장재
경지피앤씨,"서울특별시 성동구 광나루로 241 (송정동, (주)태영상사)",경 인쇄업 외 1 종,옵셋인쇄
경지피앤씨,"서울특별시 성동구 광나루로 241(송정동, (주)경지인쇄)",오프셋 인쇄업,인쇄
경진사,서울특별시 성동구 독서당로 208 (옥수동),그 외 기타 고무제품 제조업,"핀,단추"
경창기계(주),서울특별시 성동구 성수이로22길 25 (성수동2가),음ㆍ식료품 및 담배 가공기계 제조업,방앗간기계
경창정밀,"서울특별시 성동구 아차산로 49, B1층 102호 (성수동1가, 서울숲 코오롱디지털타워 Ⅲ) B1층 102호 외 1필지",음ㆍ식료품 및 담배 가공기계 제조업 외 1 종,"제빵, 떡 자동 성형기"
계림산업,"서울특별시 성동구 아차산로11길 27, 104호 (성수동2가)",그 외 기타 일반목적용 기계 제조업 외 1 종,"메카니칼씰(펌프,부속품)"
고려공사,"서울특별시 성동구 광나루로2길 36-1, 2층 (성수동2가)",도금업,메탈스티커
고려금속,서울특별시 성동구 둘레9길 17 (성수동1가),시계 및 시계부품 제조업,전자벽시계바늘
고려제화,서울특별시 성동구 성수일로12길 26 (성수동2가),구두류 제조업,구두
공감보호작업장,"서울특별시 성동구 아차산로 144, 302호(성수동2가, 우영테크노센터) 302호",전구 및 램프 제조업 외 3 종,조명기구
공방플러스위드,"서울특별시 성동구 마조로 2, 2층 (행당동)",그 외 기타 나무제품 제조업,"촉각 모형 키트, 친환경 우드 메달"
광명인쇄지기공업사,"서울특별시 성동구 성수이로18길 46 (성수동2가, 광명인쇄사옥)","적층, 합성 및 특수표면처리 종이 제조업",박스인쇄
광범기획,인천광역시 남동구 비류대로 622  (남촌동) 서울숲 아이티밸리 지하 201~202호,경 인쇄업 외 2 종,인쇄품
광성엔지니어링,서울특별시 성동구 광나루로 233 (송정동),디지털 적층 성형기계 제조업 외 3 종,금속형기계제조
광익인쇄사,서울특별시 성동구 성수일로 39-30 (성수동1가),기타 인쇄업 외 1 종,"사무용서식, 카다로그"
광일엔지니어링,서울특별시 성동구 왕십리로 66-33 (성수동1가),음ㆍ식료품 및 담배 가공기계 제조업,전기재료기식품기계
광진문화,"서울특별시 성동구 왕십리로14나길 11, 지하1층, 지상1,2층 (성수동1가)",기타 인쇄업 외 1 종,인쇄물
광천산업,"서울특별시 성동구 뚝섬로15길 16 (성수동2가, 광천산업인쇄공장)",기타 인쇄업 외 1 종,인쇄
권숙창,서울특별시 성동구 성수이로 86 (성수동2가),비주거용 건물 임대업,제조품
그린건축모형,"서울특별시 성동구 동일로 269, 남일빌딩 3층 (송정동)",전시용 모형 제조업,모형물
극동정기공업사,서울특별시 성동구 왕십리로14나길 13 (성수동1가),그 외 기타 일반목적용 기계 제조업 외 1 종,감속기계
금강전자공업,서울특별시 성동구 동호로2가길 9 (금호동4가),사무용 기계 및 장비 제조업,"복사기,코팅기"
금성공업사,"서울특별시 성동구 연무장17길 11 (성수동2가, 금성기계공업사)",기타 가공 공작기계 제조업,환편기
금성유리(주),서울특별시 성동구 성수이로26길 32 (성수동2가),판유리 제조업 외 8 종,유리가공품
금호전자,"서울특별시 성동구 뚝섬로1길 25, 305,307 (성수동1가)",기타 가정용 전기기기 제조업 외 3 종,공업용청소기
기산전자(주),"서울특별시 성동구 성수이로20길 35, 동 1층 (성수동2가)",기타 무선 통신장비 제조업 외 2 종,금융사무기
기산전자(주),서울특별시 성동구 뚝섬로17가길 52 (성수동2가), 외 2 종,무선통신장비
기호알엔디(주),서울특별시 성동구 아차산로5길 24-45 (성수동2가),액체 펌프 제조업 외 1 종,진공펌프및 관련기계천대
김병석,"서울특별시 성동구 성수이로26길 28 (성수동2가, 우일벤처타운)",그 외 기타 플라스틱 제품 제조업,플라스틱 원자재
나우비지네스,"서울특별시 성동구 성수이로 144-29, B1층 102 (성수동2가)",기타 인쇄업 외 1 종,통장
농업회사법인 고려푸드(주),"서울특별시 성동구 마장로44길 19, 지하1층 (마장동, 마장동청계아르테미스)",육류 포장육 및 냉동육 가공업 (가금류 제외),가공육류
농업회사법인(주)필푸드앤티,"서울특별시 성동구 성수이로22길 55 (성수동2가, 신창인쇄빌딩)",육류 기타 가공 및 저장처리업 (가금류 제외),"축산물 포장육, 가공육"
누구나사,서울특별시 성동구 용답중앙길 83 (용답동),유아용 의복 제조업,유아복
뉴텍건설화학(주),"서울특별시 성동구 성수이로14길 14 (성수동2가, (주)대경케미칼)",일반용 도료 및 관련제품 제조업,"우레탄방수제,아크릴레이트계 방수제"
대건실업,서울특별시 성동구 아차산로15길 7 (성수동2가),기타 인쇄업 외 1 종,"인쇄물,산업용포장재"
대경기계공업,서울특별시 성동구 아차산로 42 (성수동1가),그 외 기타 일반목적용 기계 제조업 외 1 종,식품 이화학기계
대광기업,서울특별시 성동구 연무장길 111 (성수동2가) 외 1필지,그 외 기타 종이 및 판지 제품 제조업,팬시 스티커
대덕문화사,"서울특별시 성동구 연무장5길 9-29 (성수동2가, 삼덕정판)",기타 인쇄업 외 1 종,사진제판
대덕정밀,"서울특별시 성동구 성수이로24길 38, 2층 206 (성수동2가, 신흥아파트형공장)",귀금속 및 관련제품 제조업,귀금속
대동공업사,서울특별시 성동구 성수이로7길 41-13 (성수동2가),그 외 기타 전기장비 제조업,"볼트, 너트 및 나사"
대림보이라,서울특별시 성동구 성수1가제2동 656-291번지,산업용 난방보일러 및 방열기 제조업,목욕탕보일러
대명정밀,서울특별시 성동구 성수일로 12 (성수동1가),금속 절삭기계 제조업,금형제품
대명화학,서울특별시 성동구 연무장13길 3 (성수동2가),그 외 기타 플라스틱 제품 제조업,사출
대성식품,"서울특별시 성동구 아차산로13길 6 (성수동2가, 대성식품)",두부 및 유사식품 제조업,두부
대양인쇄,"서울특별시 성동구 성수이로10길 21 (성수동2가, 대양빌딩)",기타 인쇄업 외 1 종,은행서식
대영기업사,"서울특별시 성동구 아차산로 138 (성수동2가, 대영기업사)",섬유제품 기타 정리 및 마무리 가공업 외 1 종,원단임가공
대영스크린,서울특별시 성동구 성수이로26길 27 (성수동2가),경 인쇄업,상업용 인쇄물(스티커외)
대영제과제빵기계공업(주),서울특별시 성동구 성수1가제2동 656-1058번지,음ㆍ식료품 및 담배 가공기계 제조업 외 2 종,"제빵기계 및 주방기구,발효기,믹서기"
대영코팅기,"서울특별시 성동구 마장로 301, 202 (마장동)",사무용 기계 및 장비 제조업 외 1 종,전자제품 조립
대왕보일러ENG,"서울특별시 성동구 광나루로 223 (송정동, 우성공업사)",산업용 난방보일러 및 방열기 제조업,보일러
대웅프라스틱공업사,서울특별시 성동구 연무장5가길 11 (성수동2가),포장용 플라스틱 성형용기 제조업,"프라스틱,전자부품"
대원,"서울특별시 성동구 동일로 151, 23,24호 (성수동2가)",그 외 기타 플라스틱 제품 제조업,플라스틱제품
대원계기산업사,"서울특별시 성동구 성수일로 77, B210~B212호 (성수동1가, 서울숲 IT 밸리) B210~B212호","물질 검사, 측정 및 분석기구 제조업",산업용온도계
대원상사,"서울특별시 성동구 아차산로11길 27, 102호 (성수동2가)",기타 인쇄업 외 1 종,은행사무용지(은행점표)
대원흥산(주),"서울특별시 성동구 성수이로 144 (성수동2가, EM타워)",기타 목재가구 제조업,"가구,쇼파"
대일산업,"서울특별시 성동구 뚝섬로 385-40, 지층 (성수동2가)",육상 금속 골조 구조재 제조업 외 4 종,조립금속제품
대종의료기 주식회사,"서울특별시 성동구 연무장17길 14, 4층 403호 (성수동2가, 대군인더스 타운)",화장품 제조업,화장품
대지요꼬,"서울특별시 성동구 연무장5길 9-13 (성수동2가, 대지섬유)",그 외 기타 분류 안된 섬유제품 제조업,편조
대진아트,"서울특별시 성동구 사근동길 52, 1층 (사근동)",커튼 및 유사제품 제조업,"커튼, 브라인드"
대풍건설,"서울특별시 성동구 아차산로7길 44, 대풍빌딩 (성수동2가)","탭, 밸브 및 유사장치 제조업",제수밸브
대한진공(주),"서울특별시 성동구 성수이로 117 (성수동2가, 아이템플미디어(주))",절연 코드세트 및 기타 도체 제조업,"전구재료,완구"
대흥정밀공업사,"서울특별시 성동구 마장로44길 5 (마장동, 푸른마을3차)","전기회로 개폐, 보호장치 제조업 외 1 종",커넥터 부품
덕산식품기계,"서울특별시 성동구 상원4길 13, 1층 (성수동1가)",수동식 식품 가공기기 및 금속 주방용기 제조업 외 1 종,쌀분쇄기
덕일기전,"서울특별시 성동구 아차산로11길 27, 108호 (성수동2가)",기체 펌프 및 압축기 제조업,"Mechan Seal,펌프부속"
델리까또핸드백,서울특별시 성동구 금호산12길 8 (금호동3가),핸드백 및 지갑 제조업,"핸드백,벨트,지갑"
도유기계공업사,"서울특별시 성동구 왕십리로 38 (성수동1가, 홍성빌딩)","산업용 섬유 세척, 염색, 정리 및 가공 기계 제조업",여과기
동강폼(주),"서울특별시 성동구 성수이로 144-29, 101호 (성수동2가)",기타 인쇄업 외 1 종,"소책자,달력,카다로그,전단지"
동광공업사,서울특별시 성동구 뚝섬로13길 34 (성수동2가) 1층,기타 기계.장비 조립용 플라스틱 제품 제조업,프라스틱제품
동광금속,"서울특별시 성동구 성수이로18길 45, 1층 (성수동2가)",금속 위생용품 제조업 외 2 종,업무용대형 연소기
동광기전공업(주),"서울특별시 성동구 성수이로18길 45 (성수동2가, 성일지기접착)",액체 펌프 제조업 외 5 종,"모터펌프,상하수처리기계"
동명인쇄(주),"서울특별시 성동구 연무장19길 5 (성수동2가, 제일전자공장)",기타 인쇄업 외 1 종,"출판물,상업인쇄"
동방인쇄공사,"서울특별시 성동구 성수이로20길 54 (성수동2가, 동방인쇄공사)",기타 인쇄업 외 1 종,책자
동보 d&p,"서울특별시 성동구 아차산로13길 15, 다동 (성수동2가, 정우섬유)",기타 인쇄업 외 1 종,인쇄물
동아기업,"서울특별시 성동구 성수일로10길 26, 3층 307 (성수동2가) 3층 307호",자수제품 및 자수용재료 제조업 외 5 종,패션 잡화
동아시험기,"서울특별시 성동구 뚝섬로1길 25, 3층 308 (성수동1가)","물질 검사, 측정 및 분석기구 제조업",물질거사 및 시험기기
동아시험기,서울특별시 성동구 성수일로1길 17-6 (성수동1가),"물질 검사, 측정 및 분석기구 제조업","토목,건축,재료시험기"
동영산업,서울특별시 성동구 성수일로1길 14 (성수동1가),커튼 및 유사제품 제조업 외 8 종,"깃발,기부속,군장,휘장"
동일상사,"서울특별시 성동구 아차산로 103, 809호 (성수동2가)","전자기 측정, 시험 및 분석기구 제조업 외 1 종","탭,밸브"
동진기계산업(주),"서울특별시 성동구 아차산로17길 7 (성수동2가, 동진기계산업주)",음ㆍ식료품 및 담배 가공기계 제조업 외 9 종,식품가공기계
동진프린트,서울특별시 성동구 성수일로12길 11 (성수동2가) 외 1필지,경 인쇄업 외 6 종,인쇄물
두원금속,서울특별시 성동구 성수일로12가길 17 (성수동2가),볼트 및 너트류 제조업,"볼트,너트"
드림인쇄(주),"서울특별시 성동구 아차산로15길 27 (성수동2가, 드림인쇄(주))",기타 인쇄업 외 1 종,인쇄
디티피아,"서울특별시 성동구 왕십리로6길 38-1, 1,2,3층 (성수동1가)",기타 인쇄업 외 1 종,명함 등
라이크시스 주식회사,서울특별시 성동구 아차산로 144 (성수동2가) 우영테크노센터 701호,사무용 기계 및 장비 제조업 외 2 종,금융사무기기
라이크시스 주식회사,"서울특별시 성동구 성수이로18길 31, 402호 (성수동2가, 풍림테크원) 402호",사무용 기계 및 장비 제조업,금융사무기기
라플로채니슈즈디자인연구소,"서울특별시 성동구 연무장9길 4, 상민빌딩 4층 (성수동2가, 성일산업)",구두류 제조업,숙녀화
런던베이글뮤지엄 성수,"서울특별시 성동구 아차산로1길 19, 2층~4층(성수동1가, 성수동 도시형공장)",빵류 제조업 외 1 종,"베이글생지, 베이글반죽, 베이글"
레놈,"서울특별시 성동구 성수일로10길 26, B205호 B206호(성수동2가, 하우스디 세종타워) B205호 B206호",그 외 기타 플라스틱 제품 제조업,아크릴가공품
로로텍,"서울특별시 성동구 둘레7길 13, 지층 (성수동1가)",기타 운동 및 경기용구 제조업,골프공 자동공급기
로얄인쇄공업사,"서울특별시 성동구 성수이로 144-29, 203호 (성수동2가)",기타 인쇄업 외 1 종,스티커인쇄
루나어패럴,"서울특별시 성동구 성수이로7길 7, 3층 305호,306호 (성수동2가, 서울숲 한라시그마밸리Ⅱ)",그 외 기타 분류 안된 섬유제품 제조업,니트 의류
리드마크(주),"서울특별시 성동구 광나루로 204, 6층 (성수동2가)",여자용 겉옷 제조업 외 1 종,여성의류
리베로시스템(주),서울특별시 성동구 성수이로16길 46 (성수동2가),플라스틱 합성피혁 제조업 외 21 종,"가죽비닐용가방,합성피혁카바"
리알토콜렉션,서울특별시 성동구 연무장13길 3 (성수동2가),구두류 제조업,구두
마이디어,"서울특별시 성동구 성수이로 126 (성수동2가, 부영상사)","물질 검사, 측정 및 분석기구 제조업 외 3 종","실험기기, 정밀기기"
메디랜드,"서울특별시 성동구 마장로 222 (홍익동, 홍익빌딩)",그 외 기타 의료용 기기 제조업,의료기기
메이비원(주),서울특별시 성동구 아차산로11가길 6 (성수동2가),경 인쇄업 외 3 종,"사진인화, 포토북, 앨범, 액자등"
명성BOX,서울특별시 성동구 아차산로5길 22 (성수동2가),경 인쇄업 외 1 종,종이상자인쇄
문성원색,"서울특별시 성동구 아차산로5길 18, 289-286 (성수동2가)",경 인쇄업 외 2 종,상업용 인쇄물
미도사,"서울특별시 성동구 아차산로11길 28, 1층 (성수동2가)",솜 및 실 염색가공업,섬유 임가공
미성전자,"서울특별시 성동구 연무장5가길 25, B216, B217,B218호 (성수동2가)",기타 음향기기 제조업,스피커
반도스탠드,"서울특별시 성동구 아차산로 74 (성수동2가, 대일산업사)",그 외 기타 분류 안된 금속 가공 제품 제조업 외 2 종,악기스탠드 제조
반석정밀공업(주),"서울특별시 성동구 왕십리로 58, 서울숲포휴 지층 101호-104호 (성수동1가)",기기용 자동측정 및 제어장치 제조업 외 2 종,액체정량토출기 및 주변기기
백산금속,서울특별시 성동구 성수일로3길 6-1 (성수동1가),수동식 식품 가공기기 및 금속 주방용기 제조업,주방기구
백산기업,"서울특별시 성동구 성수이로16길 29 (성수동2가, 백산기업)",그 외 기타 분류 안된 섬유제품 제조업,"섬유,직물"
번영특수인쇄,"서울특별시 성동구 연무장17길 3, 4층 401호(성수동2가, (주)삼우아파트형공장) 4층 401호",그 외 기타 종이 및 판지 제품 제조업,라벨스티커
보현테크노,"서울특별시 성동구 성수동2가 273번지 48,49호",배전반 및 전기 자동제어반 제조업,배전반
복고상사,서울특별시 성동구 성수일로4가길 10-45 (성수동2가),그 외 기타 분류 안된 금속 가공 제품 제조업 외 1 종,"넥타이핀셋트, 벨트셋트"
부미(Bumi),"서울특별시 성동구 성수일로 99, 607, 608호(성수동1가, 서울숲AK밸리 지식산업센터) 607, 608호",편조의복 제조업,운동복 등 편의복
부산금형,서울특별시 성동구 광나루로 216-8 (성수동2가),주형 및 금형 제조업,신발금형
부성공업,"서울특별시 성동구 성수이로18길 45 (성수동2가, 성일지기접착)",기타 운동 및 경기용구 제조업 외 3 종,금속운동용품
비앤에스,"서울특별시 성동구 성수이로16길 10, 지하1층, 지상1층 (성수동2가, 삼양비지네스)",기타 인쇄업 외 1 종,"라벨, 스티커"
비지니스대양전산폼(주),"서울특별시 성동구 성수이로24길 38, 201호 (성수동2가)",제판 및 조판업,"조판,원판제작"
사회적협동조합 우리나래,"서울특별시 성동구 성수일로 10, B203호(성수동1가, 서울숲 ITCT 지식산업센터) B203호",경 인쇄업,"명함, 전단지, 카달로그, 책자"
사회적협동조합공감과연대 분사무소 멋진월요일,"서울특별시 성동구 성덕정길 116, 2층, 4층 (성수동2가)",코르크 및 조물제품 제조업 외 2 종,"쇼핑백, 판촉물, 토너"
삼구당,"서울특별시 성동구 아차산로7길 36, 지층3호 (성수동2가)",연사 및 가공사 제조업,재봉사
삼덕정판사,"서울특별시 성동구 연무장5길 9-13 (성수동2가, 대지섬유)",기타 인쇄업 외 1 종,"발행본, 제본, 달력"
삼미디어텍,"서울특별시 성동구 성수이로22길 37, 한신아크밸리 1206,1207호 (성수동2가)",유선 통신장비 제조업,유선통신장비
삼보기업사,서울특별시 성동구 왕십리로6길 23 (성수동1가),금속탱크 및 저장용기 제조업 외 1 종,금속탱크
삼부문화(주),"서울특별시 성동구 성수이로 144-29, 201호 (성수동2가)",기타 인쇄업 외 1 종,옵셋인쇄업
삼성문화인쇄(주),서울특별시 성동구 아차산로11길 30 (성수동2가),기타 인쇄업,"책, 달력"
삼성전기,"서울특별시 성동구 성수일로 55, 907호 (성수동1가)",구조용 금속 판제품 및 공작물 제조업 외 8 종,항공장애등
삼양테크놀로지(주),"서울특별시 성동구 아차산로5길 19-1 (성수동2가, A동)",그 외 기타 의료용 기기 제조업,의료기기
삼양하드웨어,"서울특별시 성동구 아차산로5길 24-23 (성수동2가, 삼양하드웨어)",목재문 및 관련제품 제조업,강화문 유리손잡이
삼우섬유,서울특별시 성동구 성수동2가 257-2번지,섬유제품 기타 정리 및 마무리 가공업 외 1 종,염색가공
삼원금속,서울특별시 성동구 성수이로16길 31 (성수동2가),자동차용 금속 압형제품 제조업 외 2 종,신변장신구
삼원금속공업사,"서울특별시 성동구 뚝섬로 389 (성수동2가, 성수동빌딩)",금속 위생용품 제조업,"너트,볼트"
삼원정공(주),"서울특별시 성동구 성수이로7길 20 (성수동2가, 가동)",금속 스프링 제조업,스프링
삼원판금,"서울특별시 성동구 아차산로15길 26, 35호 (성수동2가)","금속 문, 창, 셔터 및 관련제품 제조업 외 1 종",공조기 등
삼진섬유,"서울특별시 성동구 마조로 72 (마장동, 우성장모텔)",셔츠 및 블라우스 제조업 외 1 종,티셔츠
삼진스크린,서울특별시 성동구 연무장13길 3 (성수동2가),스크린 인쇄업,스크린인쇄
삼진조명,"서울특별시 성동구 아차산로 156 (성수동2가, 삼진조명)",일반용 전기 조명장치 제조업,조명기구
삼창기공사,서울특별시 성동구 광나루로 216-1 (성수동2가),사무용 기계 및 장비 제조업,"사무기기부품,기어가공"
삼화에스앤디(주),"서울특별시 성동구 성수이로10길 14, B102, B103호(성수동2가, 에이스 하이엔드 성수타워)",전시 및 광고용 조명장치 제조업 외 1 종,"사인스탠드, LED라이트패널"
삼환기공,서울특별시 성동구 아차산로 127 (성수동2가),그 외 기타 플라스틱 제품 제조업 외 3 종,"산기장치, 노즐"
새한기록지 인쇄공업사,"서울특별시 성동구 동호로 88 (금호동4가, 새한빌딩)",문구용 종이제품 제조업,계기용기록지
서상정밀,"서울특별시 성동구 성수일로11길 18 (성수동1가, 서상정밀)",전기경보 및 신호장치 제조업,경보기케이스
서울디지털인쇄협동조합,서울특별시 성동구 성수일로10길 26 (성수동2가) 하우스디 세종타워 지하1층 109~111호,경 인쇄업,교육용 및 직업교육교재도서
서울상사@,서울특별시 성동구 연무장9길 10 (성수동2가),종이 포대 및 가방 제조업 외 2 종,"종이가방, 포대"
서울탁주 성동 연합제조장,"서울특별시 성동구 성수이로20길 42 (성수동2가, 서울탁주성동공장)",탁주 및 약주 제조업,탁주
서현섬유,"서울특별시 성동구 성수일로3길 3-5 (성수동1가, 서현공장)","직물, 편조원단 및 의복류 염색 가공업",부자재 염색
선문사,"서울특별시 성동구 성수이로 144-29, 102호 (성수동2가)",기타 인쇄업 외 1 종,"책자,전단지"
선일금속,"서울특별시 성동구 성수일로11길 8 (성수동1가, 선일빌딩)",귀금속 및 관련제품 제조업,귀금속장신구
선진상사,서울특별시 성동구 성수동2가 269-6번지 서흥공업사 2층,제책업,책자(책자인쇄)
성동산업,서울특별시 성동구 성수이로7길 41-14 (성수동2가),일반철물 제조업,문손잡이
성문인쇄사,"서울특별시 성동구 성수이로 87 (성수동2가, 성문빌딩) (총 2 필지) 외 1필지",경 인쇄업 외 1 종,"전단지,학습교재,포스터 박스"
성산어패럴,"서울특별시 성동구 왕십리로31길 9-36, 2층 (하왕십리동)",남자용 겉옷 제조업 외 11 종,의류
성수N.C.T @,"서울특별시 성동구 아차산로11가길 39 (성수동2가, 성수정공)",디지털 적층 성형기계 제조업 외 1 종,성형기계
성우정밀,"서울특별시 성동구 아차산로11길 12 (성수동2가, 진일빌딩)",시계 및 시계부품 제조업,시계부품
성은건공,서울특별시 성동구 왕십리로31가길 12 (하왕십리동),"박판, 합판 및 유사 적층판 제조업",화장실 큐빌클 건축자재 생산 시공
성진 코원,서울특별시 성동구 성수이로24길 31 (성수동2가),그 외 기타 분류 안된 금속 가공 제품 제조업 외 1 종,의류 금속 부자재
성진코원,"서울특별시 성동구 성수이로24길 31, 지하2층 (성수동2가)",그 외 기타 분류 안된 금속 가공 제품 제조업 외 1 종,"의류,가방, 구두관련 액세서리 금속제품"
성화사,서울특별시 성동구 성수이로14길 10 (성수동2가),도금업,"볼트,너트"
세이펜,"서울특별시 성동구 성수이로 147, 14층 1407,1408,1409,지하203 (성수동2가)",그 외 기타 전자부품 제조업 외 1 종,세이펜
세인트디보스,"서울특별시 성동구 아차산로11길 30, 5층 503 (성수동2가)",구두류 제조업,숙녀구두
세종실업,"서울특별시 성동구 동일로 85, 1층 (성수동2가)",섬유제품 기타 정리 및 마무리 가공업,의류임가공(washing)
세종씨앤피주식회사,"서울특별시 성동구 아차산로 138 (성수동2가, 대영기업사)",기타 인쇄업 외 1 종,상업인쇄물
세진섬유공업사,"서울특별시 성동구 성수이로7길 41-1 (성수동2가, 세진섬유)",편조원단 제조업,의류 부자재
세진엠티(주),"서울특별시 성동구 동일로 123, 601 (성수동2가, 선빌딩)",그 외 기타 의료용 기기 제조업,표면전극근육자극장치
세진인쇄,서울특별시 성동구 성수2가제1동 323번지,기타 인쇄업 외 1 종,"홍보물,책자,전단지"
세진정밀,서울특별시 성동구 성수일로12길 26 (성수동2가),디지털 적층 성형기계 제조업 외 2 종,"금형, 고무제품"
세진테크,"서울특별시 성동구 뚝섬로1길 31, 지하2층 208호 (성수동1가)",반도체 제조용 기계 제조업,반도체부품
세진통상,"서울특별시 성동구 광나루로 302, B1층(성수동2가, 거화빌딩)","근무복, 작업복 및 유사의복 제조업 외 7 종","근무복, 작업복 및 유사의복"
세화인쇄사,"서울특별시 성동구 성수일로6길 1 (성수동2가, 세화인쇄사)",기타 인쇄업 외 1 종,"스크린,옵셋"
세화인쇄사,"서울특별시 성동구 아차산로 158, 1층 (성수동2가, 세원정밀인쇄(주))",기타 인쇄업 외 1 종,옵셋인쇄물
센서택(주),"서울특별시 성동구 둘레7가길 16, 1층 (성수동1가)","탭, 밸브 및 유사장치 제조업",센서 절수기
셀론텍(주),"서울특별시 성동구 아차산로 144, 4~5층 404~406호, 501~506호(성수동2가, 우영테크노센터) 4~5층 404~406호, 501~506호",완제 의약품 제조업 외 2 종,"콘드론, 오스론, 리젠씰, 카티졸, 카티필"
소안인쇄사,"서울특별시 성동구 성수이로7가길 16 (성수동2가, 드림힐1)",기타 인쇄업 외 1 종,인쇄
솔디자인모형,"서울특별시 성동구 아차산로15길 52, 2층 삼환디지털 벤처타워 206 (성수동2가)",전시용 모형 제조업,모형제작
송도,서울특별시 성동구 성수일로 47 (성수동1가),전구 및 램프 제조업,전구 및 램프
수미디어통신(주),"서울특별시 성동구 상원1길 26, 601~602호 (성수동1가)",유선 통신장비 제조업 외 3 종,방송장비
수성공업(주),"서울특별시 성동구 성수이로22길 57 (성수동2가, 태신빌딩)",일반용 전기 조명장치 제조업 외 1 종,전구(형광등)
스타이코,서울특별시 성동구 성수이로26길 11 (성수동2가),그 외 기타 봉제의복 제조업 외 13 종,"의상,캐릭터 인형"
스토리이노베이션,"서울특별시 성동구 연무장5가길 25, b114호~b115호 (성수동2가)",경 인쇄업 외 2 종,"인쇄물, 광고물"
승화프린팅(주),"서울특별시 성동구 상원12길 36, 3층 (성수동1가)",기타 인쇄업 외 1 종,스티커
시큐어인공지능 주식회사,"서울특별시 성동구 상원12길 30, 9층 910호(성수동1가, 동진아이티타워) 9층 910호","기타 측정, 시험, 항해, 제어 및 정밀기기 제조업 외 1 종",방지용 시설물 상태 진단기
신명엔지니어링(주),"서울특별시 성동구 연무장5가길 7, W610호 (성수동2가)",유선 통신장비 제조업 외 1 종,"출입통제장비, 폐쇄회로TV영상감시장치"
신성미디어테크(주),"서울특별시 성동구 아차산로 49, 서울숲코오롱디지털타워 3차 13층 (성수동1가)","사진기, 영사기 및 관련 장비 제조업  외 2 종",스크린 영사대
신성화학,서울특별시 성동구 둘레7길 4-1 (성수동1가),플라스틱 접착처리 제품 제조업 외 4 종,휴대폰케이스
신아애드,"서울특별시 성동구 아차산로15길 52, 1층 101 (성수동2가, 삼환 디지텔 벤처타워)",그 외 기타 플라스틱 제품 제조업,아크릴 장식장
신우전기,"서울특별시 성동구 왕십리로 58 (성수동1가, (주)로티스코리아콜)",배전반 및 전기 자동제어반 제조업,가로등용감 전보호기
신원중전기(주),"서울특별시 성동구 아차산로13길 48 (성수동2가, 쌍용기계공업(주))",배전반 및 전기 자동제어반 제조업 외 6 종,배전반 및 전기자동제어외4종
신일정밀,"서울특별시 성동구 연무장11길 8, 가동1층 (성수동2가)",주형 및 금형 제조업,사출금형
신일정밀,서울특별시 성동구 광나루로 219 (송정동),볼트 및 너트류 제조업 외 2 종,연마
신진식품,"서울특별시 성동구 성덕정길 63-49 (성수동1가, .)",기타 식품 첨가물 제조업,"인공감미료,핫파우다"
신창사,"서울특별시 성동구 성수이로22길 55 (성수동2가, 신창인쇄빌딩)",경 인쇄업 외 1 종,각종인쇄물
신창에스씨아이(주),"서울특별시 성동구 성수일로12길 27 (성수동2가, (주)창미)",교통 신호장치 제조업 외 1 종,"주차관제,기계식교통제어"
신천식품 주식회사 지점,"서울특별시 성동구 상원길 13, 1층 (성수동1가)",떡류 제조업,떡
신천식품(주),"서울특별시 성동구 아차산로1길 25, 1층~2층 (성수동1가)",떡류 제조업,떡
신형정공,"서울특별시 성동구 연무장13길 3, 1층 (성수동2가)",주형 및 금형 제조업,금형
쎄라,"서울특별시 성동구 연무장17길 14, 202호 (성수동2가)",귀금속 및 관련제품 제조업,악세사리
씨.엠코리아,"서울특별시 성동구 성수이로24길 38, B101호 (성수동2가)","용기 세척, 포장 및 충전기 제조업","진공 포장기,용기 접착기"
씨드로닉스(주),"서울특별시 성동구 광나루로 144, 707호(성수동1가, 더 스페이스 타워) 707호","레이더, 항행용 무선기기 및 측량기구 제조업 외 1 종",접안 모니터링 시스템
씨티I&I(주),"서울특별시 성동구 성수이로7길 27, 서울숲코오롱디지털타워2차 509호 (성수동2가)",방송장비 제조업,RX-TX System Assembly
아륙산업사,서울특별시 성동구 성수이로26길 27-20 (성수동2가),음ㆍ식료품 및 담배 가공기계 제조업,국수기계
아산정밀,"서울특별시 성동구 아차산로11길 27, 윈스타워 B202호 (성수동2가)",분사기 및 소화기 제조업 외 1 종,도장기기
아성메디칼,"서울특별시 성동구 성수이로20길 54 (성수동2가, 동방인쇄공사)",그 외 기타 의료용 기기 제조업,의료기기
아시아 주식회사,"서울특별시 성동구 광나루로 146, 3층 (성수동1가) 외 3필지",기타 조명장치 제조업 외 4 종,조명장치
아신문화사,"서울특별시 성동구 아차산로5길 20-1 (성수동2가, 화인메카트로닉스)",기타 인쇄업 외 1 종,인쇄
아이꼴테크,"서울특별시 성동구 광나루로6길 35, B1층 116 (성수동2가, 성수동 우림 이비즈센터)","고무, 화학섬유 및 플라스틱 성형기 제조업 외 1 종",3D프린터
아이디룩스,"서울특별시 성동구 성수일로4길 39, 1층 (성수동2가)",일반용 전기 조명장치 제조업,조명
아이브스 주식회사,"서울특별시 성동구 광나루로6길 35, 202호, 707호(성수동2가, 성수동 우림 이비즈센터) 202호, 707호",방송장비 제조업 외 6 종,"영상감시장치,소프트웨어, 컴퓨터서버, 카메라"
아이알링크(주),"서울특별시 성동구 성수일로4길 25, 13층 1301~1304,1307~1308 (성수동2가)",유선 통신장비 제조업 외 1 종,녹취용 전화기
아주양말(주),"서울특별시 성동구 성수일로6길 32 (성수동2가, 아주섬유)",스타킹 및 기타 양말 제조업,양말
아타시스템,"서울특별시 성동구 성덕정길 127, 선빌딩 302호 (성수동2가)",기타 주변기기 제조업 외 3 종,모니터분배기외
아트리아,"서울특별시 성동구 성수일로8길 5, A동 704-712호(성수동2가, 서울숲 SK V1 TOWER) A동 704-712호",치과용 기기 제조업,치과용 의료기기
아틀리에,서울특별시 성동구 성수일로10길 26 (성수동2가) 본동 지하2층 202-204호,그 외 기타 플라스틱 제품 제조업,아크릴 가공품 일체
알파무역,"서울특별시 성동구 아차산로17길 57, 일신건영 휴먼테코 208호, 209호 (성수동2가)",합성수지 및 기타 플라스틱 물질 제조업,테프론 제품
알파하이테크,"서울특별시 성동구 연무장길 108-1 (성수동2가, 제일정밀)",그 외 기타 전자부품 제조업 외 1 종,"컴퓨터부품,이동통신부품"
애드그린인쇄(주),서울특별시 성동구 성수이로10길 20 (성수동2가) 흥성사료(주)서울사무소 1층,오프셋 인쇄업,인쇄품
애사실업(주),"서울특별시 성동구 아차산로 167 (성수동2가, 애사실업(주))",가방 및 기타 보호용 케이스 제조업,"가방,핸드백,지갑"
야성문화사,"서울특별시 성동구 성수이로 144-46 (성수동2가, 한라공조써비스한미사)",기타 인쇄업 외 1 종,인쇄
에버소닉 주식회사,서울특별시 성동구 광나루로2길 34-22 (성수동2가),기타 전기 변환장치 제조업 외 1 종,초음파스케일방지기
에스에이치텍스타일,"서울특별시 성동구 상원4길 10, 2층 (성수동1가, 한일상사)",남자용 겉옷 제조업 외 4 종,작업복
에스엔에스이서비스(주),"서울특별시 성동구 아차산로7길 28, 219호(2층) (성수동2가, 성수쇼핑센타)",유선 통신장비 제조업 외 5 종,"전화기,ARS,녹취장비"
에스엘테크(주),"서울특별시 성동구 성수이로 118, 613호 (성수동2가, 성수아카데미타워)",기타 무선 통신장비 제조업 외 1 종,영상감시기기
에스엠베딩,"서울특별시 성동구 천호대로 438, 6층 2호 (용답동)",자수제품 및 자수용재료 제조업 외 2 종,"자수제품, 날염가공"
에스케어스(주),"서울특별시 성동구 성수이로22길 37, 3층 310 (성수동2가, 성수동 아크밸리)",그 외 기타 분류 안된 금속 가공 제품 제조업 외 1 종,수공예품
에스케이콜렉션,"서울특별시 성동구 광나루로4가길 11-8, 3층 (성수동2가)",구두류 제조업,여성수제화
에이스라인,서울특별시 성동구 성수일로1길 17-30 (성수동1가),구조용 금속 판제품 및 공작물 제조업,금속장치물
에이치모터스 주식회사,"서울특별시 성동구 성수이로20길 50, 에이치모터스 주식회사 (성수동2가)",자동차 엔진용 신품 부품 제조업 외 4 종,"자동차의 재생,개량,개조"
에이치앤티(주),"서울특별시 성동구 성수이로 94 (성수동2가, 세림빌딩)",컴퓨터 제조업,컴퓨터
에코,"서울특별시 성동구 성수이로14길 14, 가동 2층 (성수동2가)",구두류 제조업,구두
에코시계(주),"서울특별시 성동구 아차산로 144, 703호 (성수동2가)",시계 및 시계부품 제조업,시계
에코진,"서울특별시 성동구 상원길 66, 3층, 좌측 (성수동1가)",전시용 모형 제조업,교육용 연기 소화기
에코파이로젠(주),"서울특별시 성동구 광나루로6길 20, 이글타운 604호 (성수동2가)",전기용 탄소제품 및 절연제품 제조업,나토탄소 발열체
에프엔씨(f&c),"서울특별시 성동구 용답중앙21길 2, 2층 (용답동)",셔츠 및 블라우스 제조업 외 17 종,"의류, 모자"
엑시드코리아,서울특별시 성동구 성수이로18길 43 (성수동2가),디지털 적층 성형기계 제조업 외 1 종,금형
엔에스사인기획(주),"서울특별시 성동구 용답중앙길 84, 1층 101호 (용답동)",간판 및 광고물 제조업,노면표시용 디자인시트
엠.케이 니트,"서울특별시 성동구 성수일로10길 19 (성수동2가, 엠케이니트)",편조원단 제조업,니트 져-지원단
엠데칼 주식회사,"서울특별시 성동구 아차산로5길 8, 지하1층 (성수동2가)",경 인쇄업,"실사출력물, 옥외광고물"
엠아이디,서울특별시 성동구 성수동2가 269-6번지,전시용 모형 제조업,교시모형제작
엠에스테크놀러지,"서울특별시 성동구 아차산로 144, 301호 (성수동2가)",경 인쇄업 외 2 종,인쇄
엠케이프린팅,서울특별시 성동구 뚝섬로1길 43 (성수동1가),기타 인쇄업 외 1 종,"카다로그,전단지,책자"
엠포플러스(주),"서울특별시 성동구 아차산로17길 48, 1618호(성수동2가, 성수 SK V1 CENTER I)","전자코일, 변성기 및 기타 전자 유도자 제조업 외 1 종","RFID카드, RF카드, 카드인쇄, 실사인쇄"
연합영화공사,"서울특별시 성동구 성수이로24길 38, 103호 (성수동2가)",비디오 및 기타 영상기기 제조업,"전통스크린,화이트보드"
열림실업(주),"서울특별시 성동구 성수이로 122 (성수동2가, 블랙박스물류센타)",기타 인쇄업 외 1 종,"인쇄,전단지"
영락엘키테크,서울특별시 성동구 하왕십리동 890-80번지,방송장비 제조업,전자응용기기
영보공업사,서울특별시 성동구 둘레길 41 (성수동1가),시계 및 시계부품 제조업,"탁상알람,필통,벽시계"
영신인쇄공사,"서울특별시 성동구 연무장11길 8 (성수동2가, 1급영남자동차공업사)",기타 인쇄업 외 1 종,제약회사 약품케이스
영실산업,서울특별시 성동구 왕십리로10길 5-1 (성수동1가),셔츠 및 블라우스 제조업 외 7 종,"체육복및셔츠,침구류"
영진철판,서울특별시 성동구 성수일로4길 33 (성수동2가),그 외 기타 1차 철강 제조업,철판
영창제화,"서울특별시 성동구 아차산로11가길 3, 601호 (성수동2가)",구두류 제조업,등산화부품
영풍섬유공업(주),서울특별시 성동구 아차산로 103 (성수동2가),그 외 기타 달리 분류되지 않은 제품 제조업 외 1 종,서양화
영흥 ENG,서울특별시 성동구 광나루로8길 6 (성수동2가),핵반응기 및 증기보일러 제조업 외 4 종,증기발생기 등
예림디앤피,"서울특별시 성동구 성수이로 147, B1층 B102 (성수동2가)",그 외 기타 종이 및 판지 제품 제조업,스티커(라벨)
예맥,"서울특별시 성동구 성수이로 147, B1층 101 (성수동2가) B1층 101호",경 인쇄업 외 3 종,책자
예일레이저,"서울특별시 성동구 아차산로 82 (성수동2가, .)",간판 및 광고물 제조업,광고물
예일정판,"서울특별시 성동구 성수이로18길 41 (성수동2가, 광진식품)",기타 인쇄업 외 1 종,인쇄물
예진실업,서울특별시 성동구 연무장18길 11 (성수동2가),자수제품 및 자수용재료 제조업 외 1 종,자수용품
오륜섬유,"서울특별시 성동구 아차산로5길 24-18 (성수동2가, 오륜섬유)","직물, 편조원단 및 의복류 염색 가공업",직물 및 편조원단 염색 가공업
와이에스아이(Y.S.I),"서울특별시 성동구 성수일로12길 1, 3층 (성수동2가)","직물, 편조원단 및 의복류 염색 가공업 외 1 종",의류프린트
와이엔케이텍(주),서울특별시 성동구 왕십리로16가길 30-12 (성수동1가),액체 펌프 제조업 외 3 종,펌프
외향산업(주),서울특별시 성동구 성수이로18길 36 (성수동2가),기타 인쇄업 외 1 종,은행서식
용성공업(주),"서울특별시 성동구 성수이로7가길 3 (성수동2가, (주)용성산업)",구조용 금속 판제품 및 공작물 제조업 외 5 종,"인버터,칩마운트,배전암 외"
우경기업,"서울특별시 성동구 뚝섬로1길 31 (성수동1가, 라동)",그 외 기타 일반목적용 기계 제조업 외 1 종,PIV변속기
우성아트팩,"서울특별시 성동구 성수일로8길 21 (성수동2가, 흥전기업)",골판지 제조업 외 2 종,박스
우성화확,"서울특별시 성동구 광나루로6길 20 (성수동2가, 이-글타운아파트형공장)",그 외 기타 플라스틱 제품 제조업,문구용가위손잡이
우신상사,"서울특별시 성동구 성수이로14길 14 (성수동2가, (주)대경케미칼)",구두류 제조업,여성용 구두
우일산전(주),"서울특별시 성동구 연무장13길 19 (성수동2가, 성도빌딩)",배전반 및 전기 자동제어반 제조업,전기배전반
우정리테일,서울특별시 성동구 아차산로 103 (성수동2가),그 외 기타 플라스틱 제품 제조업,케익장식판
우주금속,서울특별시 성동구 상원6길 13 (성수동1가),도금업 외 1 종,악세사리
우주기계,서울특별시 성동구 둘레3길 17 (성수동1가),기타 가공 공작기계 제조업,고압세척기
우지정밀,"서울특별시 성동구 아차산로 85 (성수동2가, 덕진빌딩)",주형 및 금형 제조업,금형
우진물산,"서울특별시 성동구 성수이로14길 14 (성수동2가, (주)대경케미칼)",남자용 겉옷 제조업,남성기성복
우진전기,"서울특별시 성동구 뚝섬로3길 28 (성수동1가, 우진전기 성수제2공장)",그 외 기타 전기장비 제조업,전기용품
울산병영용사촌,"서울특별시 성동구 아차산로 15 (성수동1가, UBY)",배전반 및 전기 자동제어반 제조업,배전반
원준기획,"서울특별시 성동구 아차산로5길 10, 지영동 2층 201호 (성수동2가, 지영프라자)",구두류 제조업,여성화
원진앤지협동조합,"서울특별시 성동구 연무장5가길 25, B212호(성수동2가, 성수역 SK V1 Tower) B212호",남자용 겉옷 제조업 외 7 종,"교복, 단체복, 작업복 및 근무복, 점퍼, 구명조끼, "
원창금속,서울특별시 성동구 성수일로12가길 22 (성수동2가),기타 인쇄업 외 2 종,알리미늄뱃지
원평산업(주),"서울특별시 성동구 연무장길 73 (성수동2가, 원평산업(주))",침구 및 관련제품 제조업 외 4 종,"군대천막,군배낭,군의류대"
월계수테일러,"서울특별시 성동구 왕십리로21길 9, 5층 (행당동)",남자용 겉옷 제조업 외 1 종,의류
웨이브티피에스,서울특별시 성동구 성수이로22길 27 (성수동2가),경 인쇄업 외 1 종,상업용인쇄물(스티커 외)
윈마크(주),"서울특별시 성동구 아차산로 144, 401호 (성수동2가)",여자용 겉옷 제조업,"여성용정장,쟈켓,스커트"
윌전기공업(주),"서울특별시 성동구 아차산로 144, 304호 (성수동2가)",배전반 및 전기 자동제어반 제조업 외 2 종,접지검출설비
유기샘,"서울특별시 성동구 독서당로62가길 29-50, 1층 (응봉동)",기타 곡물 가공품 제조업,견과류가공품
유니버살텔레콤(주),"서울특별시 성동구 천호대로 438 (용답동, 유선빌딩)",방송장비 제조업 외 1 종,방송중계기
유니온칼라시스템,서울특별시 성동구 성수일로3길 15 (성수동1가),경 인쇄업 외 1 종,진단시약용칼라차트
유니트론 주식회사,"서울특별시 성동구 왕십리로 222, 한양종합기술연구원 B114-3호 (사근동)",기타 무선 통신장비 제조업,이동통신시스템
유로아이티에스(주),"서울특별시 성동구 아차산로 144, 우영테크노센터 306호 (성수동2가)",기타 구조용 금속제품 제조업 외 7 종,"자전거보대, 주차관제시스템"
유봉실업(주),서울특별시 성동구 뚝섬로3나길 22 (성수동1가),판지 상자 및 용기 제조업 외 1 종,"종이박스,인쇄"
유성전기금속(주),"서울특별시 성동구 성수일로 47 (성수동1가, 정주정밀)",전구 및 램프 제조업,전구
유성프린트,"서울특별시 성동구 연무장5길 11 (성수동2가, 크로바상사(주))",스크린 인쇄업,스크린인쇄
유일자수,"서울특별시 성동구 아차산로 49, 지층 106 (성수동1가, 서울숲 코오롱디지털타워 Ⅲ)",자수제품 및 자수용재료 제조업 외 1 종,자수
유진금속(주),서울특별시 성동구 왕십리로14나길 18 (성수동1가),수동식 식품 가공기기 및 금속 주방용기 제조업 외 7 종,주방용기구
유진섬유,"서울특별시 성동구 뚝섬로15길 1, 3층 (성수동2가)","근무복, 작업복 및 유사의복 제조업 외 7 종","의류,자켓,바지,내의"
유하정판(주),"서울특별시 성동구 아차산로13길 11 (성수동2가, 효진건업)",기타 인쇄업 외 1 종,박스
유한금속산업,서울특별시 성동구 성수일로 19 (성수동1가),"금속 문, 창, 셔터 및 관련제품 제조업",금속가공
육성,"서울특별시 성동구 성수일로8길 53 (성수동2가, 성수동복합시설)",시계 및 시계부품 제조업,시계부품
으뜸디지털컴(주),서울특별시 성동구 아차산로 92 (성수동2가),기타 인쇄업 외 1 종,옵셋인쇄
으뜸애드,서울특별시 성동구 성수동2가 314-11번지 1층,제책업 외 1 종,"책, 노트"
은성디앤피,"서울특별시 성동구 연무장15길 11, 가 1층 (성수동2가)",기타 인쇄업 외 1 종,인쇄물
을지인쇄(주),"서울특별시 성동구 성수이로 144-29, 205호 (성수동2가)",기타 인쇄업 외 1 종,"카다로그,전단지"
이노브주식회사,"서울특별시 성동구 아차산로 138, 2층 (성수동2가)",기타 인쇄업 외 1 종,"POP, VMD, 소프트웨어 제작"
이노자인,서울특별시 성동구 연무장5가길 7 (성수동2가) 성수역 현대테라스타워 E동 1406호,간판 및 광고물 제조업,"안내판제작 , 실사출력(디지털프린트)"
이다제화,"서울특별시 성동구 성수이로14길 14 (성수동2가, (주)대경케미칼)",구두류 제조업,구두
이데아쥬얼리,"서울특별시 성동구 성수이로24길 38 (성수동2가, 신흥아파트형공장)",귀금속 및 관련제품 제조업,"장신구(목걸리, 팔지)"
이세에너지,서울특별시 성동구 뚝섬로1길 25 (성수동1가),금속탱크 및 저장용기 제조업 외 1 종,물탱크
이수텍스타일,"서울특별시 성동구 성수일로 8-1 (성수동1가, 유화섬유)","직물, 편조원단 및 의복류 염색 가공업",염색
이앤이커뮤니케이션,"서울특별시 성동구 성수이로 144-29, 304호 (성수동2가)",기타 인쇄업 외 1 종,"리플렛,전단지,카다로그"
이치준,"서울특별시 성동구 아차산로5길 7 (성수동2가, 아주디지털타워)",기타 인쇄업 외 1 종,인쇄물 외
이터널,"서울특별시 성동구 연무장13길 3, 4층 (성수동2가)",구두류 제조업,수제화(숙녀화)
이트로아트,"서울특별시 성동구 연무장17길 3, 5층 503 (성수동2가, (주)삼우 아파트형공장)",기타 인쇄업 외 1 종,인쇄물
이트로아트,"서울특별시 성동구 연무장17길 3, 5층 503 (성수동2가, (주)삼우 아파트형공장)",기타 인쇄업 외 1 종,인쇄물
이화공업사,서울특별시 성동구 마장로40길 5-7 (마장동),금속 가구 제조업,보르네오 가구부품
이화섬유,"서울특별시 성동구 성수일로11길 12 (성수동1가, 나동)",편조원단 제조업,자동차시트원단
이화셈풀,"서울특별시 성동구 연무장길 103, 지하1층 (성수동2가)",솜 및 실 염색가공업,의류부자재
인성사,"서울특별시 성동구 성수이로 144-29, 104호 (성수동2가)",기타 인쇄업 외 1 종,"출판물,카다로그,상업용전단"
인성프린팅,"서울특별시 성동구 성수이로 144-29, 제일인쇄조합빌딩 1층 104호 (성수동2가)",경 인쇄업 외 1 종,인쇄
인애,"서울특별시 성동구 금호로 86 (금호동1가, "")",편조의복 제조업,쉐타
인창정밀,서울특별시 성동구 둘레7가길 16 (성수동1가),볼트 및 너트류 제조업 외 2 종,파스너
인코어테크놀로지 주식회사,"서울특별시 성동구 성수이로 68, 0동 3층 0 (성수동2가)",그 외 기타 전자부품 제조업 외 4 종,전자카드
인터마그 주식회사,"서울특별시 성동구 왕십리로 222, 퓨전테크센터(FTC) 802호(사근동, 한양대학교)",그 외 기타 의료용 기기 제조업,자기구동형 의료로붓시스템(RAMAN System)
일성포장산업,"서울특별시 성동구 성수일로 44 (성수동2가, .)",식품 위생용 종이 상자 및 용기 제조업,"박스,포장"
일신기업,서울특별시 성동구 성수이로22길 54 (성수동2가),"탭, 밸브 및 유사장치 제조업",파이프가공
일신문화,"서울특별시 성동구 상원10길 26 (성수동1가, 삼립인쇄)",기타 인쇄업 외 1 종,인쇄
일영정보,서울특별시 성동구 자동차시장1길 24-1 (용답동),기기용 자동측정 및 제어장치 제조업 외 3 종,통신기기제조
일조산업,서울특별시 성동구 광나루로 290 (성수동2가),침구 및 관련제품 제조업 외 1 종,"커튼,블라인드,스크린,침구류"
일진,서울특별시 성동구 아차산로 163 (성수동2가),섬유제품 기타 정리 및 마무리 가공업 외 1 종,자수염색 및 가공
일진정밀공업,"서울특별시 성동구 아차산로13길 33 (성수동2가, 협성상사)",볼트 및 너트류 제조업 외 5 종,배연창체인
임광전기(주),서울특별시 성동구 무학로8길 35 (홍익동),배전반 및 전기 자동제어반 제조업,배전반
임뮤노씽크,"서울특별시 성동구 뚝섬로1길 25, 8층 801 (성수동1가)",의료용품 및 기타 의약 관련제품 제조업,체외진단용 의료기기
자원섬유,"서울특별시 성동구 왕십리로10길 5-38 (성수동1가, 자원섬유)",편조원단 제조업,원단
재우공업,서울특별시 성동구 성덕정9가길 6 (성수동1가),"산업용 오븐, 노 및 노용 버너 제조업 외 1 종",자동제어기
재재패션(주),"서울특별시 성동구 성수일로4길 25, 901호.902호 (성수동2가) 외 1필지","근무복, 작업복 및 유사의복 제조업 외 15 종",의류
재재페션 제2공장,"서울특별시 성동구 성수일로4길 25, B1층 107 (성수동2가)","근무복, 작업복 및 유사의복 제조업 외 15 종",근무복 작업복
전광수커피랩,"서울특별시 성동구 아차산로17길 57, 10층 1001 (성수동2가, 일신건영휴먼테코)",커피 가공업,커피
정광기전,서울특별시 성동구 연무장길 28-21 (성수동2가),"전기회로 개폐, 보호장치 제조업 외 1 종",전기부품
정광인쇄(주),서울특별시 성동구 성수이로20길 57 (성수동2가),기타 인쇄업 외 2 종,"종이박스,상업인쇄"
정상실업,서울특별시 성동구 연무장13길 3 (성수동2가),자수제품 및 자수용재료 제조업 외 1 종,자수
정우만물산업(주),서울특별시 성동구 왕십리로31길 17 (하왕십리동),편조의복 제조업 외 2 종,"앨범,바이다.안던조끼"
정우실업,"서울특별시 성동구 성수일로1길 13 (성수동1가, 정우빌딩)","전자기 측정, 시험 및 분석기구 제조업","계측기, 시험기기"
정인제책사,"서울특별시 성동구 성수이로20길 42 (성수동2가, 서울탁주성동공장)",제책업,"카다로그,주문책,책제본"
정일엔지니어링@,"서울특별시 성동구 성수이로 126 (성수동2가, 부영상사)",공기 조화장치 제조업,공기조절기
정한실업,서울특별시 성동구 성수이로22길 51 (성수동2가),기타 인쇄업 외 1 종,인쇄물
정현아이앤씨,서울특별시 성동구 성수일로 55 (성수동1가) SK테크노빌딩 6층 608호,기타 가죽제품 제조업,"가죽제품, 악세서리"
제스트,"서울특별시 성동구 성수이로7길 27, 11층 1105 (성수동2가, 서울숲 코오롱 디지털타워2)",남자용 겉옷 제조업 외 1 종,남자의류
제이에스코리아,"서울특별시 성동구 아차산로5길 8, 5층 (성수동2가)",스크린 인쇄업,프린트라벨
제일사진인쇄(주),서울특별시 성동구 연무장5가길 11 (성수동2가),기타 인쇄업 외 1 종,앨범
제일저지(주),"서울특별시 성동구 성수일로4길 25, 6층 604,605,606,607,608 (성수동2가)",면직물 직조업 외 6 종,"숙녀복,골프웨어"
제일주화계산기제작소,"서울특별시 성동구 성수이로18길 49 (성수동2가, 제일주화제작소)",사무용 기계 및 장비 제조업 외 1 종,주화계산기
제일타면,서울특별시 성동구 성수2가제1동 418번지,그 외 기타 분류 안된 섬유제품 제조업,화솜
제일피복공업(주),"서울특별시 성동구 연무장17길 14, 7층 703호 (성수동2가, 대군인더스 타운)",그 외 기타 의복액세서리 제조업,장갑
조령산업,"서울특별시 성동구 성수이로24길 38, 302호 (성수동2가)","용기 세척, 포장 및 충전기 제조업",포장기계
조운기계공업사,서울특별시 성동구 성수일로4가길 10-57 (성수동2가),그 외 기타 의료용 기기 제조업,"약품제조용기계,충전기"
조이픽스,서울특별시 성동구 아차산로5길 34 (성수동2가),그 외 기타 플라스틱 제품 제조업,"완구,전자제품"
조인텍코리아,"서울특별시 성동구 왕십리로10길 6 (성수동1가, 신광케미칼)",그 외 기타 일반목적용 기계 제조업 외 1 종,스프링쿨러
종합인쇄신성,"서울특별시 성동구 연무장5가길 25 (성수동2가, 타임프린팅(주))",기타 인쇄업 외 3 종,"인쇄,구두류"
주)유비티엘이디,"서울특별시 성동구 성수이로3길 18-1, 지하 (성수동2가, 일광학원)",일반용 전기 조명장치 제조업,조명
주식회사 거빈,"서울특별시 성동구 상원6길 11-1, 지층 (성수동1가)",기타 인쇄업 외 1 종,스티커인쇄
주식회사 건축모형명장,"서울특별시 성동구 성수일로4길 10, 2층 (성수동1가, 평화기업사)",전시용 모형 제조업,교시형모형
주식회사 굿프린팅,서울특별시 성동구 성수동1가 656-1748번지,경 인쇄업 외 6 종,인쇄물
주식회사 금별엔지니어링,"서울특별시 성동구 동일로 91 (성수동2가, A동)",그 외 자동차용 신품 부품 제조업 외 4 종,기타 자동차 부품 제조
주식회사 기드온소닉,"서울특별시 성동구 성수일로8길 5, 서울숲SK-V1 A동 5층 502호 (성수동2가)",유선 통신장비 제조업 외 1 종,"초음파세척기, 유선통신장비, 전기장비 "
주식회사 긱블,"서울특별시 성동구 성수이로7가길 8, 1층(성수동2가, 태창실업)",전시용 모형 제조업,교구
주식회사 니온밸리코리아,서울특별시 성동구 성수일로6길 3 (성수동2가) 지시코별관2층,자수제품 및 자수용재료 제조업,자수복생산
주식회사 다인정보기술,"서울특별시 성동구 성수일로 55, 102호(성수동1가, SK테크노빌딩) 102호",방송장비 제조업 외 2 종,"영상감시장치 ,CCTV, 차량번호판독기, 전원공급장치"
주식회사 대아티앤피,"서울특별시 성동구 성수일로 99, B101호 (성수동1가, 서울숲AK밸리 지식산업센터) B101호",경 인쇄업,"리플릿, 바코드"
주식회사 대일씨앤에이,"서울특별시 성동구 왕십리로 58, 212호 (성수동1가)",기타 인쇄업 외 1 종,인쇄제본물
주식회사 대진특수인쇄,"서울특별시 성동구 왕십리로 58, 지하 201호~204호 (성수동1가)",그 외 기타 종이 및 판지 제품 제조업 외 2 종,스티커인쇄
주식회사 더에스엘,"서울특별시 성동구 뚝섬로17가길 48, 3층 304호(성수동2가, 성수에이원 지식산업센터) 3층 304호","탭, 밸브 및 유사장치 제조업 외 1 종",스마트 수전
주식회사 동진문화사,"서울특별시 성동구 성수이로18길 31, 4층 405호, 406호 (성수동2가, 풍림테크원)",경 인쇄업,인쇄물
주식회사 두리텍,"서울특별시 성동구 성수일로 77, 1601호(성수동1가, 서울숲 IT 밸리) 1601호","전자기 측정, 시험 및 분석기구 제조업 외 2 종","자동차 운행기록계, OBO 모듈, 택시미터, 냉장.냉동차량 온도장치"
주식회사 디스트랩,"서울특별시 성동구 광나루로 144, B1층 B103호 (성수동1가, 더 스페이스 타워) B1층 B103호",일반용 전기 조명장치 제조업 외 3 종,"조명기구, 조명제어장치, 조명기구, 조명기구"
주식회사 디엠패션,"서울특별시 성동구 아차산로15길 34, 2층 (성수동2가, 오복빌딩)",셔츠 및 블라우스 제조업,셔츠 및 블라우스
주식회사 루나스코리아,"서울특별시 성동구 연무장길 38, 2층 (성수동2가)",구두류 제조업 외 1 종,구두
주식회사 리얼카라반,"서울특별시 성동구 뚝섬로1길 25, 709호(성수동1가, 서울숲 한라에코밸리) 709호",기타 인쇄업 외 2 종,인쇄물
주식회사 리얼티쓰 팩토리 (RealTeeth Factory),"서울특별시 성동구 성수일로4길 25, 605호 (성수동2가, 서울숲코오롱디지털타워) 605호",정형외과용 및 신체보정용 기기 제조업 외 1 종,치과보철물
주식회사 마치인터내셔널,서울특별시 성동구 뚝섬로1길 25 (성수동1가) 2층 202호,핸드백 및 지갑 제조업,가방 및 핸드백
주식회사 머치베리,서울특별시 성동구 성수일로 55 (성수동1가) SK테크노빌딩 1층 102호,기타 주변기기 제조업,도서관리시스템
주식회사 모우컴,"서울특별시 성동구 성수이로 66, 607호(성수동2가, 서울숲 드림타워) 607호",기타 인쇄업,라벨
주식회사 미소모형,"서울특별시 성동구 성수일로12길 34, 2층 (성수동2가)",전시용 모형 제조업,건축모형
주식회사 민성피앤아이,"서울특별시 성동구 아차산로9길 19, 1,2층 (성수동2가)",경 인쇄업 외 1 종,화장품 케이스
주식회사 벨코,"서울특별시 성동구 연무장5길 19, 1층 (성수동2가)",일반용 전기 조명장치 제조업,조명장치
주식회사 보노에어,"서울특별시 성동구 연무장길 76, 803호(성수동2가, 성수 AK 밸리) 803호","물질 검사, 측정 및 분석기구 제조업",가스센서
주식회사 보노에어,"서울특별시 성동구 상원12길 34, 323호(성수동1가) 323호","물질 검사, 측정 및 분석기구 제조업",가스센서
주식회사 보다텍(지점),"서울특별시 성동구 성수일로10길 8, 3층 303호 (성수동2가) 3층 303호",방송장비 제조업 외 7 종,폐쇄회로 주변기기
주식회사 볼텀,"서울특별시 성동구 동일로 89, 한진빌딩 500호 (성수동2가)",그 외 자동차용 신품 부품 제조업 외 3 종,차량용 엑세서리(송풍구형 스마트폰 거치대)
주식회사 뷰테크글로벌,"서울특별시 성동구 아차산로 3, 402호,403호(성수동1가, 성수동 아파트형 공장 두앤캔 하우스) 402호,403호",그 외 기타 의료용 기기 제조업,"미용기기, 의료기기"
주식회사 비비드앤컴퍼니,"서울특별시 성동구 광나루로 130, 402호 (성수동1가, 성수동1가 671-41 공장 (롯데자산개발(주)))",액체 여과기 제조업,"비타민샤워필터,정수필터"
주식회사 사일로랩,"서울특별시 성동구 연무장길 76, B301호(성수동2가, 성수 AK 밸리) B301호",전시 및 광고용 조명장치 제조업,전시 및 광고용 조명장치
주식회사 서진씨앤피,"서울특별시 성동구 아차산로 144, B102호(성수동2가, 우영테크노센터) B102호",그 외 기타 종이 및 판지 제품 제조업,"라벨, 스티커"
주식회사 선익물산,"서울특별시 성동구 성수이로7가길 6, 2층 (성수동2가)",구두류 제조업,구두류 등
주식회사 세종티에프,"서울특별시 성동구 독서당로 212, 2층 (옥수동)",셔츠 및 블라우스 제조업 외 1 종,남성셔츠
주식회사 소닉펄스,서울특별시 성동구 성수일로12길 29 (성수동2가),기타 전기 변환장치 제조업 외 3 종,초음파스케일방지기
주식회사 수덕레벨,"서울특별시 성동구 서울숲6길 8-1 (성수동1가, 정수목욕탕)",산업처리공정 제어장비 제조업,레벨(수위조절기)
주식회사 쉬엔비,"서울특별시 성동구 아차산로 74, 6층, 7층(성수동2가, SHENB 타워)",전기식 진단 및 요법 기기 제조업 외 1 종,"의료기기, 미용기기"
주식회사 신세계와이비에스,"서울특별시 성동구 자동차시장1길 18, 지하1,2층 (용답동)",그 외 기타 봉제의복 제조업,봉제의복제조업
주식회사 심플솔루션,"서울특별시 성동구 성수일로 89, 201호(성수동1가, Metamorpho(지식산업센터))",기타 무선 통신장비 제조업 외 2 종,유무선 네트워크 보안장비
주식회사 씨에이치인더스트리,"서울특별시 성동구 성수이로 66, 306호 (성수동2가, 성수동2가 323 지식산업센터)",침구 및 관련제품 제조업 외 1 종,"침구류,커튼류 등"
주식회사 씨인터내셔널,서울특별시 성동구 상원12길 21 (성수동1가) 외 1필지,여자용 겉옷 제조업,의류
주식회사 아르스루퍼,"서울특별시 성동구 광나루로8길 31, 비105호 (성수동2가)",방송장비 제조업 외 1 종,"방송장비, 기타무선 통신장비"
주식회사 아이민컴퍼니,"서울특별시 성동구 광나루로 130, B112호(서울숲아이티캐슬) (성수동1가)",기타 비알코올 음료 제조업,과채음료제조
주식회사 아이아이컴바인드,서울특별시 성동구 동일로 61 (성수동2가) 외 1필지,전시용 모형 제조업,설치미술작품
주식회사 아크솔루션스,"서울특별시 성동구 광나루로8길 10, 701호, 702호, 703호 (성수동2가, 에이스성수타워1) 701호, 702호, 703호",산업용 로봇 제조업,청소용 로봇
주식회사 아키텍,"서울특별시 성동구 광나루로 210, 3층 (성수동2가)",전시용 모형 제조업,교시용 모형
주식회사 아트랭크,"서울특별시 성동구 뚝섬로1길 63, 702호 (성수동1가, 영창디지털타워) 702호",기타 인쇄업,기타플라스틱 제품
주식회사 애드샵컴퍼니,"서울특별시 성동구 왕십리로 58, B1층 B105호, B109-B116호(성수동1가, FORHU) B1층 B105호, B109-B116호 외 1필지",기타 인쇄업 외 1 종,인쇄물
주식회사 액티브미디어그룹,서울특별시 성동구 아차산로 3 (성수동1가) 성수동 아파트형 공장 두앤캔 하우스 7층 705호,방송장비 제조업,산업용방송기자재
주식회사 에스씨하나애드,"서울특별시 성동구 성수일로 77, b205 (성수동1가, 서울숲IT밸리)",간판 및 광고물 제조업,광고 및 간판
주식회사 에스엔에이,"서울특별시 성동구 성수일로 55, 307호 (성수동1가, SK테크노빌딩) 307호",기타 주변기기 제조업,"컴퓨터서버, 디스크어레이"
주식회사 에이치나인 헬스케어,"서울특별시 성동구 성수이로 147, B1층 B103 (성수동2가)",그 외 기타 의료용 기기 제조업 외 2 종,"대장내시경 검사보조기, 체지방체형 측정기"
주식회사 에이치케이,서울특별시 성동구 동일로 275 (송정동),수동식 식품 가공기기 및 금속 주방용기 제조업 외 9 종,소독기
주식회사 에코런케이,"서울특별시 성동구 아차산로15길 52, 9층 903-1호 (성수동2가)",그 외 기타 의료용 기기 제조업,휴대용 방연후드 마스크
주식회사 엘씨벤쳐스,"서울특별시 성동구 성수일로8길 5, A동 507호, 508호 (성수동2가, 서울숲 SK V1 TOWER) A동 507호, 508호",핸드백 및 지갑 제조업,지갑
주식회사 엘이디피아,"서울특별시 성동구 동일로 217, 지하 (송정동)",전시 및 광고용 조명장치 제조업,LED 조명
주식회사 엠스타넷,"서울특별시 성동구 아차산로17길 49, 1305호(성수동2가, 생각공장데시앙플렉스) 1305호",철도차량 부품 및 관련 장치물 제조업 외 5 종,"주차정산기, 키오스크, 이동형CCTV"
주식회사 예상글로벌,"서울특별시 성동구 성수일로 111, 713호(성수동1가) 713호",일반용 전기 조명장치 제조업,LED조명기구
주식회사 예연창,"서울특별시 성동구 광나루로 241, 경지빌딩 B 2층 (송정동)",비디오 및 기타 영상기기 제조업 외 3 종,상호인식시스템
주식회사 오르,"서울특별시 성동구 성수이로7길 7, 7층 706 (성수동2가, 서울숲 한라시그마밸리Ⅱ)",그 외 기타 플라스틱 제품 제조업,"친환경생활용품, 유아용품 사출 및 원료"
주식회사 올피아,"서울특별시 성동구 성수이로 66, 4층 408 (성수동2가, 서울숲드림타워)",산업처리공정 제어장비 제조업,저반력 너트런너 제어기 시스템 외
주식회사 원브라이트 프린팅,"서울특별시 성동구 아차산로15길 34, 1층 우측호실(성수동2가, 오복빌딩)",기타 인쇄업,라벨 스티커
주식회사 원캐스트,"서울특별시 성동구 아차산로17길 57, 7층 705 (성수동2가)",방송장비 제조업 외 2 종,"방송장비, 유선 통신장비, 기타 음향기기 제조"
주식회사 유엔파인,"서울특별시 성동구 연무장5가길 25, 1009호 (성수동2가)",교통 신호장치 제조업,보행자감지기
주식회사 유투엔지,서울특별시 성동구 아차산로17길 48 (성수동2가) 성수 SK V1 CENTER I 1동 1501호~1502호,그 외 기타 전자부품 제조업 외 4 종,"PCB,무선선량률판독기,무선증계기,데이터통신보드,전기전자 컨트롤러,PLC,신호변환기"
주식회사 유포러스,"서울특별시 성동구 성수일로10길 32, 4층(성수동2가, 창미빌딩)",기타 주변기기 제조업,신분증인식기
주식회사 윤익전자,"서울특별시 성동구 아차산로11길 27, 401호, 402호(성수동2가, 윈스타워) 401호, 402호",기기용 자동측정 및 제어장치 제조업,"보일러 컨트룰러, 태야열 시스템 컨트룰러, 자동제어기기"
주식회사 이너룩스,"서울특별시 성동구 성수일로 39-41, B1층(성수동1가)",일반용 전기 조명장치 제조업,조명기구
주식회사 이바이오젠,"서울특별시 성동구 뚝섬로17가길 48, 408호(성수동2가, 성수에이원 지식산업센터) 408호",그 외 기타 분류 안된 화학제품 제조업,집먼지진드기 검출키트
주식회사 이스트엔드,"서울특별시 성동구 뚝섬로1길 63, 지하 202호, (성수동1가) 외 1필지","근무복, 작업복 및 유사의복 제조업 외 5 종",의류제조
주식회사 제이스버디,서울특별시 성동구 연무장길 53 (성수동2가) 삼영빌딩 2층,섬유제품 기타 정리 및 마무리 가공업 외 5 종,"남녀티셔츠, 바지"
주식회사 제인팅,서울특별시 성동구 성수일로10가길 16 (성수동2가),기타 인쇄업 외 1 종,"인쇄물, 인쇄물"
주식회사 지미션,"서울특별시 성동구 뚝섬로1길 25, 1301호(성수동1가, 서울숲 한라에코밸리) 1301호",유선 통신장비 제조업,통신장비
주식회사 지엘아이엔씨,"서울특별시 성동구 성수일로10길 14, 312호 (성수동2가)",안경 및 안경렌즈 제조업,안경 및 안경렌즈
주식회사 지오소프트,"서울특별시 성동구 동일로 83, 301호 (성수동2가, 삼보약국)",방송장비 제조업 외 1 종,"영상감시장치, 교통신호장치"
주식회사 캡시스,"서울특별시 성동구 성수일로 77, 716호 (성수동1가, 서울숲IT밸리)",배전반 및 전기 자동제어반 제조업,터널조명컨트롤러
주식회사 케이엔피이노텍,"서울특별시 성동구 아차산로 144, 우영테크노센터 403호 (성수동2가)",일반용 전기 조명장치 제조업,LED 조명기기
주식회사 코드스테리,서울특별시 성동구 왕십리로 222 (사근동) 한양대학교 b 108-4호,분사기 및 소화기 제조업,플라크린(방역용 소독기)
주식회사 클레,"서울특별시 성동구 왕십리로 58, 514호(성수동1가, FORHU) 514호",컴퓨터 제조업,컴퓨터(자동자료처리기계)
주식회사 타디스테크놀로지,"서울특별시 성동구 성수일로 10, 709호(성수동1가, 서울숲 ITCT 지식산업센터) 709호",자동차용 신품 전기장치 제조업,전기자동차 충전기
주식회사 타무즈인터내셔널,"서울특별시 성동구 연무장5가길 7, W동 607호, 608호 (성수동2가, 성수역 현대테라스타워) W동 607호, 608호",기억장치 제조업 외 1 종,"SSD, 데스크톱 컴퓨터"
주식회사 태영트윈클,"서울특별시 성동구 성수이로 51, 한라시그마밸리 B204~B206,B210,B212 (성수동2가)",그 외 기타 분류 안된 금속 가공 제품 제조업 외 1 종,버클및 기차악세사리
주식회사 텐스퀘어,"서울특별시 성동구 뚝섬로1길 31, 서울숲 M타워 1106~1107호 (성수동1가)",전시 및 광고용 조명장치 제조업,안내전광판
주식회사 티팩토리,"서울특별시 성동구 성수일로8길 5, A동 807-809호(성수동2가, 서울숲 SK V1 TOWER) A동 807-809호","전기회로 개폐, 보호장치 제조업 외 2 종",서지보호기 외
주식회사 파킹패스,"서울특별시 성동구 성수이로 66, 9층 901 (성수동2가, 서울숲드림타워)",교통 신호장치 제조업,교통신호장치 제조업
주식회사 포스알앤디,"서울특별시 성동구 아차산로15길 52, 7층 702 (성수동2가, 삼환 디지털 벤처타워)",일반용 전기 조명장치 제조업 외 7 종,"조명장치, 교통신호장치"
주식회사 포승,서울특별시 성동구 성수동2가 257-4번지 외 1필지,경 인쇄업,상업용인쇄물(스티커 외)
주식회사 포이엔,서울특별시 성동구 성수동2가 성수이로 144-29 서울제일인쇄공업사업협동조합 제1층 제101호,혼성 및 재생 플라스틱 소재 물질 제조업,플라스틱 M/B
주식회사 프로토스,"서울특별시 성동구 성수이로 51, B2층 201호, 209호 (성수동2가, 서울숲 한라시그마밸리)",기타 운동 및 경기용구 제조업 외 2 종,"수면안대, 요가용품"
주식회사 플라이쿱,"서울특별시 성동구 동일로 287, 플라이쿱빌딩 지하1층 (송정동)",자수제품 및 자수용재료 제조업 외 21 종,자수제품 및 자수용재료
주식회사 피나클비엔에이,서울특별시 성동구 광나루로4가길 3 (성수동2가),"근무복, 작업복 및 유사의복 제조업 외 17 종","근무복, 작업복, 유사의복"
주식회사 하늘선,"서울특별시 성동구 아차산로15길 52, 501호(성수동2가, 삼환디지털벤처타워) 501호",기타 가정용 전기기기 제조업,공기청정기 부품 및 완제품
주식회사 하이티에스,"서울특별시 성동구 자동차시장1길 47, 지하1층, 1층 (용답동)",전시용 모형 제조업 외 1 종,교시형 모형
주식회사 한통물산,"서울특별시 성동구 성수일로12길 27 (성수동2가, (주)창미)",기타 직물제품 제조업 외 5 종,의복 봉제
주식회사 핫시즈너,,떡류 제조업 외 2 종,"가래떡, 닭발, 분말스프"
주식회사 해명,"서울특별시 성동구 성수일로12길 1, 2층 (성수동2가)",전시용 모형 제조업,"건축모형, 전시모형"
주식회사디앤씨툴,"서울특별시 성동구 동일로 227 (송정동, 흰돌교회)",유압기기 제조업 외 6 종,"공구, 콤프레샤"
주식회사유니클,"서울특별시 성동구 연무장17길 14, 6층 602 (성수동2가, 대군인더스 타운) 6층 602호",주방용 전기기기 제조업 외 2 종,가정용음식물처리기
주영옵티칼스크린(주),서울특별시 성동구 연무장길 93 (성수동2가),비디오 및 기타 영상기기 제조업 외 2 종,스크린
주영펌프공업앤이엔지 주식회사,서울특별시 성동구 둘레19길 4 (성수동2가),액체 펌프 제조업,펌프
주유자동기,서울특별시 성동구 상원길 50-15 (성수동1가),산업용 냉장 및 냉동 장비 제조업,라면스프포장기계
주화섬유,"서울특별시 성동구 성덕정길 129-26, 1층 (성수동2가)",솜 및 실 염색가공업,임가공
준성실업(주),서울특별시 성동구 용답중앙13길 11 (용답동),셔츠 및 블라우스 제조업 외 1 종,체육복
준승섬유,서울특별시 성동구 금호로 128-1 (금호동1가),셔츠 및 블라우스 제조업 외 1 종,쉐타
중앙조명,"서울특별시 성동구 마장로 321 (마장동, 시대약국)",일반용 전기 조명장치 제조업 외 1 종,거실등
중일금속,서울특별시 성동구 왕십리로4가길 13 (성수동1가),그 외 기타 분류 안된 금속 가공 제품 제조업 외 1 종,"열쇄고리,뻐클"
중화섬유,서울특별시 성동구 성수동2가 322-39번지,편조원단 제조업,원단 편조
지성,"서울특별시 성동구 마장로25길 13-1, 4층 (홍익동)",편조원단 제조업,원단편직
지시코(주),"서울특별시 성동구 아차산로 62 (성수동2가, 제일과학산업(주)) (총 2 필지)","물질 검사, 측정 및 분석기구 제조업 외 1 종","실험기계,이화학실험기기"
지아이씨상사,"서울특별시 성동구 광나루로 320-2, 6층 (성수동2가, 용달협회)","근무복, 작업복 및 유사의복 제조업 외 4 종",의류
지영G&G,"서울특별시 성동구 성수이로14길 14, 3층 (성수동2가)",구두류 제조업,여성용구두
진광조명,"서울특별시 성동구 성수이로24길 38, 705호 (성수동2가)",일반용 전기 조명장치 제조업 외 1 종,"거실등,주택등,할로겐"
진봉금속,"서울특별시 성동구 성수일로8길 30, 1층 (성수동2가)",도금업,"훈장, 넉타이핀"
진성전기@,"서울특별시 성동구 성수이로 144-46 (성수동2가, 한라공조써비스한미사)",변압기 제조업 외 3 종,전기제품
진성정밀기기사,"서울특별시 성동구 성수이로 126 (성수동2가, 부영상사)","물질 검사, 측정 및 분석기구 제조업",시험기기
진성칼라,서울특별시 성동구 연무장5가길 11 (성수동2가),기타 인쇄업 외 1 종,인쇄물
진영정밀,서울특별시 성동구 왕십리로14길 10 (성수동1가),볼트 및 너트류 제조업 외 4 종,선풍기 및 환풍기 회전축
진영제화(주),서울특별시 성동구 성수일로12길 26 (성수동2가),구두류 제조업,구두
진영지업(주),서울특별시 성동구 성수이로24길 37 (성수동2가),문구용 종이제품 제조업,복사지 제조
진우디씨(주),"서울특별시 성동구 광나루로8길 11 (성수동2가, 현대공업사)",그 외 기타 특수목적용 기계 제조업 외 1 종,"전기밥솥부품, 가스보일러부품"
진원,"서울특별시 성동구 성수이로14길 14 (성수동2가, (주)대경케미칼)",구두류 제조업,구두
진일로라,"서울특별시 성동구 아차산로11길 12 (성수동2가, 진일빌딩)",구름베어링 제조업,고무로라
진일패키징,"서울특별시 성동구 성수이로22길 43, 1층 (성수동2가, 성수동 아파트형 공장)",판지 상자 및 용기 제조업,판지상자 및 포장용기 
진흥지기공업사,서울특별시 성동구 왕십리로6길 4-8 (성수동1가),판지 상자 및 용기 제조업 외 1 종,"종이박스,포대"
참피온전자,서울특별시 성동구 상원길 49 (성수동1가),그 외 기타 전자부품 제조업 외 1 종,전기전자 콘트롤
창생사,"서울특별시 성동구 성수이로24길 38, 301호 (성수동2가)",그 외 기타 의료용 기기 제조업,성기동맥혈류춘전기
창신정밀공업사,서울특별시 성동구 성수이로12길 2 (성수동2가),일반철물 제조업 외 1 종,"일반철물, 주형및 금형"
창우산업(주),서울특별시 성동구 성수일로4길 25 (성수동2가),모피제품 제조업 외 2 종,원단세탁임가공
창현섬유,서울특별시 성동구 연무장13길 3 (성수동2가),편조원단 제조업,원단
천일파이프(주),서울특별시 성동구 뚝섬로4길 20 (성수동1가),일반용 전기 조명장치 제조업,조명용파이프
청강인터네셔널,"서울특별시 성동구 아차산로 179, 지하 (성수동2가)",구두류 제조업 외 2 종,"구두,가방, 기타신발"
청도인쇄@,"서울특별시 성동구 성수이로 144-46 (성수동2가, 한라공조써비스한미사)",기타 인쇄업 외 1 종,인쇄
청립전자,"서울특별시 성동구 성수이로22길 37 (성수동2가, 성수동 아크밸리)",전자축전기 제조업,"콘덴서(형광등,꼬마전구)"
청솔문화인쇄,"서울특별시 성동구 연무장19길 12 (성수동2가, 2동)",기타 인쇄업 외 1 종,의류박스 인쇄
청원정밀,서울특별시 성동구 아차산로13길 2 (성수동2가),사무용 기계 및 장비 제조업,복사기 부품
청화하이테크(주),서울특별시 성동구 왕십리로 58 (성수동1가) FORHU 서울숲포휴동 B3층 309호,유선 통신장비 제조업 외 4 종,방송장비
추계전자통신(주)@,"서울특별시 성동구 성수이로 144-46 (성수동2가, 한라공조써비스한미사)","전자코일, 변성기 및 기타 전자 유도자 제조업",전자코일
케이아트,"서울특별시 성동구 성수일로10길 26, 13층 1301~1304호 (성수동2가)",가방 및 기타 보호용 케이스 제조업 외 2 종,앨범
케이알프렌트,서울특별시 성동구 왕십리로16가길 26-4 (성수동1가),수동식 식품 가공기기 및 금속 주방용기 제조업,산업탱크류
케이에스 전기조명,"서울특별시 성동구 성수일로 39-41, 3층 (성수동1가, 마루동신)",일반용 전기 조명장치 제조업 외 2 종,전기 조명
케이에스엔바이로(주),"서울특별시 성동구 성수일로 55, 402호 (성수동1가)",액체 여과기 제조업 외 3 종,여과기
케이투코리아(주),서울특별시 성동구 아차산로11가길 3 (성수동2가),기타 신발 제조업 외 5 종,"등산화,안전화"
코레버출판인쇄(주),"서울특별시 성동구 연무장5가길 25, B2층 B201~B205호 (성수동2가, 성수역 SK V1 Tower) B2층 B201~B205호",오프셋 인쇄업 외 2 종,"교과서 등 각종 인쇄물, 교과서 등 각종 인쇄물, 교과서 등 각종 인쇄물"
코리아임팩스트레이딩(주),"서울특별시 성동구 아차산로17길 57, 11층 1104 (성수동2가, 일신건영휴먼테코)","근무복, 작업복 및 유사의복 제조업 외 2 종",근무복
코마텍,서울특별시 성동구 행당동 40-30번지,기체 펌프 및 압축기 제조업 외 2 종,"로타리밸부,메터링휘더"
코비코휴즈,"서울특별시 성동구 아차산로11길 27, 윈스타워 403 (성수동2가)","전기회로 개폐, 보호장치 제조업 외 1 종",휴즈 및 전자부품
코스모스전자,"서울특별시 성동구 성수이로22길 37 (성수동2가, 성수동 아크밸리)","전자기 측정, 시험 및 분석기구 제조업",측정기
코아쥬얼리(주),"서울특별시 성동구 아차산로 144, 201호 (성수동2가)",귀금속 및 관련제품 제조업,"반지,목걸이,팔찌"
코키스,"서울특별시 성동구 아차산로17길 57, 휴먼테코 801호, B203호 (성수동2가)",수동식 식품 가공기기 및 금속 주방용기 제조업 외 2 종,"주방기구, 위생기구, 소독발판, 운반카류"
크라운인쇄제본,서울특별시 성동구 성수1가제1동 613-2번지,기타 인쇄업 외 1 종,"제본,인쇄"
타임프린팅(주),"서울특별시 성동구 성수이로 144-29, 비층 105 (성수동2가, 서울제일인쇄공업사업협동조합)",기타 인쇄업 외 1 종,인쇄
태광산업,서울특별시 성동구 성수일로6길 47 (성수동2가),"직물, 편조원단 및 의복류 염색 가공업",가발용 부자재
태광종합기획,서울특별시 성동구 뚝섬로15길 16 (성수동2가) 1층,기타 종이 상자 및 용기 제조업 외 3 종,"제약 상자, 화장품 상자"
태성엔시티,"서울특별시 성동구 성수이로 61 (성수동2가, 평화섬유)",구조용 금속 판제품 및 공작물 제조업 외 2 종,철판제품
태양인쇄,"서울특별시 성동구 성수이로 144-29, 102호 (성수동2가)",기타 인쇄업 외 1 종,옵셋인쇄
태원문화인쇄,"서울특별시 성동구 성수이로26길 31 (성수동2가, 태원문화인쇄사)",기타 인쇄관련 산업,비디오인텍스
태진섬유공업사,"서울특별시 성동구 성수이로7가길 13 (성수동2가, 태진섬유)",편조원단 제조업,니트원단
태진씨엔씨,"서울특별시 성동구 성수이로7가길 11 (성수동2가, (주)상현원색)",편조원단 제조업,원단
태창문예인쇄(주),서울특별시 성동구 성수일로10가길 10 (성수동2가),경 인쇄업 외 3 종,인쇄물
태하엔지니어링,서울특별시 성동구 성수일로12길 1 (성수동2가),기타 가공 공작기계 제조업,정량밸브
텐텍 주식회사,서울특별시 성동구 아차산로17길 48 (성수동2가) 1007~1008호,그 외 기타 의료용 기기 제조업,의료용레이저
통인갤러리(주),"서울특별시 성동구 성수일로12길 1, 지하1층 (성수동2가)",기타 인쇄업 외 1 종,칼라인쇄물
트로닉스,"서울특별시 성동구 성수일로4길 25, 7층 710호 (성수동2가)",경 인쇄업 외 1 종,라벨
팔월삼일 주식회사,"서울특별시 성동구 성수일로 89, 905호(성수동1가, Metamorpho(지식산업센터))",가방 및 기타 보호용 케이스 제조업,즉각조치가능 탄피받이
평화기업사,"서울특별시 성동구 성수일로4길 12 (성수동1가, 한라인쇄공사)",세폭직물 제조업,직조라벨
포인트디자인모델,"서울특별시 성동구 성수일로10길 11, 2층 (성수동2가)",전시용 모형 제조업,건축모형
포커스,"서울특별시 성동구 뚝섬로1길 31 (성수동1가, 라동)",간판 및 광고물 제조업,간판
푸른기획,"서울특별시 성동구 성수이로 126, A동 202호 (성수동2가)",간판 및 광고물 제조업,"현수막,배너,상패"
푸른디자인,"서울특별시 성동구 광나루로4가길 15, 1~2충 (성수동2가)",모조 귀금속 및 모조 장신용품 제조업,상업장치물
푸른문화,"서울특별시 성동구 성수일로11길 14 (성수동1가, 남해산업(주))",기타 인쇄업 외 1 종,인쇄물
풍미실업,"서울특별시 성동구 아차산로9길 41, 3층 (성수동2가)",스크린 인쇄업,"인쇄된 양말, T샤쓰"
풍산조명,"서울특별시 성동구 아차산로 49, 코오롱디지털타원3차 B107호 (성수동1가)",전구 및 램프 제조업 외 2 종,"조명기구,전구,광고용램프"
풍진섬유산업사,"서울특별시 성동구 광나루로 253 (송정동, 풍진빌딩)",세폭직물 제조업,원단
프린 서프,"서울특별시 성동구 성수이로 88, 지하1층 (성수동2가)",기타 종이 상자 및 용기 제조업,종이상자
프린스,"서울특별시 성동구 왕십리로21길 27, (2층) (행당동)",남자용 겉옷 제조업 외 1 종,남여정장
프린테크 21,서울특별시 성동구 성수이로 147 (성수동2가),기타 인쇄업 외 1 종,인쇄물
프린테크21,"서울특별시 성동구 아차산로5길 19-1, 외 1필지 (성수동2가)",기타 인쇄업 외 1 종,카다로그
플루미나주식회사,"서울특별시 성동구 아차산로15길 52, 1층 103호 (성수동2가, 삼환 디지텔 벤처타워) 외 1필지",일반용 전기 조명장치 제조업,일반용 조명장치
피.포인트,서울특별시 성동구 성수2가제3동 315-8번지,스크린 인쇄업,섬유인쇄
피.포인트,"서울특별시 성동구 연무장5가길 25 (성수동2가, 타임프린팅(주))",스크린 인쇄업,섬유인쇄
피앤에이솔루션즈,서울특별시 성동구 행당동 17번지 공업센터별관 308호,"기타 측정, 시험, 항해, 제어 및 정밀기기 제조업",기타측정 시험항해 및 정밀기기제조업
피에스컴퍼니,"서울특별시 성동구 뚝섬로15길 1, 3층 (성수동2가)",핸드백 및 지갑 제조업,"가방,지갑"
피엔피,"서울특별시 성동구 아차산로13길 48 (성수동2가, 쌍용기계공업(주))",기타 인쇄업 외 1 종,인쇄
필립,"서울특별시 성동구 성수이로7길 7, 6층 601,612 (성수동2가)",적층 및 표면처리 직물 제조업 외 2 종,의류부자재
하나기계,서울특별시 성동구 성덕정3길 14 (성수동1가),그 외 기타 특수목적용 기계 제조업 외 1 종,고압세척기
하늘디자인,"서울특별시 성동구 자동차시장1길 42, 302 (용답동)",간판 및 광고물 제조업,간판 및 광고물
하늘정밀,서울특별시 성동구 성수일로1길 11 (성수동1가),볼트 및 너트류 제조업,볼트 및 너트류
하이텍벤쳐(주),서울특별시 성동구 천호대로 312 (용답동),방송장비 제조업 외 4 종,"자동기상관측장비,무인교통감시카메라"
한국 프린팅 팩,"서울특별시 성동구 연무장5가길 25 (성수동2가, 타임프린팅(주))",기타 인쇄업 외 1 종,인쇄
한국고주파,서울특별시 성동구 성수일로12가길 23 (성수동2가),전자 응용 절삭기계 제조업,고주파계기계
한국금화,서울특별시 성동구 성수동2가 269-6번지,솜 및 실 염색가공업,염색가공
한국시네텍(주),"서울특별시 성동구 연무장길 81, 402호 (성수동2가)",방송장비 제조업 외 1 종,"방송기자재,유무선폐쇄회로카메라"
한국영상(주),"서울특별시 성동구 성수일로10길 8, 501호 (성수동2가)",기타 무선 통신장비 제조업 외 7 종,"A/V, MATRX, A/V원격조정기"
한국전진기술(주),"서울특별시 성동구 아차산로15길 52, 102호(성수동2가, 삼환디지털벤처타워) 102호",배전반 및 전기 자동제어반 제조업 외 4 종,자동제어기기 및 자동제어반 제조
한국컴퓨터인쇄정보(주),"서울특별시 성동구 아차산로13길 35 (성수동2가, 신우문화)",기타 인쇄업 외 1 종,"책자,카다록"
한국코스믹라운드(주),"서울특별시 성동구 성수일로 84, 남영아파트형공장 7층 703 (성수동2가)",그 외 기타 전기장비 제조업,살균세정장치
한맥전자(주),"서울특별시 성동구 성수일로 55, 1001호 (성수동1가)",산업처리공정 제어장비 제조업 외 2 종,계측장비(전압전류)
한미사,"서울특별시 성동구 아차산로9길 41 (성수동2가, 으뜸실업공장)","전자기 측정, 시험 및 분석기구 제조업","시험,측정기구"
한보섬유,"서울특별시 성동구 뚝섬로 341 (성수동1가, 창원기계)",편조의복 제조업,임편직
한빛제화,"서울특별시 성동구 성수이로22길 37 (성수동2가, 성수동 아크밸리)",구두류 제조업 외 1 종,"신사,숙녀화"
한샘워터테크,"서울특별시 성동구 성수일로 55, 1006호 (성수동1가)",기체 여과기 제조업 외 2 종,산업용정수장치
한성공업사,서울특별시 성동구 마장로 248-1 (행당동),폴리스티렌 발포 성형제품 제조업 외 1 종,플라스틱 제품
한성리본,서울특별시 성동구 상원10길 8-1 (성수동1가),솜 및 실 염색가공업,염색가공
한솔,"서울특별시 성동구 성수일로4길 10, 1층 (성수동1가, 평화기업사)",떡류 제조업,떡
한솔산업,"서울특별시 성동구 뚝섬로15길 13 (성수동2가, 한성정밀)",구조용 금속 판제품 및 공작물 제조업 외 1 종,스위치박스
한솔코팅,서울특별시 성동구 성수일로10길 21 (성수동2가),"적층, 합성 및 특수표면처리 종이 제조업",인쇄원지코팅
한솔피엔에스 주식회사,"서울특별시 성동구 아차산로5길 24-28 (성수동2가, 성진데칼(주))",기타 인쇄업 외 1 종,상업인쇄
한양식품,서울특별시 성동구 성덕정길 103-39 (성수동2가),두부 및 유사식품 제조업,두부
한양인더스트리,"서울특별시 성동구 연무장18길 4, 1층 (성수동2가)",인쇄 및 제책용 기계 제조업,인쇄
한양전자산업(주),"서울특별시 성동구 성수이로20길 49 (성수동2가, 한양전자산업(주))",그 외 기타 전기장비 제조업 외 5 종,"무선마이크,동시통역장비"
한올,"서울특별시 성동구 성수일로12길 27, A동2 지층(성수동2가, (주)창미)",속옷 및 잠옷 제조업 외 1 종,의류
한원소웨이,"서울특별시 성동구 성수일로10길 13-10 (성수동2가, 한원상사)","기타 섬유, 의복 및 가죽 가공 기계 제조업 외 1 종","IR염색기,인장강도시험기,견뢰도시험기 외"
한일수출진흥(주),서울특별시 성동구 아차산로17길 4 (성수동2가),표구처리업 외 1 종,족자(수출용)
한일전자공업사,서울특별시 성동구 아차산로11가길 6 (성수동2가),운송장비 조립용 플라스틱제품 제조업 외 1 종,변압기용 보빈(coil form)
한일피복공업(주),"서울특별시 성동구 왕십리로4길 5 (성수동1가, 한일피복공업(주))",남자용 겉옷 제조업 외 16 종,"침구류,피복,가방"
한진전기기업사,서울특별시 성동구 성수이로26길 11 (성수동2가),배전반 및 전기 자동제어반 제조업,"전기배선, 배전용(기기용)전기회"
한진패션산업(주),서울특별시 성동구 청계천로10가길 78 (마장동),셔츠 및 블라우스 제조업 외 3 종,근무복
합동공작소,서울특별시 성동구 마장로33길 81 (마장동),기어 및 동력전달장치 제조업,"무단변속기,체인"
해성도금,서울특별시 성동구 연무장길 93 (성수동2가),도금업 외 1 종,도장업
해성섬유공업사,서울특별시 성동구 연무장3길 9 (성수동2가),자수제품 및 자수용재료 제조업 외 1 종,자수직물
행성식품,"서울특별시 성동구 성수이로16길 21 (성수동2가, 샛별어린이집)",빵류 제조업,빵
현대스텐레스산업(주),서울특별시 성동구 성수일로8길 22 (성수동2가),일반철물 제조업,"철가공,과학기기,오락기"
현대인쇄(주),서울특별시 성동구 상원12길 36 (성수동1가),기타 인쇄업 외 1 종,인쇄
현대종합기계,서울특별시 성동구 성수일로12가길 17 (성수동2가),수동식 식품 가공기기 및 금속 주방용기 제조업 외 1 종,업소용 주방기구
현대특수기업(주),서울특별시 성동구 성수이로12길 15 (성수동2가),가방 및 기타 보호용 케이스 제조업 외 1 종,비닐케이스(통장카바)
현진,"서울특별시 성동구 둘레길 37 (성수동1가, 유전기업)",그 외 기타 의복액세서리 제조업 외 5 종,의류부자재 휘장장식
협성기업사,"서울특별시 성동구 성수이로 65, 149호 (성수동2가)",분사기 및 소화기 제조업,스프레이건
협성기업사,"서울특별시 성동구 성수이로 65, 지하1층1호 (성수동2가)",분사기 및 소화기 제조업 외 1 종,스프레이건
형제아트(주),"서울특별시 성동구 연무장길 73, 1층 (성수동2가)",제책업,출판물(탣)
형제전기기업사,서울특별시 성동구 광나루로 218-10 (성수동2가),기타 전기 변환장치 제조업 외 1 종,충전기 제작
화도물산(주),"서울특별시 성동구 뚝섬로1가길 2 (성수동1가, (주)화도물산)",기타 편조의복 액세서리 제조업,자동차시트
화신문화(주),"서울특별시 성동구 성덕정길 59-6 (성수동1가, 화신문화(주)사옥)",기타 인쇄업 외 3 종,각종 인쇄물
효성중부엔지니어링(주),"서울특별시 성동구 성수이로24길 38, 506호 (성수동2가)",액체 펌프 제조업,"펌프,모터 판넬조립"
휘앙세,"서울특별시 성동구 연무장17길 7, 2층 (성수동2가)",구두류 제조업,숙녀화
히스전자산업(주)@,"서울특별시 성동구 성수이로22길 37 (성수동2가, 성수동 아크밸리)",디지털 적층 성형기계 제조업 외 1 종,성형기
