순번,회사명,공장대표주소(도로명),업종명,생산품
1,(주)거봉어패럴,"서울특별시 중랑구 동일로 814, 지층 (중화동, 광천빌딩)","천막, 텐트 및 유사 제품 제조업 외 8 종",의류
2,(주)경성코리아,서울특별시 중랑구 망우로76길 7 (망우동),가죽의복 제조업,가죽(피혁)의류
3,(주)관보테크,"서울특별시 중랑구 망우로 423 (망우동, 대신장여관)",기타 가정용 전기기기 제조업,옥타브높이조절세면대
4,(주)그린주의,"서울특별시 중랑구 신내역로3길 40-36,(신내동, 신내 데시앙플렉스 지식산업센터) 지하동동 지하2층층 FB203호",문구용 종이제품 제조업 외 2 종,"복사용지, CCTV"
5,(주)그린주의,"서울특별시 중랑구 봉화산로 123, 8층 802호(상봉동, 신내테크노타운) 8층 802호",전시 및 광고용 조명장치 제조업 외 2 종,"안내 전광판, 기상 전광판, 교통정보 전광판, 영상정보 디스플레이 장치"
6,(주)김스애드,서울특별시 중랑구 용마산로 474 (망우동),간판 및 광고물 제조업 외 21 종,"근무복, 작업복, 남자용 겉옷, 여자용 겉옷, 나무제품, 콘크리트 제품, 석제품, 알루미늄 제품, 금속 제품, 금속 공작물, 금속 골조, 금속 골조, 금속 포장용기, 금속 표지판, 피복, 금속가공품, 전자감지장치, 유선통신장비, 방송장비, 전시 장치, 광고물, 전시모형, 금속가구"
7,(주)나라물산,"서울특별시 중랑구 용마산로 488, 유진빌딩 2층 (망우동)","근무복, 작업복 및 유사의복 제조업 외 5 종",의류
8,(주)네오미스,"서울특별시 중랑구 봉화산로 123, 603호 (상봉동)",그 외 기타 의료용 기기 제조업,의료기기제조업(자동혈압계외)
9,(주)네오피에스,"서울특별시 중랑구 봉화산로 123, 701호(상봉동, 신내테크노타운) 701호",남자용 겉옷 제조업 외 4 종,"남녀용 겉옷, 셔츠 및 블라우스, 근무복, 작업복, 기타 봉제의복, 여자용 겉옷"
10,(주)노벨이노베이션스,"서울특별시 중랑구 동일로157길 60, 지하1층 오른쪽 (묵동, 기림빌딩)",그 외 기타 의복액세서리 제조업,기능성 쿨 스카프
11,(주)뉴스타트디자인코리아,서울특별시 중랑구 공릉로12가길 14 (묵동),그 외 기타 봉제의복 제조업 외 5 종,의류
12,(주)다미상사,서울특별시 중랑구 중화제3동 306-50번지 DMC빌딩4층,기타 직물제품 제조업,"안경,광학,미용용,자동차용클리너"
13,(주)대륭엔지니어링,서울특별시 중랑구 겸재로 218 (면목동),"전기회로 개폐, 보호장치 제조업 외 2 종",자동제어기기외
14,(주)대림음향,서울특별시 중랑구 동일로 815 (중화동),"방송수신기및기타영상,음향기기제조업","핸드폰,이어폰스피커"
15,(주)대주메디테크엔지니어링,"서울특별시 중랑구 망우로 487, 3층 301호 (망우동, 성암빌딩)",그 외 기타 의료용 기기 제조업,의료기기
16,(주)데코,"서울특별시 중랑구 상봉중앙로1길 20, 3층 (상봉동)",일반용 전기 조명장치 제조업,조명기구
17,(주)동명양행,서울특별시 중랑구 겸재로28길 48 (면목동),"근무복, 작업복 및 유사의복 제조업 외 13 종","의류,침장,배낭,군복등"
18,(주)동양메디칼시스템,"서울특별시 중랑구 용마산로 248, 302호 (면목동)",그 외 기타 의료용 기기 제조업,자동필름현상기
19,(주)디앤제이 무역,"서울특별시 중랑구 망우로 499, 2층 (망우동, 무궁화태권도)","근무복, 작업복 및 유사의복 제조업 외 6 종","근무복,작업복"
20,(주)디엠라인,"서울특별시 중랑구 동일로121길 16, 지층(중화동, 동진빌딩)",경 인쇄업,"봉투, 안내문 제작, 인쇄, 발송"
21,(주)라이프업,"서울특별시 중랑구 봉우재로 82 (면목동, 현대교회)",남자용 겉옷 제조업,남자용코트류
22,(주)리미티드디케이,"서울특별시 중랑구 면목로 267, (2층) (면목동)",셔츠 및 블라우스 제조업 외 2 종,의류
23,(주)리플렉스,"서울특별시 중랑구 신내역로 111,(신내동, 신내 SK V1 center) A동 4층 401호","전자기 측정, 시험 및 분석기구 제조업 외 2 종","전자기 분석장비, GPS 신호분석장치"
24,(주)만드는 김백,"서울특별시 중랑구 용마공원로 23-1, 지1층(망우동)","근무복, 작업복 및 유사의복 제조업 외 2 종","근무복, 작업복, 유니폼, 정복, 체육복 등"
25,(주)매인앤코,"서울특별시 중랑구 망우로30길 8, 5층 (상봉동)",편조의복 제조업,니트웨어
26,(주)매인앤코,"서울특별시 중랑구 망우로30길 8, 5층 (상봉동)",편조의복 제조업,니트웨어
27,(주)메디칼랜드코리아,"서울특별시 중랑구 동일로109길 89, 2층 (면목동)",그 외 기타 의료용 기기 제조업,"카데타 캐뉼라,의료용봉합침 외"
28,(주)모던어패럴,서울특별시 중랑구 봉화산로54길 23 (신내동),그 외 기타 분류 안된 섬유제품 제조업,니트의류
29,(주)모컴테크,"서울특별시 중랑구 중랑역로 209 (묵동, 새생명교회)",컴퓨터 모니터 제조업 외 1 종,컴퓨터영상기기
30,(주)문화코드,"서울특별시 중랑구 동일로 899, 4층 (묵동)",그 외 기타 달리 분류되지 않은 제품 제조업 외 1 종,환경풍선
31,(주)미디어만경,서울특별시 중랑구 망우로 289 (상봉동),간판 및 광고물 제조업,"광고물,간판"
32,(주)미소라이팅,"서울특별시 중랑구 신내역로 111,(신내동, 신내 SK V1 center) A동 2층 218호 외 2필지",일반용 전기 조명장치 제조업,조명기구
33,(주)미우크레이티브 중랑지점,"서울특별시 중랑구 사가정로46길 80, 19 (면목동)","치약, 비누 및 기타 세제 제조업",천연비누
34,(주)바이오초이스,"서울특별시 중랑구 중랑천로12길 10, B동 2층 202호 (상봉동)",건강기능식품 제조업,기타 농산가공식품
35,(주)보그인터내셔날,서울특별시 중랑구 면목로60길 8 (면목동),가죽의복 제조업,"가죽,모피제품"
36,(주)부광어패럴,"서울특별시 중랑구 신내역로3길 40-36,(신내동) A동동 지상4층층 A-408호",남자용 겉옷 제조업 외 3 종,"의류, 유니폼 작업복 및 유사의복"
37,(주)비엔에프아이디,"서울특별시 중랑구 동일로 565 (면목동, 광림빌딩)",톱 및 호환성 공구 제조업 외 1 종,"전기릴, 호스릴, 스프링바란서, 각종 산업용 릴"
38,(주)비즈모아코리아,"서울특별시 중랑구 망우로 514, 1층(망우동)",기타 음향기기 제조업 외 2 종,"소형 음향기기, 반자동 살균소독기, 스마트램프"
39,(주)비케이정보시스템,"서울특별시 중랑구 신내역로3길 40-36,(신내동) A동동 지상12층층 A-1219호",유선 통신장비 제조업,"출입통제시스템 (RF리더기, ACU)"
40,(주)삼광베베,서울특별시 중랑구 사가정로52길 16 (면목동),유아용 의복 제조업,소아용의류일체
41,(주)삼성와캠프컴퍼니,"서울특별시 중랑구 면목로 452, 지하층 좌측 (면목동)",남자용 겉옷 제조업 외 4 종,의류
42,(주)상향무역,"서울특별시 중랑구 사가정로41길 9 (면목동, 면목1차두산아파트)","근무복, 작업복 및 유사의복 제조업 외 2 종",티셔츠.남방
43,(주)샤빈코리아,"서울특별시 중랑구 동일로100길 70, 1층 (면목동)",기타 전기 변환장치 제조업 외 2 종,"무정전전원공급장치,AVR,RECT, AVR, RECT"
44,(주)서야에프씨,"서울특별시 중랑구 봉화산로 123, 5층 504호(상봉동, 신내테크노타운) 5층 504호 외 1필지",남자용 겉옷 제조업 외 5 종,"셔츠 및 블라우스, 체육복 및 근무복, 작업복"
45,(주)선향,"서울특별시 중랑구 동일로129길 35, 214,215,216호 (중화동, 태능시장 주상복합빌딩)","천막, 텐트 및 유사 제품 제조업 외 9 종",의류
46,(주)솔라쉔커,"서울특별시 중랑구 신내역로3길 40-36, A동 402호 (신내동) A동 402호",간판 및 광고물 제조업 외 4 종,태양광제품
47,(주)스타하트,서울특별시 중랑구 면목로 378 (면목동),그 외 기타 의복액세서리 제조업 외 1 종,가방및팬시(잡화)
48,(주)신명훠스트,"서울특별시 중랑구 봉화산로 123, 7층 704호 (상봉동, 신내테크노타운)",셔츠 및 블라우스 제조업 외 9 종,"티셔츠,스포츠웨어"
49,(주)신성모자,"서울특별시 중랑구 봉화산로 123, 805호 (상봉동)",모자 제조업,모자
50,(주)신호에이피엘,"서울특별시 중랑구 신내역로 111, 423호(신내동) 423호 외 1필지","근무복, 작업복 및 유사의복 제조업 외 9 종","티셔츠, 점퍼, 자켓, 바지, 셔츠 등"
51,(주)써머,서울특별시 중랑구 용마산로94길 32 (면목동),가방 및 기타 보호용 케이스 제조업,가방.핸드백.지갑
52,(주)썸미트어패럴,"서울특별시 중랑구 용마산로 515, 대성빌딩 3층, 4층 (망우동)",편조의복 제조업,니트웨어
53,(주)씨디에프아이티,서울특별시 중랑구 면목로34길 20 (면목동),전시 및 광고용 조명장치 제조업,비상구표시등
54,(주)씨디에프아이티,"서울특별시 중랑구 사가정로42길 71, 2층(면목동, gak빌딩)",전시 및 광고용 조명장치 제조업,음성점멸 피난구유도등
55,(주)씨제이디푸드시스템,서울특별시 중랑구 양원역로16길 103-79 (망우동),천연 및 혼합조제 조미료 제조업,조미식품
56,(주)아리움,"서울특별시 중랑구 동일로144길 31, 2층 (묵동)",그 외 기타 전기장비 제조업,이온화장치
57,(주)아이디솔루션스,서울특별시 중랑구 동일로136길 28 (중화동),그 외 기타 가구 제조업,진열대
58,(주)아진통상,서울특별시 중랑구 신내역로3길 40-36 (신내동),전시용 모형 제조업,핫픽스
59,(주)아트랑,서울특별시 중랑구 중랑천로 150 (중화동),가방 및 기타 보호용 케이스 제조업,핸드폰악세사리외
60,(주)알앤디씨,"서울특별시 중랑구 신내역로3길 40-36, B동 B-411호(신내동) B동 B-411호",그 외 기타 특수목적용 기계 제조업,산업용기계 및 전자제품
61,(주)업데이트,서울특별시 중랑구 사가정로54길 58-4 (면목동),"근무복, 작업복 및 유사의복 제조업 외 2 종",기성복
62,(주)에스디에스테크놀로지,"서울특별시 중랑구 중랑천로 314, 지하1층 (묵동)",방송장비 제조업,"CCTV카메라,라디오중계장비"
63,(주)에스아이세일기업,"서울특별시 중랑구 봉화산로 209, 혜남빌딩 4층 (신내동)",전시용 모형 제조업,건물모형(전시용)
64,(주)에스앤티랩,"서울특별시 중랑구 신내역로3길 40-36, A동동 A-806호(신내동) A동동 A-806호","물질 검사, 측정 및 분석기구 제조업",광학식 표면측정기 및 그 부분품
65,(주)에스제이홀리컴퍼니,"서울특별시 중랑구 용마산로 531, 지층 (망우동, 망우빌딩)",핸드백 및 지갑 제조업 외 4 종,가방
66,(주)에스제이홀리컴퍼니(면목지사),"서울특별시 중랑구 봉우재로 120, 지층 (면목동, 재동의원)",속옷 및 잠옷 제조업 외 4 종,의류
67,(주)에스피플러스,"서울특별시 중랑구 겸재로7길 52 (면목동, 삼일아트빌)",간판 및 광고물 제조업,간판
68,(주)에이엠에스어패럴,"서울특별시 중랑구 봉화산로 123, 901호 (상봉동)",셔츠 및 블라우스 제조업 외 3 종,"티셔츠,니트바지"
69,(주)에이치에스어패럴,"서울특별시 중랑구 겸재로15길 21, 지층 (면목동)","근무복, 작업복 및 유사의복 제조업 외 29 종","의류,유니폼"
70,(주)에이티전자통신,서울특별시 중랑구 동일로123나길 6 (중화동),배전반 및 전기 자동제어반 제조업,자동제어반
71,(주)에이플러스스포츠,"서울특별시 중랑구 용마산로 456 (망우동, 평화로운교회)",셔츠 및 블라우스 제조업 외 1 종,티셔츠 및 트레이닝복
72,(주)엠씨미디어솔루션,"서울특별시 중랑구 신내역로 111, A동 1105호(신내동) A동 1105호 외 1필지",기타 주변기기 제조업 외 4 종,멀티미디어학습장비
73,(주)영하산업,"서울특별시 중랑구 겸재로 229 (면목동, 농협)",가방 및 기타 보호용 케이스 제조업,카메라가방
74,(주)오픈웍스,"서울특별시 중랑구 봉화산로 121, 대화빌딩 7층 (상봉동)",방송장비 제조업 외 3 종,폐쇄회로 카메라(cctv)
75,(주)옷잘입는 언니,서울특별시 중랑구 신내역로3길 40-36 (신내동) A동 지상7층 A-702호,남자용 겉옷 제조업 외 5 종,"여성의류, 남성의류"
76,(주)와이비물산,"서울특별시 중랑구 겸재로 73 (면목동, 혜승빌딩)",가죽의복 제조업,피혁의류
77,(주)와이이코퍼레이션,"서울특별시 중랑구 신내역로3길 40-36,(신내동, 신내 데시앙플렉스 지식산업센터) A동 2층 207~210호",여자용 겉옷 제조업,여성의류
78,(주)완수생,"서울특별시 중랑구 용마산로 334, 503호 (면목동)",그 외 기타 의료용 기기 제조업,의료용구및컴퓨터
79,(주)우리애그린,"서울특별시 중랑구 신내역로 111, B동 B137호(신내동) B동 B137호",그 외 기타 나무제품 제조업,도시농업용 원목 텃밭상자
80,(주)웰컴코퍼레이션,서울특별시 중랑구 신내역로3길 40-36 (신내동) A동 지상8층 A-817호,여자용 겉옷 제조업 외 2 종,"여성블라우스,정장,바지,패딩,원피스"
81,(주)유진에스앤에이,"서울특별시 중랑구 신내역로3길 40-36, (신내동, 신내 데시앙플렉스 지식산업센터) A동 9층 904호",침구 및 관련제품 제조업 외 10 종,"침구, 기타 직물, 세폭직물, 남자용 겉옷, 여자용 겉옷, 모피, 셔츠, 블라우스, 근무복, 작업복, 유아 의복, 봉제 의복, 기타 의복"
82,(주)윤우테크,"서울특별시 중랑구 신내역로 111, (신내동, 신내 SK V1 center) A동 4층 410호",전기경보 및 신호장치 제조업 외 2 종,"전기 경보 및 신호장치, 배전반 및 전기 자동제어반, 주차관제 주변기기"
83,(주)이노아이코리아,"서울특별시 중랑구 중랑역로 204, 2층(묵동, 민선빌딩)","근무복, 작업복 및 유사의복 제조업 외 16 종",의류
84,(주)이레인더스트리,"서울특별시 중랑구 봉우재로 167, 4층 (상봉동)",침구 및 관련제품 제조업 외 13 종,"의류,자켓,바지,내의"
85,(주)이티엑스,"서울특별시 중랑구 신내역로 111, (신내동, 신내 SK V1 center) A동 10층 1003호",교통 신호장치 제조업 외 3 종,"교통신호장치, 일반용 전기조명, 기타 무선통신장비, 전자감지장치"
86,(주)인덱스에프앤씨,"서울특별시 중랑구 봉우재로71길 18, 202호 일부(망우동, 용마프라자)","천막, 텐트 및 유사 제품 제조업 외 6 종","천막, 텐트, 남자용 겉옷, 여자용 겉옷, 속옷 및 잠옷, 셔츠 및 블라우스, 근무복, 작업복, 기타 봉제의복"
87,(주)인사이트드림,"서울특별시 중랑구 신내역로3길 40-36, A동동 A-509호(신내동) A동동 A-509호",남자용 겉옷 제조업 외 5 종,"여성의류, 남성의류"
88,(주)정수글로벌,"서울특별시 중랑구 중랑천로 105, 지층(중화동, ABC square)",기타 주변기기 제조업 외 2 종,"컴퓨터주변기기, 도서관리시스템, 방역장비, 출입관리시스템"
89,(주)제이씨앤씨,"서울특별시 중랑구 겸재로 94, 지층 (면목동)",세폭직물 제조업 외 2 종,카본섬유열선직조
90,(주)제이아이에프앤씨,"서울특별시 중랑구 용마산로 480, 2층(망우동)",침구 및 관련제품 제조업 외 9 종,"의류, 유니폼 외"
91,(주)제이와이어페럴,"서울특별시 중랑구 신내역로3길 40-36,(신내동, 신내 데시앙플렉스 지식산업센터) A동동 지상5층층 A-510호",셔츠 및 블라우스 제조업,"셔츠,티셔츠,팬츠,점퍼,자켓"
92,(주)제이치물산,"서울특별시 중랑구 면목로 224, 2층 (면목동, 신광빌딩)",그 외 기타 분류 안된 화학제품 제조업 외 1 종,광촉매
93,(주)중앙세경산업사,서울특별시 중랑구 봉화산로54길 28 (신내동),기타 인쇄업 외 3 종,"봉투, 문구용품"
94,(주)지은,"서울특별시 중랑구 망우로 177, 5층 (중화동)","근무복, 작업복 및 유사의복 제조업 외 3 종",의류
95,(주)지하우스코리아,서울특별시 중랑구 면목로 251 (면목동),가방 및 기타 보호용 케이스 제조업,가방
96,(주)카디오텍,"서울특별시 중랑구 봉화산로 123, 신내테크노타운 305 (상봉동)",체외 진단 시약 제조업 외 2 종,벌룬스텐트
97,(주)캐리어현대산업,서울특별시 중랑구 봉우재로 75 (상봉동),산업용 냉장 및 냉동 장비 제조업,"냉동,냉장고"
98,(주)큰솔애드,"서울특별시 중랑구 양원역로16길 103-13, B동 (망우동)",간판 및 광고물 제조업 외 3 종,"금속가공채널, 아크릴가공, 알루미늄후레임, 간판 등"
99,(주)큰솔애드컴,"서울특별시 중랑구 양원역로16길 103-15, 1층,2층 (망우동)",간판 및 광고물 제조업 외 4 종,간판 및 광고물외
100,(주)클라루스,"서울특별시 중랑구 면목로34길 5, 지1층(면목동) 외 2필지",일반용 전기 조명장치 제조업 외 6 종,"전기제어장치, 조명제어장치"
101,(주)태능쇼핑백,"서울특별시 중랑구 용마산로 717, 지층,1층 (신내동)",종이 포대 및 가방 제조업,쇼핑백
102,(주)태성어패럴,"서울특별시 중랑구 면목로 355, 지층,2층 (면목동, 삼일아파트)","근무복, 작업복 및 유사의복 제조업 외 11 종",의류
103,(주)태신리더스,"서울특별시 중랑구 용마산로 473, 3층(망우동)",침구 및 관련제품 제조업 외 19 종,"의류, 자켓, 바지, 내의, 모자, 양말, 신발 등"
104,(주)티앤터,"서울특별시 중랑구 용마공원로 33-1, 지하1층 (망우동)",침구 및 관련제품 제조업 외 2 종,누비
105,(주)티에이디에이브이,"서울특별시 중랑구 봉화산로 123, 신내테크노타운 402-1 (상봉동)",기타 음향기기 제조업 외 1 종,마이크로폰
106,(주)파티마엔지니어링,"서울특별시 중랑구 봉우재로1길 9 (면목동, patima)",일반용 전기 조명장치 제조업 외 7 종,수중영상장비
107,(주)포피플,"서울특별시 중랑구 중랑역로 81, 3층 (중화동)",침구 및 관련제품 제조업 외 16 종,침구 및 의류제품
108,(주)피앤아이,"서울특별시 중랑구 봉화산로 123, 405호 (상봉동) 외 1필지",플라스틱 접착처리 제품 제조업 외 1 종,표면처리제품
109,(주)피에조테크놀리지,"서울특별시 중랑구 봉화산로 123, 501호 (상봉동)",전동기 및 발전기 제조업 외 2 종,"초음파모터,압전액츄에이터"
110,(주)필국제무역,"서울특별시 중랑구 망우로 439, 4층 (망우동)",침구 및 관련제품 제조업 외 2 종,"페브릭,인테리어소품"
111,(주)하나로클린,"서울특별시 중랑구 신내역로 111,(신내동, 신내 SK V1 center) B동 5층 539호",구조용 금속 판제품 및 공작물 제조업 외 4 종,"하수악취차단장치 사출물, 그레이팅 덮개 사출물, 논슬립 알루미늄 베이스, 논슬립 패드, 재활용품 자동회수기 부품"
112,(주)한국환경과학,"서울특별시 중랑구 용마산로116길 6, 203호(망우동, 아름빌딩)",액체 여과기 제조업 외 1 종,"폐수처리장치, 환경설비건설업, 오수 및 수도 처리장, 냄새방지 기기 제조, 그 외 기타 전기장비 제조"
113,(주)한빛파워텍,"서울특별시 중랑구 신내역로3길 40-36, A동동 A-306호(신내동) A동동 A-306호 외 2필지",배전반 및 전기 자동제어반 제조업,"폐쇄형 배전반, 보호배전반, 전동기제어반, 분전반"
114,(주)한산이앤피,"서울특별시 중랑구 신내역로3길 40-36, A동 803호 (신내동) A동 803호",배전반 및 전기 자동제어반 제조업,외부 바이패스 판넬
115,(주)현대방지기,"서울특별시 중랑구 중랑천로 362 (묵동, 유니온카센타)","전기회로 개폐, 보호장치 제조업 외 1 종",안전기
116,(주)화남,"서울특별시 중랑구 봉우재로1길 3, 1층 (면목동, 성경빌딩)","근무복, 작업복 및 유사의복 제조업","근무복,작업복"
117,(주)화산에스티아이,"서울특별시 중랑구 면목로 278, 3층(면목동)",유선 통신장비 제조업 외 2 종,"방송장치, 통신장비"
118,E-라인,"서울특별시 중랑구 봉우재로 228, 지층 (망우동)",셔츠 및 블라우스 제조업 외 10 종,의류
119,GNP어패럴,"서울특별시 중랑구 용마산로 440, 2층 (면목동)",셔츠 및 블라우스 제조업 외 1 종,의류
120,G랜드,"서울특별시 중랑구 면목로38길 17, 지층,1층 (면목동)",셔츠 및 블라우스 제조업 외 4 종,의류
121,S&C파워시스템,"서울특별시 중랑구 동일로 769, 401호(중화동, 성심빌딩)(중화동)",기타 전기 변환장치 제조업,기타 전기변환 장치
122,UI스포츠,"서울특별시 중랑구 사가정로50길 36, 지층 (면목동, 은창빌딩)",남자용 겉옷 제조업 외 9 종,의류
123,㈜ 이노박스,"서울특별시 중랑구 봉우재로 91, 3층 (상봉동)",여자용 겉옷 제조업 외 23 종,의류
124,㈜이노씨에스,"서울특별시 중랑구 신내역로 111,(신내동, 신내 SK V1 center) A동 2층 214호",플라스틱 필름 제조업,PVC 천정재
125,㈜제이원상사,"서울특별시 중랑구 신내역로3길 40-36, (신내동, 신내 데시앙플렉스 지식산업센터) A동동 지상10층층 A-1007호","근무복, 작업복 및 유사의복 제조업 외 16 종","작업복, 자수 제품, 천막, 텐트, 직물 의류, 의류 마무리 작업, 남성용 겉옷, 속옷, 잠옷, 셔츠, 블라우스, 가죽 의복, 유아 의복, 봉제 의복, 의복 액세서리, 침구, 가방, 케이스, 여성 겉옷, 모피 의류, 모자"
126,가나시큐리티시스템(주),"서울특별시 중랑구 망우로 396, 신인빌딩2층 (망우동)",비디오 및 기타 영상기기 제조업 외 3 종,"CCTV,DVR"
127,가래시스템,서울특별시 중랑구 용마산로 707 (신내동),커튼 및 유사제품 제조업,"커튼,브라인드"
128,가방공장,서울특별시 중랑구 중랑천로 4 (면목동),가방 및 기타 보호용 케이스 제조업 외 13 종,가방
129,가빈패션,"서울특별시 중랑구 망우로 266-1, 가동 2층 (상봉동)","근무복, 작업복 및 유사의복 제조업 외 24 종",의류 등
130,가이저엔텍,서울특별시 중랑구 숙선옹주로3길 20-37 (묵동),기타 가정용 전기기기 제조업,전기순간온수기
131,거평무브먼트,서울특별시 중랑구 답십리로81길 101 (면목동),시계 및 시계부품 제조업,"시계부속,시계"
132,건화사,"서울특별시 중랑구 신내역로 111,(신내동, 신내 SK V1 center) B동 4층 427호 외 2필지",모자 제조업,"편직(니트)모자, 스웨터, 가디건"
133,경림섬유,서울특별시 중랑구 동일로151길 52 (묵동),"근무복, 작업복 및 유사의복 제조업 외 2 종",티셔츠
134,경일통상,서울특별시 중랑구 상봉동 121-68번지,셔츠 및 블라우스 제조업 외 1 종,티셔츠
135,고신공업사,서울특별시 중랑구 면목동 718-7번지,일반용 전기 조명장치 제조업,조명기구(투광기)
136,곡산실업,"서울특별시 중랑구 용마산로 198 (면목동, 곡산실업)",자수제품 및 자수용재료 제조업 외 1 종,자수제품
137,금강패션,"서울특별시 중랑구 겸재로3길 58, 지층(면목동, 부동산뱅크)",셔츠 및 블라우스 제조업 외 6 종,"체육복, 태권도용품"
138,금와센서,"서울특별시 중랑구 봉우재로 7, 1층 (면목동)",기기용 자동측정 및 제어장치 제조업,자동제어기기(수위조절기) 등
139,금하패션,"서울특별시 중랑구 겸재로 248, 2층 (면목동, 샘솟는교회)",가죽의복 제조업,가죽의류 및 무스탕제품
140,남광전자(주),"서울특별시 중랑구 봉화산로 123, 501호 (상봉동)",비디오 및 기타 영상기기 제조업 외 2 종,"전자부품,스피커부품"
141,다보어패럴,"서울특별시 중랑구 봉우재로33길 21, 2층 (상봉동)",남자용 겉옷 제조업 외 10 종,의류 등
142,다인스 주식회사,"서울특별시 중랑구 신내역로3길 40-36,(신내동) A동동 지상10층층 A-1016호",방송장비 제조업 외 8 종,지능형 카메라
143,단스플로어,"서울특별시 중랑구 신내역로 111,(신내동, 신내 SK V1 center) A동 B2층 B219호","체조, 육상 및 체력단련용 장비 제조업",체조 장비
144,대광AandB,서울특별시 중랑구 겸재로2길 23 (면목동),단추 및 유사 파스너 제조업,나무단추
145,대양케미칼,"서울특별시 중랑구 동일로138길 5-9, 지층 (중화동)","플라스틱 포대, 봉투 및 유사제품 제조업",비닐팩
146,대영공조휠터(주),"서울특별시 중랑구 신내역로3길 40-36, B3층 323호 (신내동, 신내 데시앙플렉스 지식산업센터) B3층 323호 외 1필지",기체 여과기 제조업,공조기용 프리필터
147,대운섬유,"서울특별시 중랑구 동일로95길 16 (면목동, 산중빌딩)",편조원단 제조업,원단
148,대원,"서울특별시 중랑구 봉우재로 234, 2층 (망우동)",셔츠 및 블라우스 제조업 외 1 종,티셔츠
149,대원어패럴,"서울특별시 중랑구 봉우재로70길 5, 2층 (망우동)",셔츠 및 블라우스 제조업 외 1 종,"의류, 티셔츠"
150,대원에프앤드씨,"서울특별시 중랑구 용마산로 490, 5층(망우동, 대아빌딩)",셔츠 및 블라우스 제조업 외 1 종,"의류(트레이닝복, 티셔츠)"
151,대주메디칼,"서울특별시 중랑구 망우로 489, 성암 B/D B 401호 (망우동)",그 외 기타 의료용 기기 제조업,"외과용품,루용낭"
152,대한민국고엽제전우회,"서울특별시 중랑구 신내역로1가길 9-19, 2층 (신내동)",기타 무선 통신장비 제조업 외 4 종,"음향기기,cctv,무대장치,조명기기"
153,대화섬유,서울특별시 중랑구 겸재로 201 (면목동),셔츠 및 블라우스 제조업 외 3 종,티셔츠
154,대흥섬유,서울특별시 중랑구 중랑역로 81 (중화동),편조의복 제조업,니트의복.
155,더엔트라,"서울특별시 중랑구 양원역로 25, 지층(망우동, 해동빌딩)",침구 및 관련제품 제조업,침구류
156,덕수섬유,"서울특별시 중랑구 겸재로27길 57 (면목동, 덕수택시(주))",편조의복 제조업,니트쉐타
157,도쿄베이커리 분점,"서울특별시 중랑구 봉화산로 194, 614호(신내동, 신아타운)",빵류 제조업,팥빵
158,동방캐터링주식회사,"서울특별시 중랑구 용마산로 624, 동방빌딩 (신내동)",도시락류 제조업 외 1 종,"도시락, 음식식자재"
159,동선,"서울특별시 중랑구 동일로130길 28, 지층 (중화동, 유리유치원)","천막, 텐트 및 유사 제품 제조업 외 10 종",의류
160,동영산업,"서울특별시 중랑구 신내역로 111,(신내동, 신내 SK V1 center) A동 8층 817호",기타 직물제품 제조업 외 1 종,"태극기, 깃발, 깃대"
161,동우어패럴,서울특별시 중랑구 봉우재로 12 (면목동),셔츠 및 블라우스 제조업 외 3 종,"잠바,셔츠"
162,동원오비텍(주),"서울특별시 중랑구 신내역로3길 40-36, A동 811호 (신내동) A동 811호 A동 811호",유선 통신장비 제조업 외 1 종,방송음향장비
163,동일기획,"서울특별시 중랑구 동일로140길 12, 2층,3층 (중화동)",간판 및 광고물 제조업,"광고물,인쇄물"
164,동진섬유,서울특별시 중랑구 겸재로 86 (면목동),"근무복, 작업복 및 유사의복 제조업 외 2 종",기성복
165,동현종합건설(주),"서울특별시 중랑구 용마산로 304, 지1층 비101호(면목동)",전시용 모형 제조업,전시용 모형
166,동호실업,서울특별시 중랑구 봉우재로 91 (상봉동),자수제품 및 자수용재료 제조업 외 1 종,자수제품
167,두승산업(주),"서울특별시 중랑구 사가정로46길 23 (면목동, 두승빌딩)",편조의복 제조업,수출용쉐타
168,두영산업사,서울특별시 중랑구 겸재로 218 (면목동),"근무복, 작업복 및 유사의복 제조업 외 2 종",티셔츠
169,디도어패럴,"서울특별시 중랑구 용마산로70길 31 (면목동, 용인대석사체육관)",편조의복 제조업,편조외의
170,디스플레이허브주식회사,"서울특별시 중랑구 봉화산로 123, 5층 503호(상봉동, 신내테크노타운) 5층 503호",전시 및 광고용 조명장치 제조업 외 3 종,"안내 전광판, 기상전광판, 교통정보전광판, 영상정보 디스플레이 장치"
171,디엔에이치어패럴(D&H Apparel),"서울특별시 중랑구 동일로 674, 2층 (면목동)","근무복, 작업복 및 유사의복 제조업 외 2 종","근무복, 작업복"
172,디자인이룸,"서울특별시 중랑구 상봉로12길 24, 2층(망우동, 오브제미술학원)",간판 및 광고물 제조업,"간판, 현수막, 시트글자"
173,레츠원 주식회사,"서울특별시 중랑구 신내역로3길 40-36,(신내동) B동동 지상9층층 B-906호",설치용 및 위생용 플라스틱제품 제조업,샤워기
174,로고스,서울특별시 중랑구 면목제7동 578-29번지,자수제품 및 자수용재료 제조업 외 1 종,"섬유,기계자수"
175,루틱스,"서울특별시 중랑구 용마산로118길 23, 2층 (망우동)",체외 진단 시약 제조업 외 1 종,외과용품 루용낭
176,리라어패럴,"서울특별시 중랑구 겸재로29길 78, 지층 (면목동)","근무복, 작업복 및 유사의복 제조업 외 5 종",의류
177,링크엔지니어링,"서울특별시 중랑구 동일로 514 (면목동, 동이빌딩)",전시용 모형 제조업,"기념관용모형,기계장비모형"
178,마니아,"서울특별시 중랑구 중랑천로 50, 지층(면목동)","근무복, 작업복 및 유사의복 제조업",단체복(점퍼)
179,마루상사,"서울특별시 중랑구 중랑천로10길 40 (면목동, 뉴새소미어린이집)",기타 전기 변환장치 제조업 외 1 종,안정기
180,마스코트스테이지,"서울특별시 중랑구 용마산로51길 1, 한일빌딩 3층 (면목동)",인형 및 장난감 제조업,"인형탈, 탈인형"
181,매일상사,서울특별시 중랑구 신내로12길 36 (신내동),스타킹 및 기타 양말 제조업,양말
182,모던조이,"서울특별시 중랑구 면목로95길 12, 지층 (상봉동)",가방 및 기타 보호용 케이스 제조업,가방
183,모던조이,"서울특별시 중랑구 봉화산로 83, 2층 (중화동)",가방 및 기타 보호용 케이스 제조업 외 2 종,가방제조
184,무궁화보훈복지주식회사,"서울특별시 중랑구 용마산로118길 80 (망우동, 아성체육관)","근무복, 작업복 및 유사의복 제조업 외 2 종","군복,작업복,방한복 외"
185,미래정보기술,서울특별시 중랑구 사가정로46길 90 (면목동),전시 및 광고용 조명장치 제조업,전광판
186,미성어패럴,"서울특별시 중랑구 동일로 617, 지층 (면목동)",셔츠 및 블라우스 제조업 외 9 종,"자켓,조끼,셔츠,앞치마,카라티"
187,미주실업,"서울특별시 중랑구 봉화산로 123, 신내테크노타운 603호 (상봉동)",표면광택제 및 실내가향제 제조업 외 1 종,"방향제,손세정용거품비누 등"
188,반석,"서울특별시 중랑구 상봉로 59, 3.4층 (면목동)",셔츠 및 블라우스 제조업 외 1 종,티셔츠
189,백경 인터네쇼날,"서울특별시 중랑구 면목로55길 57, 2층 (면목동)",남자용 겉옷 제조업 외 4 종,"유니폼,기성복,작업복"
190,뱅크어패럴,"서울특별시 중랑구 망우로68길 5, 2층 (망우동)",셔츠 및 블라우스 제조업 외 3 종,"단체복,근무복"
191,복음미디어,"서울특별시 중랑구 양원역로 25-2, 지층 (망우동)",기타 음향기기 제조업,"앰프, 스피커"
192,브랜뉴와치,"서울특별시 중랑구 신내역로 111, A동 104호(신내동) A동 104호",시계 및 시계부품 제조업,"손목시계, 탁상시계"
193,블레스컴퍼니 주식회사,서울특별시 중랑구 신내역로3길 40-36 (신내동) B동 지상11층 B-1104호,시계 및 시계부품 제조업,일반 시계
194,쁘띠팬시,"서울특별시 중랑구 신내역로3길 40-36,(신내동, 신내 데시앙플렉스 지식산업센터) B동 B2층 FB214호",사무 및 회화용품 제조업,스티커
195,사단법인 해오름장애인협회,"서울특별시 중랑구 신내역로3길 40-36, A-609호(신내동) A-609호 외 1필지",방송장비 제조업 외 5 종,"CCTV, 방송장비"
196,사회복지법인 다운회 아름다운,"서울특별시 중랑구 망우로55길 25, 지층(우) (상봉동)",기타 과실ㆍ채소 가공 및 저장 처리업,과실원액/음료
197,삼광,"서울특별시 중랑구 면목로 373, 2층(면목동)",침구 및 관련제품 제조업 외 13 종,"의류,자켓,바지,내의,모자,가방 등"
198,삼덕안전기구공사,서울특별시 중랑구 면목로56길 32 (면목동),"근무복, 작업복 및 유사의복 제조업 외 15 종",소방안전관련제품
199,삼보 I.N.T,"서울특별시 중랑구 중랑천로 63, 지하 (면목동)",핸드백 및 지갑 제조업 외 1 종,"판촉물,여권케이스"
200,삼성물산,서울특별시 중랑구 동일로118길 35 (상봉동),가죽의복 제조업,"가죽의류,모피"
201,삼진전자,"서울특별시 중랑구 망우로 488 (망우동, 대한낚시마트)",그 외 기타 전자부품 제조업 외 1 종,"전기계기,정밀측정기"
202,삼진제모 주식회사,"서울특별시 중랑구 동일로114길 10, 지층 (상봉동)",모자 제조업,모자
203,삼호자수,서울특별시 중랑구 중랑천로 31 (면목동),자수제품 및 자수용재료 제조업 외 1 종,의류 및 골프용품
204,상도어패럴,"서울특별시 중랑구 용마산로 372, 2층 (면목동, 대성공업사)",남자용 겉옷 제조업 외 11 종,"의류,장갑,가방"
205,새론앞길,"서울특별시 중랑구 신내역로 111, 1012호(신내동, 신내 SK V1 center) 1012호",기타 인쇄업,도서 인쇄물
206,새암기업,서울특별시 중랑구 신내역로3길 40-36 (신내동) A동 8층 818호,간판 및 광고물 제조업,옥·내외 광고물
207,샬롬어패럴,서울특별시 중랑구 망우제2동 508-18번지,셔츠 및 블라우스 제조업 외 1 종,셔츠및체육복
208,서울유리,서울특별시 중랑구 용마산로136길 54 (망우동),안전유리 제조업 외 1 종,복층유리
209,서울패션,"서울특별시 중랑구 양원역로 22-1, 2층(망우동)",셔츠 및 블라우스 제조업 외 4 종,"운동복, 작업복 및 정복, 점퍼"
210,선경어페럴,"서울특별시 중랑구 동일로121길 16, 2층(중화동, 동진빌딩)",침구 및 관련제품 제조업 외 18 종,"가방, 벨트의류, 자켓, 바지, 내의, 모자"
211,성도일렉트로닉스,서울특별시 중랑구 신내역로3길 40-36 (신내동) B동 3층 308호,기타 무선 통신장비 제조업,"전기, 전자부품"
212,성동산업,서울특별시 중랑구 면목로45길 61 (면목동),가방 및 기타 보호용 케이스 제조업,가방
213,성동전자공업사,"서울특별시 중랑구 동일로 514 (면목동, 동이빌딩)",기타 음향기기 제조업,전자부품
214,성력기계제작소,서울특별시 중랑구 망우로 166-11 (상봉동),기타 가공 공작기계 제조업,환평기
215,성은실업,"서울특별시 중랑구 면목로27길 6, B101(면목동, 대진빌딩)",남자용 겉옷 제조업 외 14 종,"의류, 가방, 벨트, 자켓, 내의, 모자"
216,성일화학,서울특별시 중랑구 면목동 596-33번지,합성수지 및 기타 플라스틱 물질 제조업,보온테이프
217,성준테크 주식회사,"서울특별시 중랑구 신내역로 111,(신내동, 신내 SK V1 center) A동 5층 520호 외 1필지",고무패킹류 제조업 외 2 종,"고무제품, 실리콘제품, 절삭가공"
218,성진전자통신,"서울특별시 중랑구 용마산로 252, 현대상가 401,404,405(면목동, 면목현대아파트)",유선 통신장비 제조업 외 1 종,"통신용보안기, 전기회로장치"
219,세신섬유,"서울특별시 중랑구 겸재로 199, 5층 (면목동, 태영빌딩)","근무복, 작업복 및 유사의복 제조업 외 12 종",의류
220,세영산업,"서울특별시 중랑구 동일로130길 43 (중화동, 다훈독서실)",그 외 기타 종이 및 판지 제품 제조업,종이.판지
221,세정,"서울특별시 중랑구 봉우재로 228 (망우동, 봉은빌딩)","근무복, 작업복 및 유사의복 제조업 외 10 종",의류
222,세화자수,"서울특별시 중랑구 망우로67가길 19, 2층,3층 (망우동)",자수제품 및 자수용재료 제조업 외 4 종,자수
223,소방앤안전기술협동조합,"서울특별시 중랑구 면목로76길 44, 지층 (면목동)",교통 신호장치 제조업 외 1 종,"전자호루라기,시청각화재경보기"
224,송림코리아,서울특별시 중랑구 면목로92가길 19 (상봉동),"근무복, 작업복 및 유사의복 제조업 외 2 종",티셔츠
225,순금실업,"서울특별시 중랑구 상봉로 32, 1층 (면목동)",간판 및 광고물 제조업 외 1 종,간판
226,슈테른,"서울특별시 중랑구 면목로72길 20, 지하 1층 2호 (면목동)",일반용 도료 및 관련제품 제조업 외 1 종,디아만테
227,스페이스,"서울특별시 중랑구 용마공원로 5, 지층(망우동, 호키태권도)",기타 직물제품 제조업 외 1 종,구명의
228,승건산업(주),"서울특별시 중랑구 신내역로 111, A동 418호(신내동)",그 외 기타 금속가공업 외 1 종,"집수정청소삽, 길이조절창문물받이, 투명차수판, 사각라운딩보도틀, 암거악취방치판"
229,승일정밀자동화,"서울특별시 중랑구 면목로30가길 37 (면목동, 승일정밀)","기타 섬유, 의복 및 가죽 가공 기계 제조업",재봉자동화기기
230,시노디아,"서울특별시 중랑구 동일로154길 14, 1층 (묵동)",기타 목재가구 제조업,원목가구
231,시에스베리아(주),"서울특별시 중랑구 상봉로 61 (면목동, 한양빌딩)",그 외 기타 의료용 기기 제조업,의료 보조용구
232,신광섬유종합(주),서울특별시 중랑구 동일로100길 70 (면목동),"근무복, 작업복 및 유사의복 제조업 외 11 종","기성복,캔버스제품,침구및관련제품(침낭),가방"
233,신세계앨범,"서울특별시 중랑구 용마산로 448 (망우동, 까치유치원)",문구용 종이제품 제조업,"앨범,문구류"
234,신승기업,서울특별시 중랑구 신내역로3길 40-36 (신내동) A동 3층 310호,기타 조명장치 제조업,LED램프
235,신아무역,서울특별시 중랑구 면목로55길 55 (면목동),가죽의복 제조업 외 3 종,의류
236,신영정공,서울특별시 중랑구 망우로55길 24 (상봉동),"기타 섬유, 의복 및 가죽 가공 기계 제조업",환편기부품외
237,신우&SEA,"서울특별시 중랑구 면목로49길 36, 지하 (면목동)",모자 제조업 외 7 종,"장갑,가방,의류,모자,조끼"
238,신창상사,"서울특별시 중랑구 동일로92길 57 (면목동, 등대교회)",셔츠 및 블라우스 제조업 외 1 종,티셔츠
239,신화지퍼,서울특별시 중랑구 동일로92길 25 (면목동),단추 및 유사 파스너 제조업,지퍼
240,씨나인,"서울특별시 중랑구 신내역로 111, A동 512호(신내동) A동 512호",간판 및 광고물 제조업,"광고물, 현수막, 간판 외"
241,씨알패션,"서울특별시 중랑구 망우로 181, 2층 (중화동)",가죽의복 제조업 외 5 종,가죽의류 및 무스탕
242,씨앤로컴퍼니,"서울특별시 중랑구 면목로72길 20, 지층 1호 (면목동)",표면광택제 및 실내가향제 제조업 외 1 종,나노클린화이트
243,씽씽,"서울특별시 중랑구 겸재로9길 12, 1층 (면목동, 금강빌딩)",침구 및 관련제품 제조업 외 10 종,"의류,자킷,바지,내의"
244,아마존,"서울특별시 중랑구 동일로154길 20, 지층 (묵동)","근무복, 작업복 및 유사의복 제조업 외 10 종",의류임가공
245,아산모드 주식회사,"서울특별시 중랑구 동일로109길 90, 4층 (면목동, 대명빌딩)",핸드백 및 지갑 제조업 외 1 종,"지갑, 가죽장갑, 벨트 외"
246,아세아시스템,서울특별시 중랑구 면목동 653-24번지,기타 목재가구 제조업,가정용가구
247,아우디보청기(주),"서울특별시 중랑구 동일로 824, 신성빌딩 5층 (중화동)",치과기공물 제조업 외 2 종,보청기
248,아트윈,서울특별시 중랑구 상봉제1동 18-1번지 나동,"천막, 텐트 및 유사 제품 제조업 외 1 종","차양막,스크린,버티칼"
249,야베스머천다이즈,"서울특별시 중랑구 송림길 100, 1층 (망우동)",침구 및 관련제품 제조업 외 17 종,"의류, 침구류, 배낭,가방, 벨트, 침낭, 귀덮개, 천막, 마스크, 유포, 퀼팅원단, 망사포대"
250,에셀자수,"서울특별시 중랑구 봉우재로 91, 3층 (상봉동)",자수제품 및 자수용재료 제조업 외 2 종,자수
251,에스에스브이,"서울특별시 중랑구 신내역로 111,(신내동, 신내 SK V1 center) B동 3층 323호",방송장비 제조업 외 1 종,cctv
252,에스티씨,"서울특별시 중랑구 동일로144길 23, 지층(묵동, 은성목욕탕)","근무복, 작업복 및 유사의복 제조업 외 5 종",봉제의복
253,에이스 프린트,"서울특별시 중랑구 용마산로 443, 2층 (망우동)",날염 가공업,티셔츠
254,에프엔씨,"서울특별시 중랑구 봉우재로 197-1, 201호 (망우동)","근무복, 작업복 및 유사의복 제조업",근무복
255,엘리온,"서울특별시 중랑구 신내역로 111, (신내동, 신내 SK V1 center) B동 3층 330호",남자용 겉옷 제조업 외 8 종,"남자용 겉옷, 여자용 겉옷, 근무복, 작업복(유니폼), 셔츠 및 블라우스, 기타 봉제의복, 모자, 유아용 의복, 스타킹 및 양말, 기타 의복액세서리"
256,엠티에프어패럴(주),"서울특별시 중랑구 봉화산로 123, 804호(상봉동, 신내테크노타운) 804호","근무복, 작업복 및 유사의복 제조업 외 7 종","정복, 근무복, 작업복, 니트, 우의"
257,엠피스,"서울특별시 중랑구 동일로 762, 2층 (중화동)",그 외 기타 의료용 기기 제조업,의료기기
258,연빛상사,"서울특별시 중랑구 봉우재로 195, 205호, 207호(망우동, 창원빌딩)",셔츠 및 블라우스 제조업 외 4 종,"그외 기타 봉제의복, 근무복, 작업복, 셔츠, 블라우스, 남자용 겉옷, 여자용 겉옷"
259,연흥섬유,"서울특별시 중랑구 면목로 373, 우정빌딩 3층 (면목동)",편조의복 제조업,"니트, 골프의류"
260,영애드,"서울특별시 중랑구 동일로140길 16, 1층 (중화동)",간판 및 광고물 제조업,간판
261,영화산업,서울특별시 중랑구 동일로139길 68 (중화동),"근무복, 작업복 및 유사의복 제조업 외 2 종",티셔츠
262,예성기획,서울특별시 중랑구 공릉로 66 (묵동),간판 및 광고물 제조업,광고물
263,예에스,"서울특별시 중랑구 동일로 766 (중화동, 세화빌딩)",셔츠 및 블라우스 제조업 외 1 종,티셔츠
264,오성광고,서울특별시 중랑구 봉우재로 111 (상봉동),간판 및 광고물 제조업 외 1 종,간판
265,오성광고디자인,"서울특별시 중랑구 봉우재로 133, 1층(상봉동)",간판 및 광고물 제조업,"실사출력물, 간판, 각종 옥내외 광고물"
266,온라인인쇄,"서울특별시 중랑구 면목로63길 22, 지층 (면목동)",경 인쇄업 외 2 종,인쇄물
267,우리기업,서울특별시 중랑구 용마산로118길 124 (망우동),"플라스틱 포대, 봉투 및 유사제품 제조업 외 7 종",비닐제품가공
268,우리사,서울특별시 중랑구 동일로123나길 8 (중화동),제책업,그림책
269,우성산업,서울특별시 중랑구 중랑역로3나길 51 (중화동),가방 및 기타 보호용 케이스 제조업 외 4 종,"가방,핸드백,지갑외"
270,우성피복,"서울특별시 중랑구 겸재로28길 48 (면목동, 대명카센타)","근무복, 작업복 및 유사의복 제조업 외 3 종","군복,경찰복,소방복"
271,우장산레인보우,"서울특별시 중랑구 봉우재로 214, (지층) (망우동)",그 외 기타 봉제의복 제조업 외 1 종,"우의,의류"
272,우주상사,"서울특별시 중랑구 동일로 582 (면목동, 충효메디칼교역)",그 외 기타 의료용 기기 제조업,전기수술기
273,우진실업,"서울특별시 중랑구 면목로 283, 3층 (면목동)",셔츠 및 블라우스 제조업 외 3 종,"단체복,트레이닝복"
274,원진글로벌,"서울특별시 중랑구 신내역로 111,(신내동, 신내 SK V1 center) A동 3층 322호",남자용 겉옷 제조업 외 6 종,"의류, 상하의자켓, 셔츠, 조끼, 장갑"
275,원진하이택,"서울특별시 중랑구 용마산로94길 22, 3층 (면목동)",시계 및 시계부품 제조업,손목시계
276,원투사,"서울특별시 중랑구 용마산로115길 34 (망우동, 대인빌딩)",셔츠 및 블라우스 제조업 외 1 종,티셔츠
277,위젠,"서울특별시 중랑구 중랑천로 124, 지층 (중화동)",가방 및 기타 보호용 케이스 제조업 외 4 종,가방
278,유강편직,"서울특별시 중랑구 면목로56길 55 (면목동, 평강교회)",기타 직물제품 제조업,직물제품
279,유나이티드프라스틱(주),서울특별시 중랑구 상봉로 10 (면목동),플라스틱 접착처리 제품 제조업 외 1 종,교통안전시설물
280,유성산업,서울특별시 중랑구 동일로114길 33 (상봉동),그 외 기타 의복액세서리 제조업,블라우스(여성용)
281,유성섬유,서울특별시 중랑구 봉화산로 5 (중화동),편조의복 제조업,니트원단
282,율산디자인,"서울특별시 중랑구 봉화산로 242, 202호(신내동)",경 인쇄업 외 2 종,"인쇄, 출력물, 간판, 광고물, 금속 가공제품"
283,의류명가 울오메,"서울특별시 중랑구 동일로 674, 4층 401호 (면목동, 주영빌딩)","근무복, 작업복 및 유사의복 제조업 외 4 종","의류, 자켓, 바지, 근무복, 내의"
284,이브커텐,서울특별시 중랑구 용마산로118길 90 (망우동),커튼 및 유사제품 제조업,거튼
285,인영자수,"서울특별시 중랑구 면목로 233 (면목동, 실로암선교회)",자수제품 및 자수용재료 제조업 외 1 종,자수용품
286,인우실업,"서울특별시 중랑구 용마산로117길 35, 지하 1층(망우동, 동성빌딩)",그 외 기타 봉제의복 제조업,의류 제조업
287,일석공업(주),"서울특별시 중랑구 망우로 504-10, 외1필지 금호아파트 상가동 (망우동)",기타 가공 공작기계 제조업,드레인
288,일영어패럴,서울특별시 중랑구 겸재로 203 (면목동),셔츠 및 블라우스 제조업 외 3 종,티셔츠
289,장애인보호작업장 소담,"서울특별시 중랑구 상봉로 61, 2층(면목동, 한양빌딩)",그 외 기타 봉제의복 제조업 외 7 종,"근무복, 외투, 운동복"
290,재웅수출포장,서울특별시 중랑구 면목동 596-31번지,판지 상자 및 용기 제조업 외 1 종,포장용 상자
291,정원산업,서울특별시 중랑구 신내동 269-8번지,커튼 및 유사제품 제조업,브라인드
292,조은니트,"서울특별시 중랑구 중랑천로 176, 지층 (중화동)",남자용 겉옷 제조업 외 2 종,"니트, 장갑"
293,주식회사 가방클럽,"서울특별시 중랑구 동일로 685, 지층 (면목동)",가방 및 기타 보호용 케이스 제조업 외 10 종,"가방,지갑,벨트,커버,의류,조끼 등"
294,주식회사 그린주의,"서울특별시 중랑구 신내역로3길 40-36,(신내동, 신내 데시앙플렉스 지식산업센터) A동 5층 515호 좌측 일부호",간판 및 광고물 제조업,"간판, 안내판, 전시대, 현수막"
295,주식회사 꿈인에스씨,"서울특별시 중랑구 신내역로3길 40-36, B동 FB207호 (신내동) B동 FB207호 외 1필지",기타 조명장치 제조업,"조명기구, 조명커버, 인테리어 내장시트"
296,주식회사 뉴백산,"서울특별시 중랑구 용마산로 296-2, 2층 (면목동)",화학섬유직물 직조업 외 26 종,"의류,피복,가방,지갑,벨트"
297,주식회사 뉴비트,"서울특별시 중랑구 신내역로 111, B1층 B141호 (신내동, 신내 SK V1 center) B1층 B141호",기타 주변기기 제조업,전자장비
298,주식회사 대아무역,"서울특별시 중랑구 봉화산로 123, 3층 305호 (상봉동, 신내테크노타운) 3층 305호",스타킹 및 기타 양말 제조업,"스타킹, 양말"
299,주식회사 대한유비텍,"서울특별시 중랑구 중랑천로15길 24, 2층 (중화동)",방송장비 제조업 외 3 종,폐쇄회로 텔레비전시스템(CCTV)
300,주식회사 도영,"서울특별시 중랑구 양원역로 18, 금호어울림 상가 지층 (망우동)",셔츠 및 블라우스 제조업 외 4 종,등산복(점퍼)
301,주식회사 동선어패럴,"서울특별시 중랑구 동일로130길 28, 2층(중화동, 유리유치원)",침구 및 관련제품 제조업 외 18 종,"침구류, 배낭 침낭, 귀덮개, 마스크, 티셔츠 등, 티셔츠 등, 셔츠 블라우스, 유니폼, 가죽자켓, 아동복, 속옷, 벨트, 니트, 가방, 모자, 가방, 지갑, 귀덮개, 아우터"
302,주식회사 두리광고,서울특별시 중랑구 중랑천로 144 (중화동),간판 및 광고물 제조업 외 3 종,광고물
303,주식회사 마크라,"서울특별시 중랑구 봉우재로 53, 2층(면목동)",기타 직물제품 제조업,"의류, 가죽모피제품, 섬유제품"
304,주식회사 메타파사드,"서울특별시 중랑구 신내역로 111,(신내동, 신내 SK V1 center) A동 7층 721호 외 1필지",전시 및 광고용 조명장치 제조업 외 2 종,"LED전광판, 방송장비, 비디오, 기타 영상기기"
305,주식회사 미린상사,"서울특별시 중랑구 봉우재로 75, 3층(상봉동, 캐리어빌딩)",남자용 겉옷 제조업 외 3 종,"남자용 다이마루 의류, 여자용 다이마루 의류, 셔츠, 블라우스, 아동복, 유아복"
306,주식회사 벌룬코리아,"서울특별시 중랑구 면목로84길 20, 지층~2층 (면목동)",간판 및 광고물 제조업 외 3 종,"풍선,스카이댄스,에어광고물, 전시 및 광고용 조명장치, 간판, 피오피물, 이벤트용품"
307,주식회사 보아이엔씨,"서울특별시 중랑구 용마산로 198, 2층 (면목동)",자수제품 및 자수용재료 제조업,"의류용 컴퓨터자수, 와펜"
308,주식회사 선우물산,"서울특별시 중랑구 용마산로116길 18, 2층 (망우동)",셔츠 및 블라우스 제조업 외 2 종,"티셔츠, 니트웨어"
309,주식회사 세림기획,"서울특별시 중랑구 면목로21길 9, 지층 (면목동)",셔츠 및 블라우스 제조업 외 4 종,의류
310,주식회사 세븐레이저,"서울특별시 중랑구 신내역로 111,(신내동, 신내 SK V1 center) A동 12층 1202호",기체 여과기 제조업,산업용 집진기
311,주식회사 수영에너지솔루션,"서울특별시 중랑구 신내역로3길 40-36,(신내동, 신내 데시앙플렉스 지식산업센터) 지하동동 지하3층층 SB322호",기타 조명장치 제조업 외 1 종,"LED경관조명기구, LED가로등기구"
312,주식회사 시즌케이브,"서울특별시 중랑구 상봉로 82, 2층 (망우동, 유진빌딩)",셔츠 및 블라우스 제조업 외 5 종,"점프수트,앞치마,멜빵바지, 티셔츠, 자켓, 코트, 티셔츠, 자켓, 코트, 셔츠, 에코백, 방한모자, 에코백"
313,주식회사 씨에이치상역,"서울특별시 중랑구 봉우재로 234, 동우빌딩 4층 (망우동)",셔츠 및 블라우스 제조업 외 3 종,"의류(운동복, 등산복)"
314,주식회사 씨엔비위즈,"서울특별시 중랑구 망우로74가길 20, 2층 (망우동, 성공빌딩)",빵류 제조업,제빵류
315,주식회사 씨엔티,"서울특별시 중랑구 중랑천로 43, 201호 (면목동)",전시 및 광고용 조명장치 제조업,LED조명
316,주식회사 아토아이앤씨,"서울특별시 중랑구 신내역로 111,(신내동, 신내 SK V1 center) A동 3층 315호 외 2필지",산업처리공정 제어장비 제조업 외 1 종,"공장 자동화설비,기기"
317,주식회사 에스아이트러스트,"서울특별시 중랑구 동일로140길 8, 2층 (중화동)",셔츠 및 블라우스 제조업 외 13 종,"티셔츠,운동복,내의,베개커버, 근무복"
318,주식회사 에이비씨오토매틱,"서울특별시 중랑구 중랑천로 105, 2층(중화동, ABC square)",기체 여과기 제조업 외 4 종,"출입통제게이트, 컴퓨터주변기기, 도서관리시스템, 방역장비, 출입관리시스템, 기체여과기, 대형관 리벳, 기체 여과기, 동력식 수지 공구"
319,주식회사 에이원트래픽알앤디,"서울특별시 중랑구 신내역로 111, B동 924호(신내동)",교통 신호장치 제조업,"LED 바닥형 보행신호등, 교통신호 시설물"
320,주식회사 에이원트래픽알앤디,"서울특별시 중랑구 신내역로 111,(신내동, 신내 SK V1 center) A동 B1층 B126호",교통 신호장치 제조업,"LED바닥형 보행신호등, 교통신호 시설물"
321,주식회사 에이피안전기술,서울특별시 중랑구 면목로76길 44 (면목동),전기경보 및 신호장치 제조업 외 2 종,시청각경보기
322,주식회사 엠티에스,"서울특별시 중랑구 봉우재로 187, 2층,3층 (망우동)",전시 및 광고용 조명장치 제조업 외 2 종,LED전광판
323,주식회사 오유엘,"서울특별시 중랑구 동일로139길 68, 2층 (중화동)",가정용 및 산업용 공기 조화장치 제조업 외 2 종,산소발생기
324,주식회사 와이즈도어,"서울특별시 중랑구 신내역로3길 40-36,(신내동) A동동 지상5층층 A-514호","금속 문, 창, 셔터 및 관련제품 제조업 외 1 종",창호(중문)
325,주식회사 유핏,"서울특별시 중랑구 신내역로3길 40-36,(신내동, 신내 데시앙플렉스 지식산업센터) B동 11층 1108호",기타 주변기기 제조업,"멀티미디어학습장치, 인터렉티브화이트보드"
326,주식회사 이누코리아,"서울특별시 중랑구 신내역로 111, 529호(신내동)",가방 및 기타 보호용 케이스 제조업,휴대폰 케이스
327,"주식회사 이엘티(EL·T Co., Ltd.)",서울특별시 중랑구 신내역로3길 40-36 (신내동) A동 지상10층 A-1010호,주방용 전기기기 제조업,"핫워터디스펜스, 스마트빔히터"
328,주식회사 이지픽스,"서울특별시 중랑구 중랑역로 269, 지층(묵동)",그 외 기타 의료용 기기 제조업,환자고정보호대 및 보조기구
329,주식회사 인디컴퍼니,"서울특별시 중랑구 면목로 389, 2층 (면목동)",가죽의복 제조업,"가죽잠바, 코트, 스커트, 바지"
330,주식회사 인터포스트,"서울특별시 중랑구 동일로111길 19, 2층 (상봉동)",유선 통신장비 제조업 외 1 종,정보통신장비 등
331,주식회사 일신바이오브랜치,"서울특별시 중랑구 중랑천로 77, 101호,102호,103호,112호,113호 (상봉동, 상봉오피스텔)",산업용 냉장 및 냉동 장비 제조업 외 2 종,초저온 냉동고
332,주식회사 제이와이라이팅,"서울특별시 중랑구 상봉중앙로1길 20, 지층 (상봉동)",일반용 전기 조명장치 제조업,조명기구
333,주식회사 지안네이처,"서울특별시 중랑구 신내역로3길 40-36,(신내동, 신내 데시앙플렉스 지식산업센터) A동 5층 515호 좌측 일부 및 우측호",기타 인쇄관련 산업 외 2 종,"인쇄물, 탈취제품, 친환경 세정제"
334,주식회사 지인커뮤니티,"서울특별시 중랑구 신내역로 111,(신내동, 신내 SK V1 center) A동 4층 411호",간판 및 광고물 제조업,간판 및 광고물
335,주식회사 청양섬유,"서울특별시 중랑구 용마산로89길 27, 2층 (면목동)",남자용 겉옷 제조업 외 8 종,의복
336,주식회사 큐텍(CUTEC Co.Ltd.),"서울특별시 중랑구 봉화산로 123, 6층 601(우) (상봉동, 신내테크노타운)",일반용 전기 조명장치 제조업,조명기구
337,주식회사 투비테크,"서울특별시 중랑구 용마산로93길 8, 1층(면목동)",기타 무선 통신장비 제조업,"호출벨, 모니터, 게스트페이저, 손목페이저, DID시스템"
338,주식회사 트러스트닷컴,"서울특별시 중랑구 중랑역로 167, 지층 (묵동)",기타 직물제품 제조업 외 9 종,의류
339,주식회사 티스카,"서울특별시 중랑구 신내역로3길 40-36, (신내동, 신내 데시앙플렉스 지식산업센터) B동 5층 504호",핸드백 및 지갑 제조업 외 2 종,"악세사리, 잡화"
340,주식회사 포티움,"서울특별시 중랑구 중랑천로 93, 2층 (중화동)",셔츠 및 블라우스 제조업 외 1 종,패션의류
341,주식회사 폰누리,"서울특별시 중랑구 동일로 608, 지층 (면목동)",가방 및 기타 보호용 케이스 제조업,"가죽 핸드폰 케이스, 지갑, 의류"
342,주식회사 플라이쿱,"서울특별시 중랑구 겸재로 135, 2층(면목동)",자수제품 및 자수용재료 제조업 외 14 종,"피복류(근무복, 작업복, 운동복 등), 모자류 등, 피복류(근무복, 작업복, 운동복 등), 모자류 등, 피복류(근무복, 작업복, 운동복 등), 모자류 등, 피복류(근무복, 작업복, 운동복 등), 모자류 등, 피복류(근무복, 작업복, 운동복 등), 모자류 등, 피복류(근무복, 작업복, 운동복 등), 모자류 등, 피복류(근무복, 작업복, 운동복 등), 모자류 등, 피복류(근무복, 작업복, 운동복 등), 모자류 등, 피복류(근무복, 작업복, 운동복 등), 모자류 등, 피복류(근무복, 작업복, 운동복 등), 모자류 등, 피복류(근무복, 작업복, 운동복 등), 모자류 등, 피복류(근무복, 작업복, 운동복 등), 모자류 등, 피복류(근무복, 작업복, 운동복 등), 모자류 등, 피복류(근무복, 작업복, 운동복 등), 모자류 등, 피복류(근무복, 작업복, 운동복 등), 모자류 등"
343,주식회사 피앤피라이프,"서울특별시 중랑구 중랑역로 234-5, 1층 (묵동)",기타 운동 및 경기용구 제조업,"운동 보조기구, 커스텀 스포츠 장식품"
344,주식회사 필덤,"서울특별시 중랑구 동일로109길 17, 지하1층 (면목동)",남자용 겉옷 제조업 외 8 종,"의류, 가방 및 잡화"
345,주식회사 한국벨우드,"서울특별시 중랑구 망우로66길 38, 지층 (망우동)","근무복, 작업복 및 유사의복 제조업 외 16 종","의류,가방,모자"
346,주식회사 한국엠제이컴퍼니,"서울특별시 중랑구 봉우재로 216, 지층(망우동, 여주슈퍼)",기타 직물제품 제조업,구명조끼
347,주식회사 행복큐산업,"서울특별시 중랑구 상봉로 7, 304호(면목동)",남자용 겉옷 제조업 외 14 종,의류
348,주식회사 행복큐산업,"서울특별시 중랑구 겸재로 154, 3층(면목동, 태양빌딩)",기타 인쇄업,가타 인쇄
349,주연씨엠에스(주),"서울특별시 중랑구 동일로 869, 3층(묵동)",교통 신호장치 제조업,LED 바닥형 보행신호등
350,준희어패럴,서울특별시 중랑구 동일로 660 (면목동),"근무복, 작업복 및 유사의복 제조업 외 2 종",티셔츠
351,지우디자인,"서울특별시 중랑구 신내로 50-4, 지층 (신내동)",커튼 및 유사제품 제조업 외 4 종,"블라인드, 커텐"
352,진미유통,"서울특별시 중랑구 망우로68길 101 (망우동, 은하피아노학원)","면류, 마카로니 및 유사식품 제조업 외 1 종",국수.냉면.도시락
353,진영어패럴,"서울특별시 중랑구 겸재로 124, 3층(면목동, LG전자)",침구 및 관련제품 제조업 외 16 종,"가방, 벨트의류, 자켓, 바지, 내의, 모자"
354,창우출력소,"서울특별시 중랑구 겸재로54길 105, 2층 (면목동)",간판 및 광고물 제조업,간판 및 광고물
355,창원산업,"서울특별시 중랑구 용마산로 494 (망우동, 상아빌딩)",셔츠 및 블라우스 제조업 외 1 종,섬유봉제품
356,창원엔지니어링,서울특별시 중랑구 공릉로2가길 6 (묵동),그 외 기타 의료용 기기 제조업,"인큐베이터,수술조명등(할로겐램프)"
357,창조실업,서울특별시 중랑구 망우로 440 (망우동),셔츠 및 블라우스 제조업 외 1 종,티셔츠
358,청운실업,서울특별시 중랑구 용마산로84길 5 (면목동),주방용 및 음식점용 목재가구 제조업 외 1 종,주방용 씽크대
359,청주모자,"서울특별시 중랑구 사가정로42길 75, 3층(면목동, 연세피아노)",기타 편조의복 액세서리 제조업,모자
360,카치토,"서울특별시 중랑구 면목로55길 10, 2층 (면목동)",침구 및 관련제품 제조업 외 12 종,의류
361,캡틴모자,"서울특별시 중랑구 면목로44가길 22, 지층 (면목동)",모자 제조업,모자
362,코사 하모니,"서울특별시 중랑구 용마산로 363, 3층 (면목동)",남자용 겉옷 제조업 외 5 종,"교복,유니폼"
363,키노톤 주식회사,"서울특별시 중랑구 신내역로 111,(신내동, 신내 SK V1 center) A동 5층 510호",전시 및 광고용 조명장치 제조업 외 3 종,"전광판, 전광판 컨트롤러, 스피커, 영상정보디스플레이장치, 기타 음향기기, LED 간판 및 광고물"
364,탑마인드,"서울특별시 중랑구 동일로 624, 4층(면목동, 동원빌딩)",자수제품 및 자수용재료 제조업 외 1 종,"계급장, 휘장, 명찰, 마크"
365,탑어패럴,"서울특별시 중랑구 중랑역로 119, 지하 (중화동)",침구 및 관련제품 제조업 외 17 종,"의류, 침구류, 배낭,가방, 벨트, 침낭,천막, 귀덮개,마스크,유포,퀼팅원단,망사포대"
366,태성사,"서울특별시 중랑구 용마산로 453, 2층 (망우동)",그 외 기타 의복액세서리 제조업 외 7 종,장갑
367,포센스어패럴,"서울특별시 중랑구 봉화산로 105, 청우빌딩 2층 (상봉동)",여자용 겉옷 제조업 외 6 종,"의류, 유니폼, 정장"
368,포에버,"서울특별시 중랑구 봉우재로 204, 3층(망우동, 송정빌딩)","근무복, 작업복 및 유사의복 제조업",의류
369,피닉스테크,서울특별시 중랑구 사가정로 357 (면목동),"전자코일, 변성기 및 기타 전자 유도자 제조업",전자코일및변셩기제조
370,피엠케이코리아(P.M.K KOREA),"서울특별시 중랑구 망우로68길 56, 2층 (망우동)",기타 직물제품 제조업 외 7 종,의류(점퍼)
371,하나컴퍼니,"서울특별시 중랑구 용마산로118길 124, 지층 (망우동)","플라스틱 포대, 봉투 및 유사제품 제조업",주방용 비닐제품
372,한강패션,서울특별시 중랑구 망우로55길 46 (상봉동),"근무복, 작업복 및 유사의복 제조업 외 4 종","근무복,작업복"
373,한국섬유,"서울특별시 중랑구 중랑천로 182, 지층 (중화동)",편조원단 제조업,원단(면직류 실)
374,한마음섬유,"서울특별시 중랑구 용마산로115길 71 (망우동, 황룡빌딩)",편조의복 제조업,"티셔츠, 스포츠의류"
375,한성어패럴,"서울특별시 중랑구 면목로 372, 2층 (면목동)",침구 및 관련제품 제조업 외 13 종,의류
376,한솔,"서울특별시 중랑구 용마산로 522, 2층 (망우동)",셔츠 및 블라우스 제조업 외 7 종,의류
377,한솔기획,"서울특별시 중랑구 면목로 452, 1층 (면목동)",간판 및 광고물 제조업 외 2 종,"간판, 현수막 등 광고물"
378,한아름전자,"서울특별시 중랑구 동일로151길 13 (묵동, 원창빌딩)",배전반 및 전기 자동제어반 제조업,선풍기.세탁기의연결선(코드)
379,한영컴퍼니,"서울특별시 중랑구 용마산로122길 4, 지하1층 (망우동)",그 외 기타 봉제의복 제조업 외 12 종,"의류 전품목, 수영복, 마스크"
380,한원공업(주),서울특별시 중랑구 용마산로 357 (면목동),"전기회로 개폐, 보호장치 제조업 외 1 종",음향기기부품
381,해동기획,서울특별시 중랑구 용마산로 559 (신내동),간판 및 광고물 제조업,"간판, 아크릴광고물"
382,현대사무방종합문구,"서울특별시 중랑구 동일로140길 19-8, 지층. 1층 (중화동)",문구용 종이제품 제조업,"바이더, 파일"
383,환희실업,"서울특별시 중랑구 중랑천로 358 (묵동, 동명빌딩)",가방 및 기타 보호용 케이스 제조업,가방
384,황금산농원,"서울특별시 중랑구 답십리로77길 89, 1층 (면목동)",침구 및 관련제품 제조업,베개(침구류)
