회사명,대표자명,공장대표주소,전화번호,팩스번호,업종명,데이터기준일자
(사)사랑나눔장애인협회다좋은지점,김은정,"서울특별시 송파구 송파대로37길 74, 1층 (석촌동, 부자빌딩)",02-6426-5615,,경 인쇄업 외 1종,2023-06-30
(주) 진양아이에스씨,염수미,서울특별시 송파구 거마로2길 14 (거여동),02-431-7378,2,"근무복, 작업복 및 유사의복 제조업 외 4종",2023-06-30
(주)21세기정보기술,송채현,서울특별시 송파구 마천동-90번지 20 (2층),02-402-1388,02-402-1384,방송장비 제조업 외 1종,2023-06-30
(주)GBSTYLE,박용주,"서울특별시 송파구 법원로11길 11, A동 901~908호(문정동, 현대지식산업센터) (문정동)",02-2210-1400,02-2210-1406,속옷 및 잠옷 제조업,2023-06-30
(주)가온아이피엠,도귀영,"서울특별시 송파구 동남로28길 30, 지층 (오금동)",02-431-9775,02-431-9778,그 외 기타 전기장비 제조업,2023-06-30
(주)건양유통,박규현,"서울특별시 송파구 중대로 150,  2층 (가락동)",02-403-3333,02-409-7077,폴리스티렌 발포 성형제품 제조업 외 1종,2023-06-30
(주)경원,안귀영,"서울특별시 송파구 법원로11길 7, C동 8층 814,815호 (문정동)",02-415-2600,02-415-5471,그 외 기타 특수목적용 기계 제조업 외 1종,2023-06-30
(주)그린랩스,"안동현, 최성우","서울특별시 송파구 송파대로 201, A동 B4층 G403호 (문정동)",02-6956-4023,02-6952-0457,배전반 및 전기 자동제어반 제조업,2023-06-30
(주)그린빈에스텍,김인국,"서울특별시 송파구 법원로 127, 520호 (문정동)",070-8683-2460,,커피 가공업,2023-06-30
(주)그린아이티코리아,강원식,"서울특별시 송파구 송파대로 201, 송파 테라타워2 A동 G414~417호, B동 1113~1114호 (문정동)",031-721-5661,031-721-5663,방송장비 제조업 외 6종,2023-06-30
(주)그린아쿠아,신금태,"서울특별시 송파구 동남로24길 7,  (지층) (오금동)",02-408-9935,2,가방 및 기타 보호용 케이스 제조업 외 3종,2023-06-30
(주)금송조경건설,이병욱,"서울특별시 송파구 충민로 52, B동 2층 206 (문정동, 가든파이브웍스)",054-635-6060,054-638-3733,놀이터용 장비 제조업,2023-06-30
(주)나노에스텍,조철훈,"서울특별시 송파구 법원로11길 11, B동 710호 (문정동)",02-2148-6650,02-2148-6656,"물질 검사, 측정 및 분석기구 제조업",2023-06-30
(주)나팔,이윤배,"서울특별시 송파구 법원로11길 25, 에이동 1301호(에이치비지니스파크) (문정동)",02-2138-5053,02-2138-5054,기타 음향기기 제조업,2023-06-30
(주)넥스파시스템,이상준,"서울특별시 송파구 백제고분로 266, B1호 (삼전동)",02-2243-4011,,비디오 및 기타 영상기기 제조업 외 6종,2023-06-30
(주)노브랜드,김기홍,서울특별시 송파구 오금로46길 49 (가락동),02-405-5889,2,여자용 겉옷 제조업 외 1종,2023-06-30
(주)노비텍,이준영,"서울특별시 송파구 백제고분로39길 30-18, 지하1층, 1층 (석촌동)",070-7122-1000,070-7159-1315,기타 광학기기 제조업 외 1종,2023-06-30
(주)다나에너지,최준호,"서울특별시 송파구 석촌호수로 144,  (지하1층) (삼전동)",02-422-2035,2,배전반 및 전기 자동제어반 제조업,2023-06-30
(주)다래파크텍,김호정,"서울특별시 송파구 충민로 52, B동 9층 901~915 (문정동)",02-6901-0714,02-861-0997,교통 신호장치 제조업,2023-06-30
(주)대륭전력통신,정병구,"서울특별시 송파구 송이로17길 57, 지층 (가락동)",02-448-7770,2,기타 음향기기 제조업,2023-06-30
(주)대명디엠콜,황인섭,"서울특별시 송파구 송파대로48길 22,  지하 (송파동)",02-419-7576,02-418-5190,전기경보 및 신호장치 제조업 외 1종,2023-06-30
(주)대봉테크원,김영복,"서울특별시 송파구 충민로 52, 외21필지 B동 8층 801~807호 (문정동)",02-2047-0388,02-2047-0389,"전자기 측정, 시험 및 분석기구 제조업 외 1종",2023-06-30
(주)대업스포츠,박종운,"서울특별시 송파구 거마로9길 3,  1층 (거여동)",02-2203-4701,2,그 외 기타 의복액세서리 제조업,2023-06-30
(주)대영아이오티,전인구,"서울특별시 송파구 오금로 222, 대영타워 지101호 (송파동)",02-420-6488,02-420-0232,전기경보 및 신호장치 제조업 외 3종,2023-06-30
(주)대영엠이씨,구본립,"서울특별시 송파구 충민로 52, A동 8층 818,819,820 (문정동, 가든파이브웍스)",02-588-6111,,배전반 및 전기 자동제어반 제조업,2023-06-30
(주)더가원앤,한제욱,"서울특별시 송파구 송파대로 167, A동601호~603호, 지하210호~211호(문정동, 테라타워) (문정동)",02-2205-2060,02-2205-2062,핸드백 및 지갑 제조업 외 2종,2023-06-30
(주)더블유앤비,채준성,"서울특별시 송파구 중대로 271, 3층 (오금동, 위너빌딩)",02-6925-5190,,비디오 및 기타 영상기기 제조업,2023-06-30
(주)더샤인,이재은,"서울특별시 송파구 백제고분로 229,  신영빌딩 404호 (삼전동)",02-2203-0413,2,셔츠 및 블라우스 제조업 외 3종,2023-06-30
(주)데크,홍상기,"서울특별시 송파구 송파대로 167, B동 914호(문정역테라타워) (문정동)",02-6479-0077,02-6479-0088,유선 통신장비 제조업 외 2종,2023-06-30
(주)동아테크윈,박경일,서울특별시 송파구 오금동-120번지 15 (지하),02-409-1961,2,핸드백 및 지갑 제조업,2023-06-30
(주)동진커뮤니케이션시스템,김상현,"서울특별시 송파구 송파대로 201, B동 1505호 (문정동)",02-722-1748,02-723-1750,기타 무선 통신장비 제조업,2023-06-30
(주)두두텍,이성준,"서울특별시 송파구 백제고분로41길 38, 지층 (송파동)",02-415-2814,02-417-2814,간판 및 광고물 제조업,2023-06-30
(주)디자인끌림,양민우,"서울특별시 송파구 성내천로41길 4, 2층 (마천동, 평안교회)",02-400-3303,02-400-8103,간판 및 광고물 제조업,2023-06-30
(주)라이벌코리아,이용덕,"서울특별시 송파구 삼전로8길 9 (삼전동, 미래빌딩)",02-423-0597,2,컴퓨터 제조업,2023-06-30
(주)로가디스,조원준,"서울특별시 송파구 백제고분로 512,  로가디스빌딩 지하1층 (방이동)",02-2203-8552,2,시계 및 시계부품 제조업,2023-06-30
(주)로드반,김형준,"서울특별시 송파구 법원로 127, 806,807 (문정동)",02-2039-2654,02-2039-2665,방송장비 제조업 외 1종,2023-06-30
(주)로지스톤,이성진,"서울특별시 송파구 동남로4길 6, 2층 (문정동, 대전빌딩)",02-400-1387,02-403-1386,핸드백 및 지갑 제조업,2023-06-30
(주)론스텍,김동건,"서울특별시 송파구 중대로 134,  부광아트빌딩 6층 (가락동)",02-3461-7704,23461,유선 통신장비 제조업 외 1종,2023-06-30
(주)루미맥스,박순명,"서울특별시 송파구 송이로17길 50-25, 1층 (가락동, 상명빌딩)",02-532-9770,,"전자기 측정, 시험 및 분석기구 제조업",2023-06-30
(주)리치엘이디,이재석,"서울특별시 송파구 오금로 130,  예당빌딩 2층 (송파동)",02-1577-8770,2,일반용 전기 조명장치 제조업,2023-06-30
(주)매일통산,기세환,"서울특별시 송파구 오금로16길 10-6 (송파동, 매일빌딩)",02-419-6860,02-419-6369,그 외 기타 달리 분류되지 않은 제품 제조업 외 1종,2023-06-30
(주)메가스틸코리아,조재우,"서울특별시 송파구 마천로7가길 5,  202호 (오금동)",02-400-7575,02-400-7373,그 외 기타 전기장비 제조업 외 2종,2023-06-30
(주)메디포스,김대환,"서울특별시 송파구 법원로 127, 1120호(문정대명벨리온) (문정동)",02-6403-6780,02-6403-6611,그 외 기타 의료용 기기 제조업,2023-06-30
(주)명가마을,김범국,"서울특별시 송파구 동남로 280,  지하 (오금동)",02-449-2233,,도시락류 제조업 외 1종,2023-06-30
(주)명성임프레스,윤석주,"서울특별시 송파구 오금로46길 9, 301호 (가락동, 베스트빌딩)",02-3462-3555,02-3462-1888,전시용 모형 제조업,2023-06-30
(주)명신시스템,노근식,"서울특별시 송파구 송파대로 167, B동 1001~1002호(문정역테라타워) (문정동)",02-497-0900,02-448-5545,방송장비 제조업 외 1종,2023-06-30
(주)명품클리닉 투엘,이현석,서울특별시 송파구 송파대로 471 (석촌동),02-514-5224,,핸드백 및 지갑 제조업,2023-06-30
(주)모두테크놀로지,유재형,"서울특별시 송파구 송파대로 167, 테라타워 A동 912호 (문정동)",02-2115-8114,02-2115-8118,"전자기 측정, 시험 및 분석기구 제조업 외 5종",2023-06-30
(주)모빌텍,오승환,"서울특별시 송파구 송파대로27길 26, 4층 (문정동, 문정동부교회)",02-414-1110,02-415-5526,유선 통신장비 제조업 외 3종,2023-06-30
(주)미산아이브,황호연,"서울특별시 송파구 새말로8길 5, 지층 (문정동)",02-719-8833,02-716-4747,남자용 겉옷 제조업 외 4종,2023-06-30
(주)바다에이앤티,이서하,"서울특별시 송파구 송파대로 167, B동 1006호(문정역테라타워) (문정동)",02-501-2116,02-2054-3369,기타 음향기기 제조업 외 4종,2023-06-30
(주)바스콘엔지니어링,이원희,"서울특별시 송파구 백제고분로 221 (삼전동, 광덕빌딩)",02-412-8057,02-2202-8345,배전반 및 전기 자동제어반 제조업,2023-06-30
(주)바이어스,이재중,"서울특별시 송파구 송파대로22길 5-11,  301호 (문정동)",02-448-6462,,산업처리공정 제어장비 제조업,2023-06-30
(주)바이트시스템,이용섭,"서울특별시 송파구 법원로 128, 문정 에스케이브이원 지엘메트로시티 9층 에이910호 (문정동)",02-409-7180,02-402-7205,배전반 및 전기 자동제어반 제조업,2023-06-30
(주)범세패숀,유헌근,서울특별시 송파구 성내천로 89 (오금동),02-449-2121,2,핸드백 및 지갑 제조업 외 1종,2023-06-30
(주)벨로이,김주형,"서울특별시 송파구 법원로 127, 1017호(문정동, 문정대명벨리온) (문정동)",02-6082-5022,,경 인쇄업 외 1종,2023-06-30
(주)부민더블유엔피,채계수,"서울특별시 송파구 충민로 52, C동 6층 607,608 (문정동, 가든파이브웍스)",070-7664-5228,02-6008-2178,그 외 기타 특수목적용 기계 제조업 외 4종,2023-06-30
(주)브이브이알,목영훈,"서울특별시 송파구 충민로 52, A동 5층 518호 (문정동, 가든파이브웍스)",02-3444-1110,,영상게임기 제조업 외 2종,2023-06-30
(주)블루민엘이디,유인호,"서울특별시 송파구 송이로17길 61, 3층 (가락동, 태일빌딩)",070-7725-5511,070-7755-5007,발광 다이오드 제조업 외 3종,2023-06-30
(주)비바캠프,박경희,"서울특별시 송파구 위례성대로12길 7, 5층 (방이동, 비바빌딩)",02-3431-0135,02-2202-7287,가방 및 기타 보호용 케이스 제조업,2023-06-30
(주)비엠에이,송동진,"서울특별시 송파구 법원로9길 26, C동 1515호(에이치비지니스파크) (문정동)",02-469-7004,02-469-2004,그 외 기타 의료용 기기 제조업,2023-06-30
(주)비전테크시스템즈,옥영주,"서울특별시 송파구 위례성대로16길 27, B01 (방이동)",02-3432-7132,,경 인쇄업 외 1종,2023-06-30
(주)빌트인엔텍,최종일,"서울특별시 송파구 법원로9길 26, C동 B208호(에이치비지니스센터) (문정동)",02-2236-1515,02-2236-6515,수동식 식품 가공기기 및 금속 주방용기 제조업,2023-06-30
(주)뽀뜨레,송현준,"서울특별시 송파구 중대로31길 18-21 (오금동, (주)뽀뜨레)",02-406-0753,02-406-0754,여자용 겉옷 제조업,2023-06-30
(주)사람과빛,김영무,"서울특별시 송파구 문정로11길 13, 202호 (가락동)",02-6959-9566,,배전반 및 전기 자동제어반 제조업,2023-06-30
(주)사운드레이스,장명훈,"서울특별시 송파구 법원로 128, SK V1 GL메트로시티 C동 1505호 (문정동)",02-425-0575,02-425-0572,방송장비 제조업 외 1종,2023-06-30
(주)삼보엘이디,이숙종,"서울특별시 송파구 송이로 145, 3층 (가락동, 삼보빌딩)",02-403-5278,02-431-5278,일반용 전기 조명장치 제조업,2023-06-30
(주)삼삼통신기술,이성오,"서울특별시 송파구 중대로 214 (가락동, 운진빌딩)",02-430-3382,2,유선 통신장비 제조업 외 1종,2023-06-30
(주)삼표산업 풍납공장,"이선호, 김승호, 강흥구","서울특별시 송파구 토성로 5 (풍납동, 삼표레미콘)",02-488-4561,02-485-2877,레미콘 제조업,2023-06-30
(주)상상이엔지,신경업,"서울특별시 송파구 송파대로 167, B동 1013, 1013-1, 1013-2호(문정역테라타워) (문정동)",02-2054-3979,02-2054-3980,전기식 진단 및 요법 기기 제조업,2023-06-30
(주)서광시스템,박영,"서울특별시 송파구 법원로11길 11, B동 1203~ 1213호(문정현대지식산업센터) (문정동)",02-432-3401,02-2047-0035,컴퓨터 제조업 외 30종,2023-06-30
(주)서브,남규태,"서울특별시 송파구 충민로 52, B동 7층 711호 (문정동, 가든파이브웍스)",02-2047-3693,02-2047-3694,방송장비 제조업,2023-06-30
(주)선진콘트롤엔엑세스,이철희,"서울특별시 송파구 충민로 52, 5층 A517호(가든파이브웍스) (문정동)",02-408-8778,02-443-8338,배전반 및 전기 자동제어반 제조업,2023-06-30
(주)성흥티에스,배성현,"서울특별시 송파구 충민로 52, A동 7층 701~702호 (문정동, 가든파이브웍스)",02-2047-3346,02-2047-3348,컴퓨터 제조업 외 2종,2023-06-30
(주)세명에스엠지,"박정필,장병철","서울특별시 송파구 문정동 289번지 외21필지 가든파이브워크 B동 3층 318, 319, 320 외 2필지",02-2047-0220,02-2047-0229,"라디오, 녹음 및 재생 기기 제조업 외 6종",2023-06-30
(주)소호모형,최영배,"서울특별시 송파구 마천로 165,  2층 (오금동)",02-415-1684,2,전시용 모형 제조업,2023-06-30
(주)솔포스텍,오문진,"서울특별시 송파구 송파대로24길 5-6, 2층 (가락동)",15880349,02-517-6498,전구 및 램프 제조업,2023-06-30
(주)솔포스텍,오문진,"서울특별시 송파구 송파대로24길 5-6, 1층 (가락동)",15880349,02-517-6498,컴퓨터 프린터 제조업,2023-06-30
(주)수산씨엠씨,김명호,"서울특별시 송파구 송파대로 167,  B동1401,1402 A동G207~G209 (문정동)",02-422-7575,,화장품 제조업 외 4종,2023-06-30
(주)스코어커뮤니케이션,안석현,"서울특별시 송파구 송이로 239, 지하1층 (문정동, 도은빌딩)",070-8267-4921,02-3401-4925,제책업 외 1종,2023-06-30
(주)시내엔들,전보술,"서울특별시 송파구 중대로 312, 3층 (오금동, D.S 타워)",02-448-0023,02-448-5150,어망 및 기타 끈 가공품 제조업 외 3종,2023-06-30
(주)시민테크건설,표형식,서울특별시 송파구 방이동 191-7번지 (지층),02-420-6666,2,간판 및 광고물 제조업,2023-06-30
(주)시큐에버,변혜진,"서울특별시 송파구 삼전로2길 11, 지하1층 (삼전동)",02-422-4638,02-422-4628,컴퓨터 제조업 외 1종,2023-06-30
(주)신선인더스트리얼 코포레이션,김태균,"서울특별시 송파구 마천로26길 17,  지하1층  (오금동)",,,도시락류 제조업 외 1종,2023-06-30
(주)신일씨엠,서호석,서울특별시 송파구 성남대로 1541-32 (장지동),02-407-5500,02-406-1051,레미콘 제조업 외 2종,2023-06-30
(주)실리콘브릿지,김태호,"서울특별시 송파구 법원로9길 26, D동 1010~1012호(에이치비지니스파크) (문정동)",02-6281-8080,02-6281-8081,유선 통신장비 제조업 외 2종,2023-06-30
(주)싸이토젠,전병희,"서울특별시 송파구 법원로 128, A동 8층(SK V1 GL메트로시티) (문정동)",02-6925-1070,02-6925-1071,그 외 기타 의료용 기기 제조업,2023-06-30
(주)쓰리비전,이국진,"서울특별시 송파구 법원로 127, 605호(문정대명벨리온) (문정동)",02-449-9923,02-449-9924,비디오 및 기타 영상기기 제조업 외 1종,2023-06-30
(주)씨앤씨플라자,송범석,"서울특별시 송파구 송파대로 201, 송파테라타워2 A동 A921호 (문정동)",02-407-8404,02-881-5141,교통 신호장치 제조업 외 2종,2023-06-30
(주)씨앤엘 테크놀리지,김성자,"서울특별시 송파구 새말로 162 (문정동, 동국유리)",02-407-3797,2,일반용 전기 조명장치 제조업 외 1종,2023-06-30
(주)씨엔에이소프트,안정미,"서울특별시 송파구 삼전로4길 4,  지하층 (삼전동)",031-751-7015,2,방송장비 제조업,2023-06-30
(주)씨큐에이스,강충완,"서울특별시 송파구 삼전로9길 8,  3층 (잠실동)",02-417-3563,02-417-3564,그 외 기타 전자부품 제조업 외 2종,2023-06-30
(주)씨테크이엔지,박기덕,"서울특별시 송파구 충민로 52, C동 7층 703 (문정동, 가든파이브웍스)",02-402-2506,02-402-2666,배전반 및 전기 자동제어반 제조업,2023-06-30
(주)아맥스,강희천,"서울특별시 송파구 백제고분로31길 30,  (지층) (삼전동)",02-412-3575,2,기체 여과기 제조업 외 1종,2023-06-30
(주)아맥스,강희천,"서울특별시 송파구 삼학사로13길 12,  지하 (삼전동)",02-412-3575,2,기타 가정용 전기기기 제조업,2023-06-30
(주)아이비앤티,김수영,"서울특별시 송파구 백제고분로34길 33,  (3층) (석촌동)",02-422-7222,2,전기식 진단 및 요법 기기 제조업,2023-06-30
(주)아이텍테크널러지,송인선,"서울특별시 송파구 법원로11길 11, B동 807~809호 (문정동)",02-2140-7500,,유선 통신장비 제조업,2023-06-30
(주)아쿠아랜드,박만석,서울특별시 송파구 백제고분로41길 42-22 (송파동),02-420-4325,02-420-2509,분사기 및 소화기 제조업,2023-06-30
(주)아타스페이스,박기성,"서울특별시 송파구 백제고분로40길 16, 2층 (석촌동, 서광빌딩)",02-420-2889,02-420-2887,전시용 모형 제조업,2023-06-30
(주)안국양행,반기선,"서울특별시 송파구 마천로 92 (오금동, 안국빌딩)",02-406-9033,02-408-3874,특수 직물 및 기타 직물 직조업,2023-06-30
(주)안전하이텍,박인태,서울특별시 송파구 양재대로71길 2-17 (방이동),02-417-5388,02-417-5389,"콘크리트 타일, 기와, 벽돌 및 블록 제조업",2023-06-30
(주)알앤디테크,강무성,"서울특별시 송파구 송파대로 167, A동 1423호(문정역테라타워) (문정동)",02-586-8111,,인쇄회로기판용 적층판 제조업 외 6종,2023-06-30
(주)알지텍코리아,공경배,"서울특별시 송파구 법원로11길 7, C동 805호 (문정동)",02-859-8890,,수동식 식품 가공기기 및 금속 주방용기 제조업,2023-06-30
(주)앤다스,김상훈,"서울특별시 송파구 법원로9길 26, C동 406~408호(에이치비지니스파크) (문정동)",070-4530-6327,30334436327,방송장비 제조업 외 2종,2023-06-30
(주)에듀트리즈,곽태인,"서울특별시 송파구 백제고분로17길 43, 지층 (잠실동)",02-6326-2604,,커피 가공업,2023-06-30
(주)에레,김태경,"서울특별시 송파구 토성로 36, 지층 (풍납동)",063-858-6893,,그 외 기타 봉제의복 제조업 외 18종,2023-06-30
(주)에스아이디,전수빈,"서울특별시 송파구 법원로 127, 15층 1505호 (문정동)",02-6677-7528,02-6475-7528,기타 석제품 제조업 외 2종,2023-06-30
(주)에스엘디,황영모,"서울특별시 송파구 중대로 135 (가락동, 아이티벤처타워)",02-2142-0405,2,정형외과용 및 신체보정용 기기 제조업 외 5종,2023-06-30
(주)에스지테크놀러지,손병학,"서울특별시 송파구 법원로 128, C동 903~905호(SK V1 GL메트로시티) (문정동)",070-4456-7758,02-3012-4008,유선 통신장비 제조업 외 1종,2023-06-30
(주)에스텍라인,조동하,"서울특별시 송파구 백제고분로32길 11 (삼전동, 다트월드)",02-341-2446,2,기타 산업용 유리제품 제조업 외 4종,2023-06-30
(주)에스티엔기술,윤재영,"서울특별시 송파구 백제고분로45길 13,  송광빌딩 201호 (송파동)",02-412-7191,2,컴퓨터 제조업,2023-06-30
(주)에이디엠,정채옥,"서울특별시 송파구 법원로 128, A동 603호(SK V1 GL메트로시티) (문정동)",02-932-2678,02-932-2679,방송장비 제조업 외 5종,2023-06-30
(주)에이치피엠,이규원,"서울특별시 송파구 법원로11길 7, C동 725~726호(현대지식산업센터) (문정동)",02-2057-0763,02-2057-0765,그 외 기타 금속가공업,2023-06-30
(주)에이티앤이,조원종,"서울특별시 송파구 성내천로 182,  정우빌딩3층 (마천동)",,,기타 주변기기 제조업,2023-06-30
(주)에프아이티,김만우,"서울특별시 송파구 송파대로 201, B동 1516~1519호(송파테라타워2) (문정동)",02-6958-8703,02-6020-8702,유선 통신장비 제조업,2023-06-30
(주)엔지티아이,함영식,서울특별시 송파구 백제고분로 282 (석촌동),02-425-7119,2,유선 통신장비 제조업 외 1종,2023-06-30
(주)엔코아링크,민경신,"서울특별시 송파구 백제고분로41길 19,  3층 (송파동)",02-3431-6300,02-3431-6400,기타 주변기기 제조업,2023-06-30
(주)엠비온,이상갑,"서울특별시 송파구 양재대로71길 4-23, MJ빌딩 5층 (방이동)",02-508-1341,,정형외과용 및 신체보정용 기기 제조업,2023-06-30
(주)엠알바스,윤창로,"서울특별시 송파구 법원로9길 26, C동 1105호(에이치비지니스파크) (문정동)",02-568-8311,070-8090-7445,배전반 및 전기 자동제어반 제조업,2023-06-30
(주)엠에이치상사,조민호,"서울특별시 송파구 성내천로 185 (마천동, 태평빌딩)",02-443-0707,2,셔츠 및 블라우스 제조업 외 1종,2023-06-30
(주)엠에이테크,신문규,"서울특별시 송파구 법원로 127, 6층 620호 (문정동)",02-783-7544,02-783-7544,기타 전기 변환장치 제조업 외 1종,2023-06-30
(주)엠지브이보안시스템,김흥국,"서울특별시 송파구 문정로17길 12, 지하1층 (오금동)",,,방송장비 제조업,2023-06-30
(주)엠티아이,임기호,"서울특별시 송파구 동남로 234 (가락동, (주)엠티아이부설연구소)",02-421-4042,2,기타 무선 통신장비 제조업,2023-06-30
(주)영동케미칼,이종면,"서울특별시 송파구 가락로36길 8 (방이동, 시스니빌딩)",02-412-1704,02-412-7015,한의약품 제조업,2023-06-30
(주)오성유니버셜,전영임,"서울특별시 송파구 성내천로23가길 15,  지층 (마천동)",02-401-4992,2,화장품 제조업,2023-06-30
(주)오에스엘이엔지,한수진,"서울특별시 송파구 법원로11길 11, A동 1403호, 1412~1414호, 909~910호(문정동, 현대지식산업센터) (문정동)",02-2148-6800,02-2148-6801,유선 통신장비 제조업,2023-06-30
(주)우리젠,고상원,"서울특별시 송파구 법원로11길 7, C동 1107~1110호 (문정동)",02-586-4548,02-525-4547,배전반 및 전기 자동제어반 제조업,2023-06-30
(주)유니썬코리아,김형중,"서울특별시 송파구 법원로11길 7, 문정현대지식산업센터 1-2 1213호 (문정동)",02-563-2652,02-563-2654,방송장비 제조업 외 7종,2023-06-30
(주)유니온커뮤니티,신요식,"서울특별시 송파구 법원로 127, 1211호 (문정동)",02-6488-3145,02-6488-3100,전기경보 및 신호장치 제조업 외 2종,2023-06-30
(주)유라이크코리아,김희진,"서울특별시 송파구 법원로11길 11, B동1109.1110호 (문정동)",02-3400-0300,02-3400-3031,기타 주변기기 제조업,2023-06-30
(주)유안인더스,박윤주,서울특별시 송파구 송파동 86 번지 지하1층 전체,02-422-7680,02-422-7690,모피제품 제조업 외 3종,2023-06-30
(주)유앤후레쉬,우재명,"서울특별시 송파구 충민로 52, 외21필지 B동 2층 208 (문정동)",02-720-7504,02-720-7505,교통 신호장치 제조업 외 5종,2023-06-30
(주)이레엘앤씨,김혜경,서울특별시 송파구 방이동 196번지 대덕빌딩 3층,02-3432-0323,2,가죽의복 제조업,2023-06-30
(주)이에이치솔루션,윤대영,"서울특별시 송파구 충민로 52, A동 10층 1002 (문정동, 가든파이브웍스)",02-3180-0960,,배전반 및 전기 자동제어반 제조업 외 1종,2023-06-30
(주)이엔씨에이,백성철,"서울특별시 송파구 충민로 52, A동 8층 811, 812 (문정동, 가든파이브웍스)",02-2047-0527,,육상 금속 골조 구조재 제조업 외 1종,2023-06-30
(주)이오비스,김종환,"서울특별시 송파구 법원로11길 7, C동 1301~1305 (문정동)",02-424-8832,02-6455-8832,산업처리공정 제어장비 제조업,2023-06-30
(주)이텍피엔지,이학수,"서울특별시 송파구 백제고분로41길 38,  2층 (송파동)",02-412-6657,02-412-6658,전기경보 및 신호장치 제조업 외 2종,2023-06-30
(주)이투워크솔루션,이원희,"서울특별시 송파구 법원로9길 26, D동 810~812호(에이치비지니스파크) (문정동)",02-6281-9220,02-6281-9219,방송장비 제조업 외 1종,2023-06-30
(주)인디스앤아이,허인용,"서울특별시 송파구 거마로9길 3,  1층 (거여동)",02-430-6420,,그 외 기타 전기장비 제조업,2023-06-30
(주)인포월드,이준정,"서울특별시 송파구 법원로 127, 7층 703호 (문정동)",02-406-0440,02-443-7079,"물질 검사, 측정 및 분석기구 제조업 외 2종",2023-06-30
(주)일렉펀앤엠에스,김헌진,"서울특별시 송파구 충민로 52, 외21필지 B동 6층 613호 (문정동)",02-2047-0260,02-2047-0259,간판 및 광고물 제조업,2023-06-30
(주)일원코리아,김진근,서울특별시 송파구 중대로9길 42-22 (가락동),02-404-6767,02-404-6768,모자 제조업,2023-06-30
(주)자석나라,박대근,서울특별시 송파구 송이로27길 5-16 (가락동),02-407-3028,02-409-4044,고무 의류 및 기타 위생용 비경화 고무제품 제조업,2023-06-30
(주)장수구들,박매자,"서울특별시 송파구 송파대로 382,  (지하1층) (송파동)",02-3402-2520,2,그 외 기타 가구 제조업,2023-06-30
(주)제놀루션,김기옥,"서울특별시 송파구 법원로11길 11, A동 508호,511호(현대지식산업센터) (문정동)",02-449-8670,02-449-8671,그 외 기타 의료용 기기 제조업,2023-06-30
(주)제삼외식프랜차이즈,조병옥,"서울특별시 송파구 백제고분로21길 24, 지층 (삼전동, 0세아카데미어린이집)",02-415-3330,2,육류 기타 가공 및 저장처리업 (가금류 제외) 외 2종,2023-06-30
(주)제이아이제이,김정애,"서울특별시 송파구 중대로 162,  선형빌딩3층 302호 (가락동)",02-786-9493,2,방송장비 제조업 외 5종,2023-06-30
(주)제이앤씨디자인,정택중,"서울특별시 송파구 위례성대로12길 28,  광림빌딩 301호 (방이동)",02-3431-8300,2,금속 표시판 제조업 외 2종,2023-06-30
(주)제이에스테크놀로지,정순주,"서울특별시 송파구 법원로11길 11, B동 401호(문정현대지식산업센터 1-1) (문정동)",02-2057-0770,02-2057-0774,컴퓨터 제조업,2023-06-30
(주)제이에스티나,김기석,"서울특별시 송파구 양재대로62길 53,  지1층 (가락동)",02-2190-7013,2,시계 및 시계부품 제조업,2023-06-30
(주)제일코비,김종일,"서울특별시 송파구 위례성대로12길 24, 2층, 3층 (방이동, 석남빌딩)",02-420-0814,,스크린 인쇄업,2023-06-30
(주)중앙티에스,방공석,"서울특별시 송파구 법원로11길 7, C동 712호(문정현대지산업센터) (문정동)",02-406-6281,,간판 및 광고물 제조업,2023-06-30
(주)지모컴,한상진,"서울특별시 송파구 오금로11길 33,  신동아타워802호 (방이동)",02-420-8952,02-403-6598,컴퓨터 제조업,2023-06-30
(주)지안플레이그라운드,정수형,"서울특별시 송파구 송파대로 167, 테라타워 A동 411호 (문정동)",02-555-7750,02-555-7037,전시용 모형 제조업 외 1종,2023-06-30
(주)진모어패럴,양승국,"서울특별시 송파구 성내천로47길 23, 경진빌딩 2층,3층 (마천동)",02-404-0832,,셔츠 및 블라우스 제조업 외 6종,2023-06-30
(주)진보식품,이승준,"서울특별시 송파구 양재대로 932,  가공처리장 1층 (가락동)",02-406-7226,02-430-7359,김치류 제조업 외 1종,2023-06-30
(주)진성에프앤디,이현기,"서울특별시 송파구 송이로21길 33-23, 지하층 (가락동)",02-477-7977,02-489-3904,빵류 제조업,2023-06-30
(주)진성이티에스,이완수,"서울특별시 송파구 오금로35길 14,  지하1층 101호 (오금동)",02-430-4024,2,기타 가정용 전기기기 제조업,2023-06-30
(주)진양에스앤피,염귀현,서울특별시 송파구 중대로 284 (오금동),02-431-7378,,기타 직물제품 제조업 외 11종,2023-06-30
(주)진올바이오테크놀러지,김용우,"서울특별시 송파구 동남로 303-7, 1,2 (오금동)",02-407-0096,02-407-0779,그 외 기타 의료용 기기 제조업 외 1종,2023-06-30
(주)진텍아이,이태영,"서울특별시 송파구 동남로11길 26,  (2층) (가락동)",02-3401-2723,2,그 외 기타 의복액세서리 제조업,2023-06-30
(주)창조인,이경숙,"서울특별시 송파구 법원로 128, B동 606호(SK V1 GL메트로시티) (문정동)",02-6933-8119,02-6933-8118,"카펫, 마루덮개 및 유사제품 제조업",2023-06-30
(주)캠트론,문광열,"서울특별시 송파구 양재대로66길 36 (가락동, 금아빌딩)",02-402-5083,02-402-5391,유선 통신장비 제조업,2023-06-30
(주)캠프리본,조수진,"서울특별시 송파구 법원로11길 25, A동 401호,417호(에이치비지니스파크) (문정동)",02-6428-8803,02-6280-2956,"근무복, 작업복 및 유사의복 제조업 외 6종",2023-06-30
(주)캠프언더웨어,하종진,"서울특별시 송파구 중대로20길 31, 11호 1층 (가락동)",070-4639-7255,,속옷 및 잠옷 제조업,2023-06-30
(주)컴스정보기술,김응관,"서울특별시 송파구 법원로9길 26, D동 904호, 905호(문정동, 에이치비지니스파크)  (문정동)",02-6483-0140,02-449-4372,방송장비 제조업 외 1종,2023-06-30
(주)케이드커뮤니케이션,민세형,"서울특별시 송파구 법원로 128, A동 410호(SK V1 GL메트로시티) (문정동)",02-527-8300,02-527-8304,기타 무선 통신장비 제조업 외 2종,2023-06-30
(주)케이브이에스컴퍼니,조경인,"서울특별시 송파구 중대로25길 4,  302호 (오금동)",02-1544-0379,02-409-0379,기록매체 복제업,2023-06-30
(주)케이에스알콜렉션,박삼수,"서울특별시 송파구 성내천로8길 8,  지층  (오금동)",,,기타 신발 제조업,2023-06-30
(주)케이에스티테크놀로지,송준화,"서울특별시 송파구 위례성대로12길 4-5,  지하1층 (방이동)",02-6478-1900,02-6478-1911,방송장비 제조업 외 1종,2023-06-30
(주)케이엠아이,우경욱,"서울특별시 송파구 오금로 214,  효신빌딩 지층 (송파동)",02-425-5951,2,산업처리공정 제어장비 제조업,2023-06-30
(주)코파아이씨티(KOPA ICT Inc.),장정희,"서울특별시 송파구 오금로 222, 대영타워 지102호 (송파동)",02-415-6488,02-425-6488,교통 신호장치 제조업,2023-06-30
(주)큐컴,강진구,"서울특별시 송파구 새말로 154,  아이원빌딩 3층, 4층  (문정동)",02-561-6222,,컴퓨터 제조업 외 3종,2023-06-30
(주)클래시스,정성재,"서울특별시 송파구 법원로11길 25, A동 1501~1515호(에이치비지니스파크) (문정동)",15443481,02-6008-3457,그 외 기타 의료용 기기 제조업,2023-06-30
(주)키오스크 테크놀로지,김대영,서울특별시 송파구 가락동 151번지 101호,02-2043-0054,02-2043-0058,사무용 기계 및 장비 제조업,2023-06-30
(주)타마,김희성,"서울특별시 송파구 정의로 70, 904호 (문정동)",02-448-2871,02-448-2872,산업처리공정 제어장비 제조업,2023-06-30
(주)태동플래닝,유영순,"서울특별시 송파구 법원로 127, 1503호 (문정동)",02-419-7896,02-414-5589,간판 및 광고물 제조업 외 3종,2023-06-30
(주)태한냉림산업,오창영,"서울특별시 송파구 송파대로49길 8,  (1,2층) (석촌동)",02-424-8491,02-424-8496,산업용 냉장 및 냉동 장비 제조업,2023-06-30
(주)태호콘트롤,박성현,서울특별시 송파구 오금동 58번지 성진빌딩 지하,02-430-2020,02-430-2224,배전반 및 전기 자동제어반 제조업 외 1종,2023-06-30
(주)테라칩스,진태훈,"서울특별시 송파구 송이로19길 3, 2층 (가락동)",02-408-3750,,일반용 전기 조명장치 제조업,2023-06-30
(주)테라테코,정동준,"서울특별시 송파구 법원로11길 11, B-1201, B-1202, B-1214 (문정동, 문정현대지식산업센터 1-1) (문정동)",031-790-0625,031-790-0630,컴퓨터 제조업 외 19종,2023-06-30
(주)토비버츄얼시스템,박태주,"서울특별시 송파구 충민로 52, A동 6층 607 (문정동, 가든파이브웍스)",02-2047-0166,,전시 및 광고용 조명장치 제조업 외 1종,2023-06-30
(주)티볼리씨앤씨,박주흠,"서울특별시 송파구 법원로9길 26, C동 619호(에이치비지니스파크) (문정동)",070-8852-4111,02-2631-2400,유선 통신장비 제조업,2023-06-30
(주)티아이에스정보통신,이종우,"서울특별시 송파구 법원로11길 25, A동 408~410호(에이치비지니스파크) (문정동)",02-517-6680,02-517-6679,교통 신호장치 제조업,2023-06-30
(주)티에스엔지니어링,박한웅,"서울특별시 송파구 법원로 127, 502호 (문정동)",,,산업처리공정 제어장비 제조업,2023-06-30
(주)티엔엠네트웍스,김기연,"서울특별시 송파구 송이로17길 51,  지하1층 (가락동)",02-424-3116,2,방송장비 제조업 외 1종,2023-06-30
(주)파인가든,박웅준,"서울특별시 송파구 송파대로 106-7,  지층 (문정동)",02-443-8272,,간판 및 광고물 제조업 외 4종,2023-06-30
(주)파인아이디,변유정,"서울특별시 송파구 감이남로 6-3, 지하 (마천동)",070-8264-6761,050-5300-6761,간판 및 광고물 제조업 외 3종,2023-06-30
(주)팜랩스,안동현,"서울특별시 송파구 송파대로 201, A동 701호, 806~807호(송파테라타워2) (문정동)",02-703-7787,02-6442-0454,배전반 및 전기 자동제어반 제조업,2023-06-30
(주)패션공간,장전옥,"서울특별시 송파구 백제고분로 457, 302호 (방이동, 다우빌딩)",,,"근무복, 작업복 및 유사의복 제조업",2023-06-30
(주)퍼밋,박선기,"서울특별시 송파구 정의로7길 13, B동 218호 (문정동)",02-6959-7650,02-6925-3408,농업 및 임업용 기계 제조업 외 1종,2023-06-30
(주)포스트 쿨텍,기명성,"서울특별시 송파구 동남로 322,  2층 (오금동)",02-403-6627,,그 외 기타 전자부품 제조업 외 1종,2023-06-30
(주)푸토피아,김용락,"서울특별시 송파구 위례성대로12길 36,  지층 (방이동)",02-416-4760,02-416-4753,기타 직물제품 제조업,2023-06-30
(주)프레임웍,정호연,"서울특별시 송파구 삼전로 76, 2층 (삼전동)",02-481-0088,02-481-0068,날염 가공업,2023-06-30
(주)프로테크산업,박기호,"서울특별시 송파구 송이로31길 32-15,  지층 (문정동)",02-421-0790,2,그 외 기타 전기장비 제조업 외 2종,2023-06-30
(주)플렉트론,박상수,"서울특별시 송파구 송파대로 201, B동 1619호(송파테라타워2) (문정동)",02-6412-1156,050-5361-9614,유선 통신장비 제조업,2023-06-30
(주)피큐라이드,서영남,"서울특별시 송파구 충민로 52, C동 7층 715 (문정동, 가든파이브웍스)",02-2047-1388,02-2047-1394,배전반 및 전기 자동제어반 제조업,2023-06-30
(주)하디존,"김유중, 김경만","서울특별시 송파구 성내천로12길 5, 2층 (오금동)",070-8272-5116,02-448-8070,배전반 및 전기 자동제어반 제조업,2023-06-30
(주)하우디자인연합,김해수,"서울특별시 송파구 삼학사로 45,  201호,202호 (삼전동)",02-529-5799,02-571-4944,간판 및 광고물 제조업 외 1종,2023-06-30
(주)한결아이앤씨,이상억,"서울특별시 송파구 송파대로 201, A동 1501~1502호(송파테라타워2) (문정동)",02-576-3525,02-881-5578,방송장비 제조업 외 6종,2023-06-30
(주)한국보원바이오,김기영,"서울특별시 송파구 법원로 127, 대명벨리온, 318호,319호 (문정동)",02-475-5916,,그 외 기타 의료용 기기 제조업,2023-06-30
(주)한국쉬즈라인,최용국,"서울특별시 송파구 거마로 90,  (지층) (마천동)",02-431-5500,2,모조 귀금속 및 모조 장신용품 제조업,2023-06-30
(주)한국쉬즈라인,최용국,"서울특별시 송파구 오금로46길 19-1,  (4층) (가락동)",02-431-5500,2,모조 귀금속 및 모조 장신용품 제조업,2023-06-30
(주)한국알에프주차시스템,"장용준, 장진우","서울특별시 송파구 충민로 52, 외21필지 B동 8층 811 (문정동)",02-2047-0188,02-2047-0187,교통 신호장치 제조업,2023-06-30
(주)한림양행,김희선,"서울특별시 송파구 성내천로 182, 2층 (마천동, 정우빌딩)",02-3463-1177,02-3463-2238,기타 가정용 전기기기 제조업,2023-06-30
(주)한삼시스템,김홍식,"서울특별시 송파구 양재대로71길 2-17,  1층 (방이동)",02-512-0033,02-512-0369,그 외 기타 특수목적용 기계 제조업 외 2종,2023-06-30
(주)한일유리,김동엽,서울특별시 송파구 오금로46길 59-9 (가락동),02-449-4497,2,안전유리 제조업 외 1종,2023-06-30
(주)한일테크닉스,장경천,"서울특별시 송파구 백제고분로41길 38, 1층 (송파동)",02-2202-7581,02-2202-7856,교통 신호장치 제조업,2023-06-30
(주)한중엔지니어링,김관식,"서울특별시 송파구 법원로9길 26, C동 1409호,B210호(에이치비지니스파크) (문정동)",02-404-7201,02-404-7210,배전반 및 전기 자동제어반 제조업,2023-06-30
(주)한텍일렉트로닉,이춘수,"서울특별시 송파구 성내천로 189,  삼원빌딩 지층 (마천동)",02-404-0001,2,"전기회로 개폐, 보호장치 제조업 외 2종",2023-06-30
(주)햇살내음,김승희,"서울특별시 송파구 중대로12길 40,  (지층) (가락동)",02-449-4562,2,천연 및 혼합조제 조미료 제조업 외 1종,2023-06-30
(주)행일미디어,백승주외1명,"서울특별시 송파구 중대로 148,  삼성빌딩 1층 (가락동)",02-403-9111,02-403-4222,경 인쇄업 외 1종,2023-06-30
(주)헤릭스,이창우,"서울특별시 송파구 올림픽로30길 6,  금곡빌딩 4층 (방이동)",02-2202-7853,02-2202-7854,경성 인쇄회로기판 제조업 외 9종,2023-06-30
(주)현웅코스코코,한경애,"서울특별시 송파구 법원로6길 7, 904호(문정동, 송파유탑테크벨리) (문정동)",02-401-5113,02-401-5114,화장품 제조업,2023-06-30
(주)혜성아이앤에스,정용태,"서울특별시 송파구 중대로12길 11,  (지층) (가락동)",02-576-0027,2,커튼 및 유사제품 제조업,2023-06-30
(주)혜지교역,오세민,"서울특별시 송파구 충민로 10, B3-A01호 (문정동, 가든파이브툴)",02-2047-7451,02-2279-0452,농업 및 임업용 기계 제조업 외 2종,2023-06-30
(주)혜진스커피,김혜진,"서울특별시 송파구 백제고분로7길 52-29, 201호 (잠실동)",02-2203-0805,,커피 가공업,2023-06-30
(주)홀인원 골프랜드,이금화,"서울특별시 송파구 거마로9길 3,  1층 (거여동)",02-3431-2111,2,그 외 기타 의복액세서리 제조업,2023-06-30
(주)홍문,전장돈,"서울특별시 송파구 충민로 52, 외21필지 B동 7층 707호 (문정동), 708호, 709호 외 2필지",02-416-6277,02-416-6276,전시용 모형 제조업,2023-06-30
(주)휴먼비앤티,김동수,서울특별시 송파구 송파동 54번지 두경빌딩 지하,02-561-6077,02-561-9945,그 외 기타 전자부품 제조업 외 2종,2023-06-30
(주)휴먼코퍼레이션,김형일,"서울특별시 송파구 가락로 36, 2,3층 (석촌동, 휴먼빌딩)",02-418-4182,,액체 여과기 제조업,2023-06-30
(주)휴팜,남정일,"서울특별시 송파구 법원로11길 7, C동 425,426호 (문정동)",02-957-0386,,건강보조용 액화식품 제조업 외 2종,2023-06-30
A&C테크,김종구,"서울특별시 송파구 백제고분로46길 18,  3층 (송파동)",02-417-2228,02-417-2229,배전반 및 전기 자동제어반 제조업 외 2종,2023-06-30
건아정보기술(주),심광호,"서울특별시 송파구 올림픽로 507,  건아빌딩 지1층 (풍납동)",02-2041-5517,,컴퓨터 제조업 외 8종,2023-06-30
광고기획삼원,이공섭,"서울특별시 송파구 송파대로24길 5-14,  101호 (가락동)",02-409-7272,02-409-7262,간판 및 광고물 제조업,2023-06-30
광덕어패럴,안선구,"서울특별시 송파구 오금로59길 11,  (지층) (거여동)",02-401-0883,2,그 외 기타 봉제의복 제조업 외 1종,2023-06-30
국제해양수산(주),장영기,"서울특별시 송파구 새말로 125,  2층 (문정동)",02-430-7770,02-409-8805,수산동물 냉동품 제조업,2023-06-30
굿다인의료기,최동환,"서울특별시 송파구 문정로 165,  지층 (가락동)",02-421-1023,02-417-7596,기타 가정용 전기기기 제조업,2023-06-30
굿모닝,김중섭,"서울특별시 송파구 가락로 64,  지하1층 (석촌동)",02-459-8881,,커튼 및 유사제품 제조업,2023-06-30
굿모닝버티칼,김만수,"서울특별시 송파구 동남로26길 21, 지층 비01호 (오금동)",02-406-9252,,커튼 및 유사제품 제조업,2023-06-30
그린메디칼상사,채한교,"서울특별시 송파구 올림픽로32길 44,  (지층) (방이동)",02-424-2137,2,그 외 기타 전기장비 제조업,2023-06-30
그린메딕(Green medic),하상수,"서울특별시 송파구 양산로2길 44 (거여동, 거여3단지아파트",02-407-2968,,기타 직물제품 제조업,2023-06-30
근하전자정밀,최근배,"서울특별시 송파구 거마로 19,  지층 (거여동)",02-443-3454,2,반도체 제조용 기계 제조업,2023-06-30
금성식품,하성진,서울특별시 송파구 한가람로20길 44 (풍납동),02-473-8451,,"면류, 마카로니 및 유사식품 제조업 외 1종",2023-06-30
길정보시스템(주),김원연,"서울특별시 송파구 중대로23길 17,  베니스타워 3층 (가락동)",02-403-3164,2,교통 신호장치 제조업,2023-06-30
김천정밀,한중환,"서울특별시 송파구 동남로4길 25 (문정동, 금천빌딩)",02-400-8880,02-404-4219,기타 조명장치 제조업,2023-06-30
나섬산업,이성수,"서울특별시 송파구 오금로 535 (거여동, 한동빌딩)",02-400-6174,2,면직물 직조업 외 1종,2023-06-30
네이버시스템(주),임병조,"서울특별시 송파구 중대로 135, 16층 1601호 (가락동, 아이티벤처타워)",02-6258-1500,,기타 무선 통신장비 제조업,2023-06-30
네이처엔지니어링(주),안학현,"서울특별시 송파구 마천로51길 23, 지하1층 (마천동)",02-6931-6697,02-402-4993,직물포대 제조업,2023-06-30
농업회사법인 한가람지에프(주),천우석,"서울특별시 송파구 송이로17길 58-18, 1층 (가락동)",02-2043-7140,02-2043-7140,기타 과실ㆍ채소 가공 및 저장 처리업,2023-06-30
니트코리아,이창호,"서울특별시 송파구 성내천로16길 17,  지층,3층 (오금동)",02-402-8172,02-443-5170,그 외 기타 분류 안된 섬유제품 제조업,2023-06-30
다다플래닝(주),유영길,서울특별시 송파구 동남로13길 34 (가락동),02-406-8913,02-406-8903,간판 및 광고물 제조업,2023-06-30
다양산업,남기섭,"서울특별시 송파구 백제고분로21길 36, 지층 (삼전동)",15775143,050-2303-5143,그 외 기타 봉제의복 제조업 외 5종,2023-06-30
다온스페이스,최진원,"서울특별시 송파구 중대로40길 3-14, 3층 (오금동)",02-542-0471,,전시용 모형 제조업,2023-06-30
다원스테인레스산업,신경선,"서울특별시 송파구 충민로 52,  가든파이브웍스 A동 707호 (문정동)",02-2047-3838,02-2047-3836,금속 캔 및 기타 포장용기 제조업,2023-06-30
대신정보기술(주),이광호,"서울특별시 송파구 송파대로 167, B동 413~415호(문정역테라타워) (문정동)",02-560-7760,02-560-7788,유선 통신장비 제조업 외 2종,2023-06-30
대호섬유,서성순,"서울특별시 송파구 송이로 28 (송파동, GS칼텍스)",02-424-4827,02-424-8897,그 외 기타 분류 안된 섬유제품 제조업,2023-06-30
도시기획,이승수,서울특별시 송파구 중대로 288 (오금동),02-407-7500,02-407-4441,간판 및 광고물 제조업,2023-06-30
동성판금사,김진덕,"서울특별시 송파구 충민로 52, 외21필지 A동 7층 714호 (문정동)",02-2279-2460,02-2268-7593,절삭가공 및 유사처리업,2023-06-30
동해수산,김용진,"서울특별시 송파구 올림픽로32길 42-26,  1층 (방이동)",02-422-2618,02-415-2680,수산동물 냉동품 제조업,2023-06-30
두리버티칼,금철수,"서울특별시 송파구 석촌호수로18길 14,  지하1층 (석촌동)",02-413-3420,02-413-3420,커튼 및 유사제품 제조업,2023-06-30
두엘(deuxL),이언지,"서울특별시 송파구 충민로 52, A동 7층 705 (문정동, 가든파이브웍스)",02-2047-0305,,그 외 기타 분류 안된 화학제품 제조업 외 1종,2023-06-30
둥지산업,최승열,"서울특별시 송파구 오금로27길 41, 1층 (방이동)",02-3432-6585,02-416-8097,일반철물 제조업,2023-06-30
드림에어메디칼,손승남,"서울특별시 송파구 동남로23길 50,  우인빌딩 지층 (오금동) (총 2 필지) 외 1필지",02-404-6152,2,정형외과용 및 신체보정용 기기 제조업,2023-06-30
등우산업제어(주),정일우,서울특별시 송파구 백제고분로 501 (방이동),02-423-0430,2,배전반 및 전기 자동제어반 제조업,2023-06-30
디와인포테크(주),이양우,"서울특별시 송파구 새말로5길 6,  (2층) (문정동)",02-443-3335,2,유선 통신장비 제조업,2023-06-30
디자인벤트,문승주,"서울특별시 송파구 송파대로 167, A동 G215, B동 605호 (문정동)",02-420-5321,02-424-5321,간판 및 광고물 제조업,2023-06-30
디지털파워넷(주),소병수,"서울특별시 송파구 법원로 114, B동 1208호 (문정동)",02-853-8500,02-853-5800,배전반 및 전기 자동제어반 제조업,2023-06-30
레더스킨,김원선,"서울특별시 송파구 송파대로 201, B동 823~824호(송파테라타워2) (문정동)",070-7776-3076,050-5116-0666,남자용 겉옷 제조업 외 21종,2023-06-30
리드림(Lee's Dream),이지영,"서울특별시 송파구 성내천로 328, 3층 (마천동, 예광빌딩)",070-4251-5002,,셔츠 및 블라우스 제조업,2023-06-30
마노아 N&F,이윤아,"서울특별시 송파구 올림픽로35길 104,  잠실장미종합상가 B동 6-1,2,3 (신천동)",070-8815-9424,,육류 기타 가공 및 저장처리업 (가금류 제외) 외 1종,2023-06-30
마이웨이상사,한근식,"서울특별시 송파구 성내천로21길 24,  (지층) (마천동)",02-443-9907,2,모조 귀금속 및 모조 장신용품 제조업,2023-06-30
매크로영상기술(주),박희복,"서울특별시 송파구 중대로 135 (가락동, 아이티벤처타워)",02-2142-4000,2,비디오 및 기타 영상기기 제조업,2023-06-30
명성아크릴,김종길,서울특별시 송파구 문정동 289번지 외21필지 가든파이브워크 B동 2층 211 외 1필지,02-2047-0611,2,그 외 기타 플라스틱 제품 제조업,2023-06-30
명성제화,송명호,"서울특별시 송파구 마천로46길 21,  지하 (거여동)",02-448-9021,2,구두류 제조업 외 1종,2023-06-30
모아텍스,문병국,"서울특별시 송파구 법원로11길 7, C동 824 (문정동)",02-2057-9401,02-2057-9403,"천막, 텐트 및 유사 제품 제조업 외 1종",2023-06-30
무지개,이병훈,"서울특별시 송파구 성내천로 212, 지하 (마천동, 삼정빌딩)",02-424-2213,02-424-4303,커튼 및 유사제품 제조업,2023-06-30
뮤지엄아이(주),김영훈,"서울특별시 송파구 법원로 127, 820호(문정대명벨리온) (문정동)",02-859-1974,02-859-1975,유선 통신장비 제조업,2023-06-30
미디어텔레콤(주),김용대,"서울특별시 송파구 백제고분로40길 27,  (2층) (석촌동)",02-412-0121,2,기타 주변기기 제조업 외 4종,2023-06-30
민네트워크(주),황상택,"서울특별시 송파구 송파대로37길 124,  104호 (석촌동)",02-415-0767,02-415-0976,방송장비 제조업 외 2종,2023-06-30
민영정보통신(주),민경식,"서울특별시 송파구 법원로 127, 906호,907호 (문정동)",02-2026-6677,2203366,기타 무선 통신장비 제조업,2023-06-30
바이오벨,오영숙,"서울특별시 송파구 새말로 101,  형수빌딩 2층 (문정동)",02-430-9002,2,화장품 제조업 외 2종,2023-06-30
발판하너지(주),김효철,"서울특별시 송파구 법원로 128, C동 714호(SK V1 GL메트로시티) (문정동)",02-557-7918,02-557-7920,전동기 및 발전기 제조업,2023-06-30
베르티니,이동하,"서울특별시 송파구 충민로 52, 외21필지 B동 6층 618 (문정동) 외 1필지",02-521-7580,,모조 귀금속 및 모조 장신용품 제조업,2023-06-30
보우실업,김명자,"서울특별시 송파구 양재대로60길 3-5 (가락동, 보우빌딩)",02-400-8885,02-400-1177,모조 귀금속 및 모조 장신용품 제조업,2023-06-30
비지니스코리아,정진수,"서울특별시 송파구 위례성대로22가길 16,  (지층) (오금동)",02-401-1881,2,기타 음향기기 제조업,2023-06-30
사운드플러스,박영선,"서울특별시 송파구 오금로53길 53,  2층 (거여동)",02-402-9311,2,전자부품 실장기판 제조업 외 1종,2023-06-30
삼성 금속,김철웅,서울특별시 송파구 거마로3길 14-7 (거여동),02-408-1765,02-407-6314,모조 귀금속 및 모조 장신용품 제조업,2023-06-30
삼성텍스타일,이돈영,"서울특별시 송파구 토성로 29,  (지층) (풍납동)",02-473-6127,2,커튼 및 유사제품 제조업,2023-06-30
삼성텍스타일(2),이돈영,"서울특별시 송파구 토성로 33,  지하 (풍납동)",02-473-6127,2,커튼 및 유사제품 제조업,2023-06-30
삼성텍스타일(3),이돈영,"서울특별시 송파구 토성로 30,  지하 (풍납동)",02-473-6127,2,커튼 및 유사제품 제조업,2023-06-30
새암광고기획,김민희,"서울특별시 송파구 석촌호수로12길 35,  (1층) (잠실동)",02-3431-9300,2,간판 및 광고물 제조업,2023-06-30
새암디자인,박광종,"서울특별시 송파구 문정로13길 8-1, 1층 (가락동)",02-3431-9300,070-4325-8339,간판 및 광고물 제조업,2023-06-30
새움기획,방혜숙,"서울특별시 송파구 송파대로 167, B동 1413-2호(문정역테라타워) (문정동)",02-549-3009,02-2054-3733,간판 및 광고물 제조업,2023-06-30
서교정보통신(주),김기설,"서울특별시 송파구 오금로46길 66,  3층 (가락동)",02-406-8844,02-431-6644,방송장비 제조업 외 7종,2023-06-30
서울씨앤씨,윤유상,"서울특별시 송파구 마천로61길 14-1, 1층 (마천동)",02-567-7272,02-534-8003,기타 직물제품 제조업,2023-06-30
서울아산병원,박성욱,"서울특별시 송파구 올림픽로43길 26 (풍납동, 풍납동 빌딩)",02-3010-3114,2,전기식 진단 및 요법 기기 제조업,2023-06-30
서울전자산업(주),양창웅,"서울특별시 송파구 마천로57길 18, B01 (마천동, 마천 금호아파트 상가)",,,절연 코드세트 및 기타 도체 제조업,2023-06-30
서울패션,정경석,"서울특별시 송파구 삼학사로 25, 지층 (삼전동, 강남빌딩)",02-414-2482,,셔츠 및 블라우스 제조업 외 1종,2023-06-30
서전엔지니어링(주),유경하,"서울특별시 송파구 법원로 128, B동 지하G416호 (문정동)",02-557-0793,02-557-0795,기기용 자동측정 및 제어장치 제조업 외 4종,2023-06-30
선미실업,유진선,서울특별시 송파구 오금로34길 12-9 (가락동),02-400-7525,02-420-0248,스타킹 및 기타 양말 제조업,2023-06-30
성백산업개발(주),박창서,"서울특별시 송파구 백제고분로 276, 2층 (석촌동, 공익빌딩)",02-417-4425,02-417-4430,배전반 및 전기 자동제어반 제조업,2023-06-30
성훈하이텍(주),김선숙,"서울특별시 송파구 송파대로 167, A동 1409호(문정역테라타워) (문정동)",02-2054-3635,02-2054-3634,에너지 저장장치 제조업,2023-06-30
세광테그노전자(주),오운규,"서울특별시 송파구 풍성로25다길 18 (풍납동, 세광전자)",02-482-4062,02-479-3587,그 외 기타 전자부품 제조업 외 1종,2023-06-30
세심테크주식회사,정규정,서울특별시 송파구 가락동 189-12번지 3층 1-3호,,,일반용 전기 조명장치 제조업,2023-06-30
세아산업,최강훈,"서울특별시 송파구 거마로 86, 지하1층 (마천동, 수성빌딩)",02-400-4510,02-400-4511,그 외 기타 의복액세서리 제조업 외 1종,2023-06-30
세인산업,신영선,"서울특별시 송파구 성내천로8가길 2 (오금동, 하나렌탈)",02-409-0861,2,커튼 및 유사제품 제조업,2023-06-30
세인트로그(주),김세연,"서울특별시 송파구 송파대로 167, A동 803호(문정역테라타워) (문정동)",02-2138-6003,02-2138-6004,기기용 자동측정 및 제어장치 제조업 외 8종,2023-06-30
세종광고,간명식,"서울특별시 송파구 가락로 233, 1층 (방이동, 동방빌딩)",02-416-9834,02-414-4743,간판 및 광고물 제조업,2023-06-30
세종하이텍(주),김세은,"서울특별시 송파구 송파대로 201, B동 607호(테라타워2) (문정동)",02-862-8454,02-861-2456,배전반 및 전기 자동제어반 제조업,2023-06-30
소나무P&G,유명선,"서울특별시 송파구 백제고분로41길 28, B1 (송파동)",02-416-7412,,간판 및 광고물 제조업,2023-06-30
수맥돌침대,이경복,"서울특별시 송파구 백제고분로41길 42-19,  (1층) (송파동)",02-419-5005,2,매트리스 및 침대 제조업,2023-06-30
수성치재산업사,손성용,서울특별시 송파구 삼학사로 82-1 (석촌동),02-2268-2804,2,치과용 기기 제조업,2023-06-30
스쿨프린트,최경미,"서울특별시 송파구 충민로 52, B동 2층 219,220 (문정동, 가든파이브웍스)",02-2047-1475,050-5608-2401,표구처리업 외 6종,2023-06-30
시스텍전기통신(주),전진우,"서울특별시 송파구 올림픽로32길 21-9, 4층 (방이동)",02-419-1474,02-419-1497,기타 무선 통신장비 제조업,2023-06-30
신성전자기업(주),이선환,서울특별시 송파구 오금로59길 3-21 (거여동),02-408-7624,02-408-7625,"전기회로 개폐, 보호장치 제조업 외 1종",2023-06-30
신우산업,노창석,"서울특별시 송파구 충민로 52, 외21필지 D동 9층 901호 (문정동) 외 1필지",02-2047-0080,02-2047-0085,일반용 전기 조명장치 제조업,2023-06-30
신진기업,김창림,서울특별시 송파구 거마로10길 30 (거여동),02-400-6052,02-408-0623,그 외 기타 분류 안된 섬유제품 제조업,2023-06-30
신한특수조명,이상현,"서울특별시 송파구 충민로 52, 외21필지 D동 3층 304,305호 (문정동)",02-2265-4487,02-2047-0948,일반용 전기 조명장치 제조업,2023-06-30
썬덴코리아(주),권상오,"서울특별시 송파구 송파대로 167, B동 1213-1,1213-2,1214,1215,1216,1217호(문정동, 문정역 테라타워) (문정동)",02-2054-3600,02-2054-3609,변압기 제조업,2023-06-30
쓰리에스,김관철,"서울특별시 송파구 충민로 52, B동 2층 212 (문정동, 가든파이브웍스)",02-2047-0611,,그 외 기타 플라스틱 제품 제조업,2023-06-30
씨앤에스(주),전재남,"서울특별시 송파구 법원로11길 25, B동 1314호(에이치비지니스파크) (문정동)",02-2043-2404,02-6952-2405,전시용 모형 제조업,2023-06-30
아도양행,방중호,"서울특별시 송파구 백제고분로 411 (송파동, 대우빌딩)",02-420-3330,02-416-7488,사무용 기계 및 장비 제조업,2023-06-30
아리베베,이석호,"서울특별시 송파구 송파대로 167, A동 14층 1403호(문정역테라타워) (문정동)",02-449-6520,02-402-7711,침구 및 관련제품 제조업,2023-06-30
아크릴최가,최낙은,서울특별시 송파구 문정동 289번지 외21필지 가든파이브워크 D동 2층 202,02-2047-0303,050-5115-1233,간판 및 광고물 제조업,2023-06-30
아프릴리스 주식회사,"박준상, 박계신","서울특별시 송파구 새말로5길 13, 3층 (문정동, 영신빌딩)",02-6910-0104,02-6910-0002,그 외 기타 달리 분류되지 않은 제품 제조업,2023-06-30
애기종합기획,김진원,"서울특별시 송파구 송파대로 474,  성정빌딩 지하 (송파동)",02-415-4477,2,간판 및 광고물 제조업,2023-06-30
애니세스(주),한원석,"서울특별시 송파구 충민로 52, D동 3층 301 (문정동, 가든파이브웍스)",070-4028-3432,,변압기 제조업,2023-06-30
앤아이씨(주),오성림,"서울특별시 송파구 새말로 162 (문정동, 동국유리)",053-314-6001,2,일반용 전기 조명장치 제조업,2023-06-30
어드벤처닷케이알(주),길승환,"서울특별시 송파구 오금로 469, 어드벤처빌딩 B1 (거여동)",02-477-7999,02-403-7512,그 외 기타 나무제품 제조업 외 2종,2023-06-30
에버소닉주식회사,문장열,"서울특별시 송파구 강동대로 61-15,  지층 (풍납동)",02-512-4388,,전자 응용 절삭기계 제조업,2023-06-30
에스디엠코스메틱(나도미인),정인숙,"서울특별시 송파구 법원로11길 7, C동 410호 (문정동)",02-449-7862,,그 외 기타 달리 분류되지 않은 제품 제조업 외 1종,2023-06-30
에스지에이임베디드(주),"구천열, 은유진","서울특별시 송파구 법원로11길 25, A동 910호(에이치비지니스파크) (문정동)",070-7410-9348,02-6499-1829,컴퓨터 제조업 외 1종,2023-06-30
에스트랜스포트(주),조광진,"서울특별시 송파구 송파대로 167, A동 1421호(문정역테라타워) (문정동)",02-6951-1167,02-6951-1168,컴퓨터 제조업 외 2종,2023-06-30
연일판금,이상표,"서울특별시 송파구 충민로 52, 외21필지 A동 7층 710호 (문정동)",02-2278-9313,02-2279-9313,그 외 기타 분류 안된 금속 가공 제품 제조업 외 1종,2023-06-30
영동기획인쇄,김정숙,"서울특별시 송파구 백제고분로21길 10 (삼전동, 금영빌딩)",02-425-0078,02-425-0085,기타 인쇄업 외 1종,2023-06-30
영화자수,강혜영,"서울특별시 송파구 성내천로 127 (마천동, 다우림아파트)",02-430-1430,02-449-8616,자수제품 및 자수용재료 제조업 외 1종,2023-06-30
오랜지디자인,이효섭,"서울특별시 송파구 가락로 44, 1층 (석촌동)",02-2202-7700,,간판 및 광고물 제조업,2023-06-30
옥돌침대,이상식,"서울특별시 송파구 오금로16길 10-8 (송파동, 동명전력)",02-424-6577,,그 외 기타 가구 제조업,2023-06-30
옥스포드제화,한상수,서울특별시 송파구 백제고분로46길 22 (송파동),02-400-3456,2,구두류 제조업,2023-06-30
와이지에스콘트롤(주),박창호,서울특별시 송파구 성내천로23가길 14 (마천동),4096581,2,배전반 및 전기 자동제어반 제조업,2023-06-30
왕중사,김돈식,"서울특별시 송파구 마천로 351, 지층 (마천동, 사자빌딩)",02-448-7127,,기타 신발 제조업 외 1종,2023-06-30
우림기획인쇄,편옥자,"서울특별시 송파구 법원로4길 6, B110호 (문정동)",02-517-8744,02-549-4457,경 인쇄업,2023-06-30
우성씨엔에스(주),소병완,"서울특별시 송파구 법원로11길 7, C동 524~525호(현대지식산업센터) (문정동)",02-3437-3393,02-3437-9375,기기용 자동측정 및 제어장치 제조업 외 3종,2023-06-30
원일통상(주),김동철,"서울특별시 송파구 마천로31길 22 (마천동, 원인통상(주))",02-408-5464,02-400-2929,그 외 기타 의복액세서리 제조업,2023-06-30
원콘트롤,김경섭,서울특별시 송파구 문정동 139번지 2층,02-403-1781,2,배전반 및 전기 자동제어반 제조업,2023-06-30
월드전기주식회사,이은상,"서울특별시 송파구 동남로8길 30-46, 1층 (문정동)",02-403-9711,24035,기타 전기 변환장치 제조업,2023-06-30
웰빙공영씨엔씨(주),김현순,"서울특별시 송파구 가락로 25,  성산빌딩 302호 (석촌동)",02-423-7495,2,그 외 기타 분류 안된 비금속 광물제품 제조업 외 3종,2023-06-30
웰빙텍스타일,한례숙,"서울특별시 송파구 올림픽로51길 33-1,  지하 (풍납동)",02-482-9910,2,커튼 및 유사제품 제조업,2023-06-30
유토테크,최준규,"서울특별시 송파구 삼학사로 35,  207호 (삼전동)",02-417-9581,02-417-9582,메모리용 전자집적회로 제조업 외 1종,2023-06-30
이노넷주식회사,유호상,"서울특별시 송파구 법원로11길 7, 씨동417,418호(문정동, 현대지식산업센터) (문정동)",02-406-8849,02-3012-8101,기타 무선 통신장비 제조업,2023-06-30
이레씨엔에스(주),김익규,"서울특별시 송파구 가락로42길 15-31,  경남빌딩 202호 (방이동)",02-3431-1298,2,배전반 및 전기 자동제어반 제조업,2023-06-30
이오전자,이충상,"서울특별시 송파구 성내천로12길 10 (오금동, 삼덕빌딩)",02-431-4898,02-431-4897,기타 전기 변환장치 제조업 외 1종,2023-06-30
이즈니코리아(EZNIKOREA),이준희,"서울특별시 송파구 성내천로18길 15, 지층 (거여동)",,,기타 신발 제조업,2023-06-30
이창기업(주),김용원,"서울특별시 송파구 중대로 239,  (지층) (오금동)",02-1600-0138,02-431-3889,구조용 금속 판제품 및 공작물 제조업,2023-06-30
임재산업,최승모,"서울특별시 송파구 동남로17길 11,  지층 (가락동)",,02-2043-0588,"근무복, 작업복 및 유사의복 제조업 외 2종",2023-06-30
자연공간협동조합,이형대,"서울특별시 송파구 오금로31길 27, 상가비동 지하층 1,8,15,16호 (방이동, 코오롱아파트 103동)",02-2202-0425,,기타 목재가구 제조업,2023-06-30
재우패션,이재우,"서울특별시 송파구 마천로 227 (마천동, 보은빌딩)",02-408-7938,02-400-2846,남자용 겉옷 제조업 외 12종,2023-06-30
전주연홍네,김연홍,"서울특별시 송파구 위례성대로2길 28-1,  1층 (방이동)",02-423-4211,02-419-4215,과자류 및 코코아 제품 제조업,2023-06-30
정시스템,정병칠,"서울특별시 송파구 송파대로 167, A동 819호 (문정동)",02-2054-3677,,배전반 및 전기 자동제어반 제조업 외 1종,2023-06-30
정화강구공업사,이종현,서울특별시 송파구 거여동 225-130번지,02-400-2596,02-400-8916,사무 및 회화용품 제조업,2023-06-30
제이앤씨화장품(주),이정원,"서울특별시 송파구 오금로11길 63, 지층, 2층, 3층 (방이동, .)",070-7164-9404,02-420-8956,화장품 제조업,2023-06-30
제일에스앤엘(주),김영종,"서울특별시 송파구 백제고분로11길 6-32,  (지층) (잠실동)",02-420-8925,2,방전램프용 안정기 제조업,2023-06-30
조은창 버티칼,황금단,"서울특별시 송파구 오금로49길 33, 지층1호 (오금동)",02-400-7280,,커튼 및 유사제품 제조업,2023-06-30
주식회사 국제비주얼네트웍,김영배,서울특별시 송파구 오금로 148 (송파동) 301호,02-420-8807,02-420-8806,"광고물 문안, 도안, 설계 등 작성업 외 2종",2023-06-30
주식회사 나우클릭,강찬희,"서울특별시 송파구 중대로 211,  광노빌딩 201호 (가락동)",02-512-7604,02-512-8613,간판 및 광고물 제조업,2023-06-30
주식회사 두화종합식품,남궁용숙,서울특별시 송파구 송파대로20길 22 (문정동),02-443-5295,,두부 및 유사식품 제조업,2023-06-30
주식회사 루원,장보영,"서울특별시 송파구 법원로11길 11, B동 908호 (문정동)",02-400-7696,070-8230-2888,기타 조명장치 제조업,2023-06-30
주식회사 모리트,최예묵,"서울특별시 송파구 충민로 52, 에이동 8층 816,817,818,819,820 (문정동, 가든파이브웍스)",,,"물질 검사, 측정 및 분석기구 제조업 외 7종",2023-06-30
주식회사 미듬,이재민,"서울특별시 송파구 송파대로 167, 문정역테라타워 A동 지하 226 (문정동)",02-2088-7974,050-5333-7974,기타 가정용 전기기기 제조업,2023-06-30
주식회사 미듬 ,이재민,"서울특별시 송파구 송파대로 167, A동 지하226호 (문정동)",,,기타 가정용 전기기기 제조업,2023-06-30
주식회사 미루웨어,이정훈,"서울특별시 송파구 송파대로 167, B동 1201,1202호 (문정동)",02-562-8993,02-562-8994,컴퓨터 제조업 외 2종,2023-06-30
주식회사 브이컴,허윤식,"서울특별시 송파구 법원로9길 26, C동 1109호 (문정동)",02-3432-7134,02-3432-7122,그 외 기타 전기장비 제조업,2023-06-30
주식회사 스마트지오텍,김연희,"서울특별시 송파구 법원로6길 7, 송파유탑테크밸리  803호 (문정동)",070-4610-3721,02-408-3721,"전자기 측정, 시험 및 분석기구 제조업 외 1종",2023-06-30
주식회사 신한이에스,권종휴,"서울특별시 송파구 문정로 19, 204호 (문정동)",02-6949-0255,02-6949-0017,배전반 및 전기 자동제어반 제조업,2023-06-30
주식회사 엔티케이,남상범,"서울특별시 송파구 충민로 52, B동 6층 606 (문정동)",02-404-2244,02-2157-2344,그 외 기타 분류 안된 섬유제품 제조업,2023-06-30
주식회사 우승건축자재,박준기,"서울특별시 송파구 중대로 174, 101호 (가락동, 가락동 주상복합)",02-539-1337,02-539-1338,"탭, 밸브 및 유사장치 제조업",2023-06-30
주식회사 웰밀,강이원,"서울특별시 송파구 문정로4길 32,  지층 (문정동)",02-400-1401,02-400-2567,빵류 제조업,2023-06-30
주식회사 위드넷,장성일,"서울특별시 송파구 중대로10길 25, 2층 (가락동)",02-3012-7755,02-3012-7756,방송장비 제조업,2023-06-30
주식회사 이은씨앤피,임광수,"서울특별시 송파구 오금로59길 3-22,  1층 (거여동)",02-430-9982,,간판 및 광고물 제조업,2023-06-30
주식회사 제이렙,한창엽,"서울특별시 송파구 법원로11길 7, C동 6층 608호 (문정동)",02-2148-6575,02-2148-6579,기타 음향기기 제조업,2023-06-30
주식회사 제일그린시스,박승모,"서울특별시 송파구 양산로 14,  세신거여종합상가 6층 613호 (거여동)",02-430-7877,02-430-7879,"전자기 측정, 시험 및 분석기구 제조업 외 1종",2023-06-30
주식회사 하우징콜,김남수,"서울특별시 송파구 동남로4길 30-1,  3층 (문정동)",02-1577-5804,02-431-5447,그 외 기타 분류 안된 화학제품 제조업 외 2종,2023-06-30
주식회사파워레버,조경래,"서울특별시 송파구 충민로 52, B동 9층 917,918 (문정동, 가든파이브웍스)",02-459-4459,050-5490-4459,배전반 및 전기 자동제어반 제조업,2023-06-30
주원정보통신,김중석,"서울특별시 송파구 거마로5길 4, 203호 (거여동, 풍산빌딩)",02-400-5913,054-017-5915,방송장비 제조업 외 2종,2023-06-30
주홍정보통신(주),신영건,"서울특별시 송파구 중대로 135 (가락동, 아이티벤처타워)",02-2142-3000,02-2142-3100,기타 주변기기 제조업,2023-06-30
중앙일보(주)강남공장,"김교준, 홍정도",서울특별시 송파구 오금로 310 (가락동),02-751-9735,2,신문 발행업,2023-06-30
중원상사,정재필,"서울특별시 송파구 가락로11길 23-11,  (지층) (석촌동)",02-420-1101,2,편조의복 제조업 외 1종,2023-06-30
지디시선산업,강대군,"서울특별시 송파구 충민로 52, 외21필지 A동 2층 214호 (문정동)",02-2047-0488,02-6499-0484,그 외 기타 분류 안된 비금속 광물제품 제조업 외 4종,2023-06-30
지에스컴,최근식,"서울특별시 송파구 거마로 19 (거여동, 흰돌빌딩)",02-431-9294,02-431-9213,기억장치 제조업 외 4종,2023-06-30
지엔네텔(주),고시영,"서울특별시 송파구 성내천로22길 7,  2층 (마천동)",02-2203-3856,02-2203-3859,방송장비 제조업 외 7종,2023-06-30
참좋은공간(space),이대성,"서울특별시 송파구 토성로 19-1,  (지층) (풍납동)",02-485-1409,2,커튼 및 유사제품 제조업,2023-06-30
초롱종합식품,남궁천,서울특별시 송파구 문정로19길 1 (오금동),02-431-1171,02-431-1108,두부 및 유사식품 제조업,2023-06-30
초이스통상,최만섭,서울특별시 송파구 오금로31가길 11 (방이동),02-419-8222,02-417-7105,가방 및 기타 보호용 케이스 제조업,2023-06-30
코렉스,권용웅,"서울특별시 송파구 오금로29길 4-1, 지하층 (방이동, 송파유통)",02-409-6901,,커튼 및 유사제품 제조업,2023-06-30
콜라상회,성연주,"서울특별시 송파구 법원로11길 11, A동 911호(현대지식산업센터) (문정동)",070-8682-0211,02-6214-0288,표구처리업 외 1종,2023-06-30
크로스컴퍼니,권병국,"서울특별시 송파구 성내천로 142,  (지층) (거여동)",053-624-5327,2,"근무복, 작업복 및 유사의복 제조업 외 2종",2023-06-30
킹스엔지니어링(주),안상범,"서울특별시 송파구 법원로 127, 대명벨리온지식산업센터 1306호 (문정동)",02-868-9600,02-868-9339,배전반 및 전기 자동제어반 제조업,2023-06-30
타텍 에스앤에스,강문종,"서울특별시 송파구 백제고분로 471, 302호 (방이동, 상우빌딩)",,,기타 가정용 전기기기 제조업,2023-06-30
태림산업,박기철,"서울특별시 송파구 위례성대로 68 (방이동, 한양빌딩)",02-416-6590,02-416-6591,기타 편조의복 액세서리 제조업,2023-06-30
태진정밀,황종옥,"서울특별시 송파구 거마로 89 (마천동, 대우빌딩)",02-403-7990,02-406-7399,귀금속 및 관련제품 제조업,2023-06-30
태화내장건업(주),김세준,서울특별시 송파구 중대로 200 (가락동),02-404-2304,2,"금속 문, 창, 셔터 및 관련제품 제조업 외 2종",2023-06-30
태흥실업,이운화,서울특별시 송파구 오금로68길 14 (거여동),02-431-0192,02-406-9545,특수 직물 및 기타 직물 직조업,2023-06-30
토탈에어시스템(주),박상진,"서울특별시 송파구 백제고분로44길 23,  지하 (송파동)",02-425-5200,02-425-3003,공기 조화장치 제조업,2023-06-30
트러스트엘이디 주식회사,"김보균, 박세훈","서울특별시 송파구 새말로 105,  3층 (문정동)",02-401-4222,,일반용 전기 조명장치 제조업,2023-06-30
트윈넷프로(주),장경숙,"서울특별시 송파구 삼학사로6길 17, 301호 (석촌동)",02-421-1587,02-424-1590,기타 주변기기 제조업,2023-06-30
티에스티아트앤디자인,오민아,"서울특별시 송파구 백제고분로41길 33, 티에스티빌딩 2층 (송파동)",02-516-2133,02-2179-9137,남자용 겉옷 제조업 외 3종,2023-06-30
파란고릴라,정진용,"서울특별시 송파구 중대로23길 1-40, 1층, 4층 (가락동)",02-422-9236,02-6280-8125,간판 및 광고물 제조업,2023-06-30
프로덕션아이앤지,반기충,"서울특별시 송파구 문정로13길 2, 부광빌딩 B01호 (가락동)",02-404-6631,02-404-6630,그 외 기타 의복액세서리 제조업 외 1종,2023-06-30
피트테크(주),윤형구,"서울특별시 송파구 법원로 127, 608호,609호(문정동, 문정대명벨리온) (문정동)",18007175,070-4032-3668,기타 운동 및 경기용구 제조업,2023-06-30
픽셈핫,최석윤,"서울특별시 송파구 백제고분로40길 13, 2층 (석촌동)",02-417-0503,02-417-0912,경 인쇄업 외 1종,2023-06-30
하늘빛조명,박세훈,"서울특별시 송파구 토성로6길 7,  지층 (풍납동)",02-474-7804,02-474-7844,일반용 전기 조명장치 제조업,2023-06-30
한가람비앤에프 주식회사,천우석,"서울특별시 송파구 송파대로 167, A동 B2층 G212 (문정동)",02-2043-7141,02-2043-7140,기타 식품 첨가물 제조업,2023-06-30
한국상역기업(주),장경환,서울특별시 송파구 성내천로 175 (마천동),02-400-8998,02-581-6471,인형 및 장난감 제조업,2023-06-30
한국점자인쇄,"성홍진,이성균","서울특별시 송파구 토성로19길 7,  풍납빌딩 201호 (풍납동)",02-475-2450,2,기타 인쇄업 외 1종,2023-06-30
한국항공기술개발(주),조성기,"서울특별시 송파구 오금로17길 4,  예인빌딩3층 (방이동)",02-425-4321,2,항공기용 부품 제조업 외 4종,2023-06-30
한설식품,맹양숙,서울특별시 송파구 가락로11길 17 (석촌동),02-420-1360,02-420-1350,그 외 기타 식료품 제조업,2023-06-30
한소리이앤씨(주),전화진,"서울특별시 송파구 충민로 52,  가든파이브웍스 B동 814호 (문정동)",02-451-3000,02-451-3003,방송장비 제조업 외 6종,2023-06-30
한솔식품,서영애,"서울특별시 송파구 풍성로24길 42,  현대2차리버빌(아) 상가2층 (풍납동)",02-484-5787,2,수산식물 가공 및 저장 처리업,2023-06-30
한양식품,김영춘,"서울특별시 송파구 백제고분로46길 35 (송파동, 동림빌딩)",02-422-8321,2,떡류 제조업,2023-06-30
한영전자,박명남,서울특별시 송파구 백제고분로18길 4 (잠실동),02-2202-2178,02-424-9979,"전자코일, 변성기 및 기타 전자 유도자 제조업",2023-06-30
한영전자공업사,김종만,서울특별시 송파구 백제고분로45길 5 (송파동),02-413-9581,02-413-9631,그 외 기타 전자부품 제조업 외 1종,2023-06-30
한주무역(주),임춘호,서울특별시 송파구 백제고분로41길 43-7 (송파동) (총 4 필지) 외 3필지,02-413-5973,,특수 직물 및 기타 직물 직조업,2023-06-30
현대인프라코어(주),김광국,"서울특별시 송파구 법원로 114, B동 10층 1009 (문정동)",02-462-2385,02-462-2384,전기경보 및 신호장치 제조업,2023-06-30
현진실업,최상걸,"서울특별시 송파구 동남로23가길 8-20,  (지층) (오금동)",02-408-9914,2,핸드백 및 지갑 제조업,2023-06-30
현진정밀,이현석,"서울특별시 송파구 충민로 52, A동 6층 603 (문정동, 가든파이브웍스)",02-2147-0123,02-2147-0124,그 외 기타 분류 안된 금속 가공 제품 제조업 외 1종,2023-06-30
호가호가외식,박병일,"서울특별시 송파구 가락로5길 25,  (지층) (석촌동)",02-415-7754,2,도시락류 제조업 외 1종,2023-06-30
호성섬유,박옥준,"서울특별시 송파구 동남로4길 33 (문정동, 호성섬유)",02-443-1226,02-402-7657,남자용 겉옷 제조업,2023-06-30
화산실업,김경환,"서울특별시 송파구 토성로15길 3-3,  지하 (풍납동)",02-487-5083,2,문구용 종이제품 제조업,2023-06-30
화성상사,김승경,"서울특별시 송파구 법원로9길 26, 에이치비지니스파크 D동 1112호 우측호실 (문정동)",02-2687-8647,02-2687-8637,"기타 측정, 시험, 항해, 제어 및 정밀기기 제조업",2023-06-30
화인컴에스이(주),유주훈,"서울특별시 송파구 송파대로 201, A동 1109~1112호(송파테라타워2) (문정동)",02-881-5460,02-881-5466,그 외 기타 달리 분류되지 않은 제품 제조업,2023-06-30
후론티어치과산업,남영희,서울특별시 송파구 마천로33길 3-12 (마천동),02-403-0080,02-401-2782,전기식 진단 및 요법 기기 제조업,2023-06-30
훼밀리프로덕스(주),원덕수,"서울특별시 송파구 백제고분로28길 41,  지층 (삼전동)",02-421-5474,2,그 외 기타 식료품 제조업,2023-06-30
흥림엔지니어링(주),김윤수,"서울특별시 송파구 백제고분로40길 35-7,  일산빌딩 201호 (석촌동)",02-3452-4500,2,배전반 및 전기 자동제어반 제조업,2023-06-30
